# https://github.com/mikedh/trimesh
v -0.21537176 0.12434494 -0.96858317
v -0.20675689 0.11937115 -0.92983985
v -0.26761657 0.15450850 -0.95105654
v -0.31880522 0.18406227 -0.92977649
v -0.30605301 0.17669979 -0.89258540
v -0.25691190 0.14832816 -0.91301423
v 0.46403962 -0.26791340 -0.84432793
v 0.44547802 -0.25719687 -0.81055480
v 0.30605301 -0.17669979 -0.89258540
v 0.21537176 -0.12434494 -0.96858317
v 0.26761657 -0.15450850 -0.95105654
v 0.20675689 -0.11937115 -0.92983985
v 0.25691190 -0.14832816 -0.91301423
v 0.36873567 -0.21288964 -0.90482706
v 0.31880522 -0.18406227 -0.92977649
v 0.41721091 -0.24087684 -0.87630665
v 0.41442743 -0.12094369 -0.89092183
v 0.42530271 -0.12531003 -0.88479233
v 0.42518809 -0.12525730 -0.88485831
v 0.43773603 -0.13014473 -0.87773544
v 0.35398626 -0.20437406 -0.86863399
v 0.40052247 -0.23124176 -0.84125441
v 0.45538053 -0.15726191 -0.86355126
v 0.46563110 -0.16139412 -0.85677201
v 0.45028454 -0.14941388 -0.86765116
v -0.09043951 0.05221528 -0.99276638
v -0.05437819 0.03139526 -0.99802673
v -0.05220306 0.03013945 -0.95810568
v 0.05437819 -0.03139526 -0.99802673
v 0.05458402 -0.03151410 -0.95784575
v 0.05220306 -0.03013945 -0.95810568
v 0.10854176 -0.06266662 -0.99211472
v 0.13496017 -0.07791929 -0.96845233
v 0.10420009 -0.06015995 -0.95243013
v 0.00000000 -0.00000000 -1.00000000
v -0.00000000 0.00000000 -0.95999998
v 0.01284276 0.05314601 -0.99406523
v 0.03355667 0.03938372 -0.99447131
v 0.02776824 0.04181695 -0.99463791
v 0.02500000 0.04330127 -0.99466664
v 0.03179939 0.04005827 -0.99456006
v 0.03062422 0.04050938 -0.99458826
v 0.01732897 0.04875279 -0.99441856
v 0.02184765 0.04529957 -0.99467182
v 0.02233042 0.04495648 -0.99467432
v 0.01977004 0.04677605 -0.99456716
v 0.01501683 0.05087890 -0.99425107
v 0.03655401 0.03844441 -0.99430454
v 0.03960441 0.03769516 -0.99411958
v 0.04269585 0.03713892 -0.99391723
v 0.04581611 0.03677790 -0.99369836
v 0.04895288 0.03661351 -0.99346370
v 0.05209378 0.03664640 -0.99321425
v 0.05522642 0.03687644 -0.99295104
v 0.01284276 0.05314601 -0.95951444
v 0.03355667 0.03938372 -0.95970559
v 0.02776824 0.04181695 -0.95990133
v 0.02500000 0.04330127 -0.95999998
v 0.03062422 0.04050938 -0.95980304
v 0.01732897 0.04875279 -0.95970559
v 0.02233042 0.04495648 -0.95990133
v 0.01977004 0.04677605 -0.95980304
v 0.01501683 0.05087890 -0.95960921
v 0.03655401 0.03844441 -0.95960921
v 0.03960441 0.03769516 -0.95951444
v 0.04269585 0.03713892 -0.95942158
v 0.04581611 0.03677790 -0.95933098
v 0.04895288 0.03661351 -0.95924300
v 0.05209378 0.03664640 -0.95915806
v 0.05522642 0.03687644 -0.95907640
v 0.05833844 0.03730274 -0.99267501
v 0.06141754 0.03792360 -0.99238729
v 0.06445159 0.03873657 -0.99208903
v 0.06742860 0.03973844 -0.99178135
v 0.07033683 0.04092527 -0.99146557
v 0.07316480 0.04229236 -0.99114287
v 0.07590135 0.04383433 -0.99081451
v 0.07853568 0.04554508 -0.99048179
v 0.08105739 0.04741787 -0.99014604
v 0.08345653 0.04944530 -0.98980862
v 0.08572363 0.05161937 -0.98947084
v 0.05833844 0.03730274 -0.95899838
v 0.06141754 0.03792360 -0.95892435
v 0.06445159 0.03873657 -0.95885456
v 0.06742860 0.03973844 -0.95878929
v 0.07033683 0.04092527 -0.95872879
v 0.07316480 0.04229236 -0.95867330
v 0.07590135 0.04383433 -0.95862305
v 0.07853568 0.04554508 -0.95857823
v 0.08105739 0.04741787 -0.95853901
v 0.08345653 0.04944530 -0.95850557
v 0.08572363 0.05161937 -0.95847803
v -0.15578590 0.08994303 -0.94299579
v -0.16227698 0.09369066 -0.98228723
v -0.10854176 0.06266662 -0.99211472
v -0.10420009 0.06015995 -0.95243013
v 0.01081533 0.05554515 -0.99386179
v 0.00894254 0.05806686 -0.99364161
v 0.00723179 0.06070119 -0.99340546
v 0.00313590 0.06917394 -0.99261129
v 0.00213403 0.07215095 -0.99232143
v 0.00568982 0.06343774 -0.99315435
v 0.00432273 0.06626571 -0.99288929
v 0.00132105 0.07518499 -0.99202085
v 0.00070020 0.07826410 -0.99171072
v 0.00027391 0.08137612 -0.99139237
v 0.00004386 0.08450875 -0.99106699
v 0.00001097 0.08764966 -0.99073583
v 0.01081533 0.05554515 -0.95942158
v 0.00894254 0.05806686 -0.95933098
v 0.00723179 0.06070119 -0.95924300
v 0.00313590 0.06917394 -0.95899838
v 0.00213403 0.07215095 -0.95892435
v 0.00568982 0.06343774 -0.95915806
v 0.00432273 0.06626571 -0.95907640
v 0.00132105 0.07518499 -0.95885456
v 0.00070020 0.07826410 -0.95878929
v 0.00027391 0.08137612 -0.95872879
v 0.00004386 0.08450875 -0.95867330
v 0.00001097 0.08764966 -0.95862305
v 0.00017536 0.09078643 -0.99040020
v 0.00053638 0.09390669 -0.99006152
v 0.00109262 0.09699813 -0.98972100
v 0.00241240 0.10186910 -0.98917353
v 0.00184187 0.10004853 -0.98938006
v 0.00278118 0.10304587 -0.98902726
v 0.00390684 0.10597832 -0.98866224
v 0.00521441 0.10883430 -0.98830616
v 0.00669873 0.11160254 -0.98796046
v 0.00835394 0.11427212 -0.98762643
v 0.01017350 0.11683249 -0.98730546
v 0.01215025 0.11927357 -0.98699874
v 0.01427637 0.12158570 -0.98670757
v 0.01654347 0.12375978 -0.98643309
v 0.01894261 0.12578721 -0.98617631
v 0.02146432 0.12766001 -0.98593831
v 0.00017536 0.09078643 -0.95857823
v 0.00053638 0.09390669 -0.95853901
v 0.00109262 0.09699813 -0.95850557
v 0.00184187 0.10004853 -0.95847803
v 0.00278118 0.10304587 -0.95845652
v 0.00390684 0.10597832 -0.95844108
v 0.00521441 0.10883430 -0.95843178
v 0.00669873 0.11160254 -0.95842868
v 0.00835394 0.11427212 -0.95843178
v 0.01017350 0.11683249 -0.95844108
v 0.01215025 0.11927357 -0.95845652
v 0.01427637 0.12158570 -0.95847803
v 0.01654347 0.12375978 -0.95850557
v 0.01894261 0.12578721 -0.95853901
v 0.02146432 0.12766001 -0.95857823
v 0.08784975 0.05393151 -0.98913395
v 0.08982649 0.05637258 -0.98879939
v 0.09164606 0.05893296 -0.98846847
v 0.09330127 0.06160254 -0.98814243
v 0.09478559 0.06437078 -0.98782259
v 0.09609316 0.06722676 -0.98751020
v 0.09721882 0.07015921 -0.98720652
v 0.09815813 0.07315655 -0.98691273
v 0.09890738 0.07620695 -0.98663002
v 0.09946362 0.07929839 -0.98635942
v 0.09982464 0.08241865 -0.98610210
v 0.09998903 0.08555542 -0.98585904
v 0.09995614 0.08869632 -0.98563117
v 0.08784975 0.05393151 -0.95845652
v 0.08982649 0.05637258 -0.95844108
v 0.09164606 0.05893296 -0.95843178
v 0.09330127 0.06160254 -0.95842868
v 0.09478559 0.06437078 -0.95843178
v 0.09609316 0.06722676 -0.95844108
v 0.09721882 0.07015921 -0.95845652
v 0.09815813 0.07315655 -0.95847803
v 0.09890738 0.07620695 -0.95850557
v 0.09946362 0.07929839 -0.95853901
v 0.09982464 0.08241865 -0.95857823
v 0.09998903 0.08555542 -0.95862305
v 0.09995614 0.08869632 -0.95867330
v 0.09786598 0.10105413 -0.98488891
v 0.09686410 0.10403115 -0.98474926
v 0.09567727 0.10693938 -0.98462921
v 0.09431018 0.10976734 -0.98452926
v 0.09276821 0.11250389 -0.98444974
v 0.09121159 0.11490089 -0.98439634
v 0.09105746 0.11513822 -0.98438412
v 0.08918467 0.11765993 -0.98426777
v 0.08715724 0.12005907 -0.98417139
v 0.08498317 0.12232617 -0.98409539
v 0.08022995 0.12642904 -0.98400569
v 0.08267103 0.12445229 -0.98404008
v 0.09972610 0.09182896 -0.98541945
v 0.09929980 0.09494098 -0.98522466
v 0.09867895 0.09802008 -0.98504758
v 0.09786598 0.10105413 -0.95892435
v 0.09686410 0.10403115 -0.95899838
v 0.09567727 0.10693938 -0.95907640
v 0.09431018 0.10976734 -0.95915806
v 0.09276821 0.11250389 -0.95924300
v 0.09105746 0.11513822 -0.95933098
v 0.08918467 0.11765993 -0.95942158
v 0.08715724 0.12005907 -0.95951444
v 0.08498317 0.12232617 -0.95960921
v 0.08022995 0.12642904 -0.95980304
v 0.08267103 0.12445229 -0.95970559
v 0.09972610 0.09182896 -0.95872879
v 0.09929980 0.09494098 -0.95878929
v 0.09867895 0.09802008 -0.95885456
v 0.02409865 0.12937075 -0.98571998
v 0.02496994 0.12986170 -0.98565698
v 0.02683520 0.13091272 -0.98549980
v 0.02966317 0.13227981 -0.98528534
v 0.03257140 0.13346665 -0.98508799
v 0.03554841 0.13446851 -0.98490846
v 0.03858246 0.13528149 -0.98474747
v 0.04166156 0.13590235 -0.98460567
v 0.04477358 0.13632864 -0.98448366
v 0.04790622 0.13655868 -0.98438185
v 0.05104712 0.13659157 -0.98430073
v 0.05418389 0.13642718 -0.98424053
v 0.02409865 0.12937075 -0.95862305
v 0.02683520 0.13091272 -0.95867330
v 0.02966317 0.13227981 -0.95872879
v 0.03257140 0.13346665 -0.95878929
v 0.03554841 0.13446851 -0.95885456
v 0.03858246 0.13528149 -0.95892435
v 0.04166156 0.13590235 -0.95899838
v 0.04477358 0.13632864 -0.95907640
v 0.04790622 0.13655868 -0.95915806
v 0.05104712 0.13659157 -0.95924300
v 0.05418389 0.13642718 -0.95933098
v -0.02397846 0.18338153 -0.97744018
v 0.05730415 0.13606615 -0.98420149
v 0.06039558 0.13550992 -0.98418379
v 0.06479082 0.13433923 -0.98419881
v 0.06644333 0.13382135 -0.98414874
v 0.06344599 0.13476066 -0.98418754
v 0.07500000 0.12990381 -0.98399997
v 0.07223176 0.13138813 -0.98402870
v 0.06937578 0.13269570 -0.98407835
v 0.07766958 0.12824860 -0.98399228
v 0.10487285 0.15384035 -0.98011494
v 0.12291717 0.15383866 -0.97904599
v 0.12259920 0.15444043 -0.97902679
v 0.13805936 0.15298140 -0.97791797
v 0.05730415 0.13606615 -0.95942158
v 0.06039558 0.13550992 -0.95951444
v 0.06644333 0.13382135 -0.95970559
v 0.06344599 0.13476066 -0.95960921
v 0.07500000 0.12990381 -0.95999998
v 0.07223176 0.13138813 -0.95990133
v 0.06937578 0.13269570 -0.95980304
v 0.07766958 0.12824860 -0.95990133
v 0.05655647 0.19027780 -0.97811377
v 0.08078237 0.19732939 -0.97714573
v 0.08069285 0.19901061 -0.97697026
v 0.09653164 0.20015161 -0.97645789
v 0.10000000 0.17320508 -0.95999998
v 0.13949886 0.15040040 -0.92808342
v 0.13243110 0.15448098 -0.92844617
v 0.13715462 0.15175386 -0.92827481
v 0.13827179 0.15412657 -0.92801541
v 0.12677114 0.15774876 -0.92873669
v 0.08925671 0.17940772 -0.92892212
v 0.07534506 0.18743962 -0.92841733
v 0.06730144 0.19208360 -0.92786467
v 0.06390768 0.19404300 -0.92769045
v 0.06131865 0.19553776 -0.92745364
v 0.08399043 0.19637819 -0.92726427
v 0.08391624 0.19807656 -0.92708725
v 0.10385449 0.17097969 -0.92882919
v 0.11374696 0.16526827 -0.92902750
v 0.09902353 0.19903921 -0.92661572
v 0.16227698 -0.09369066 -0.98228723
v 0.15578590 -0.08994303 -0.94299579
v 0.28569564 -0.00580520 -0.95155931
v 0.29827988 -0.01020584 -0.94766492
v 0.29845247 -0.01032111 -0.94760633
v 0.24130256 0.03399540 -0.96436876
v 0.25478604 0.02975863 -0.96118999
v 0.25458449 0.02991332 -0.96124262
v 0.26863274 0.02528099 -0.95767134
v 0.38389587 -0.08799304 -0.90933031
v 0.38376552 -0.08792493 -0.90939480
v 0.37240276 -0.08346047 -0.91477048
v 0.34155288 -0.04961666 -0.93029630
v 0.34140357 -0.04952858 -0.93035847
v 0.32944241 -0.04502221 -0.93500745
v 0.35473987 -0.05458198 -0.92499328
v 0.39672500 -0.09295287 -0.90314096
v 0.46201953 -0.06648058 -0.87892795
v 0.42629921 -0.02435424 -0.90267265
v 0.43691200 -0.03041041 -0.89733541
v 0.43679398 -0.03032328 -0.89739954
v 0.44874460 -0.03706256 -0.89126539
v 0.31197268 -0.01514197 -0.94319773
v 0.38984445 0.01889633 -0.92287683
v 0.35691190 0.02487692 -0.91301423
v 0.37710202 0.05022585 -0.93130207
v 0.33052281 0.04011267 -0.89226496
v 0.35213673 0.02763387 -0.88473201
v 0.38231134 0.03243546 -0.87531722
v 0.40103582 0.01268875 -0.91826409
v 0.40090200 0.01279846 -0.91832620
v 0.41320539 0.00597633 -0.91307122
v 0.40605301 -0.00349470 -0.89258540
v 0.47207031 -0.07228588 -0.87290555
v 0.47196555 -0.07221624 -0.87297100
v 0.45398626 -0.03116898 -0.86863399
v 0.43782052 -0.02183570 -0.84532958
v 0.43819302 -0.02100751 -0.84532768
v 0.43883729 -0.02242272 -0.84472710
v 0.47400692 -0.04272792 -0.82556194
v 0.45981202 -0.03453248 -0.83395082
v 0.37909248 0.01207096 -0.87363964
v 0.42697895 -0.01449305 -0.85109955
v 0.42686567 -0.01440099 -0.85116261
v 0.42619714 -0.01512492 -0.85130459
v 0.41684797 -0.00853981 -0.85617650
v 0.39592186 0.00235451 -0.86641687
v 0.40451339 0.01982164 -0.86600333
v 0.39285013 0.02647917 -0.87099785
v 0.39297903 0.02636451 -0.87093663
v 0.21076806 0.07050329 -0.97098958
v 0.21053006 0.07072067 -0.97103208
v 0.19637820 0.07414556 -0.97339731
v 0.18126966 0.10907102 -0.97512370
v 0.15096742 0.11431327 -0.97863239
v 0.16666663 0.11183836 -0.97695756
v 0.16638429 0.11217068 -0.97698116
v 0.20420009 0.11304513 -0.95243013
v 0.22496127 0.06665392 -0.96833891
v 0.25578591 0.08326205 -0.94299579
v 0.21199812 0.10854294 -0.92126620
v 0.25992355 0.08087318 -0.91230273
v 0.30675688 0.05383394 -0.92983985
v 0.28075179 0.06884798 -0.90712255
v 0.30671981 0.05385535 -0.90008098
v 0.23003632 0.09812858 -0.91816968
v 0.15220305 0.14306563 -0.95810568
v 0.30401111 0.14195605 -0.95672327
v 0.27720702 0.15337352 -0.96158218
v 0.29072523 0.14774662 -0.95927566
v 0.29052335 0.14799780 -0.95931971
v 0.23878109 0.19891299 -0.96704942
v 0.25373831 0.19422527 -0.96549606
v 0.25351009 0.19459724 -0.96552294
v 0.26757446 0.18942173 -0.96377015
v 0.16319101 0.13672173 -0.92686743
v 0.17862748 0.12780948 -0.92537874
v 0.27558503 0.15987365 -0.91198587
v 0.28845564 0.15440959 -0.90980589
v 0.28826016 0.15466656 -0.90984923
v 0.30106810 0.14880690 -0.90738791
v 0.25342536 0.19848527 -0.91569930
v 0.25320482 0.19886398 -0.91572547
v 0.26657310 0.19383809 -0.91406709
v 0.35277635 0.06307947 -0.93946618
v 0.31520420 0.10798626 -0.95238173
v 0.32776207 0.10191878 -0.94929773
v 0.32758668 0.10210229 -0.94935113
v 0.34062675 0.09557399 -0.94587684
v 0.36459655 0.05685098 -0.93560821
v 0.36444381 0.05699108 -0.93566704
v 0.34719014 0.07429962 -0.89103401
v 0.35844737 0.06823108 -0.88737559
v 0.35829985 0.06837624 -0.88743353
v 0.37030402 0.06179571 -0.88328815
v 0.33574820 0.10481030 -0.89710575
v 0.31158927 0.11685538 -0.90327024
v 0.32337475 0.11114702 -0.90040261
v 0.32354447 0.11095820 -0.90035003
v 0.47000214 0.06636117 -0.90793055
v 0.46988702 0.06648970 -0.90799320
v 0.45995283 0.07400433 -0.91248232
v 0.43010402 0.12203788 -0.92924851
v 0.45199737 0.10604920 -0.92120045
v 0.44075203 0.11427947 -0.92544603
v 0.44062281 0.11444090 -0.92550576
v 0.43688086 0.12723377 -0.87737405
v 0.43675742 0.12739940 -0.87743318
v 0.41128981 0.16319509 -0.93938214
v 0.41114476 0.16340292 -0.93943709
v 0.39990947 0.17090942 -0.94241309
v 0.42291826 0.15517841 -0.93601626
v 0.42677236 0.13474567 -0.88097852
v 0.39819002 0.18101525 -0.89343905
v 0.40899381 0.17356250 -0.89056998
v 0.40885505 0.17377472 -0.89062428
v 0.41999459 0.16584153 -0.88737869
v 0.46457073 0.08185121 -0.86078823
v 0.46446109 0.08198385 -0.86085016
v 0.45502666 0.08927526 -0.86510897
v 0.47487712 0.07385790 -0.85592282
v 0.44750914 0.11929142 -0.87334549
v 0.70062929 -0.40450850 -0.58778524
v 0.70907664 -0.40938559 -0.56138164
v 0.70196104 -0.40527740 -0.51439375
v 0.73120946 -0.42216396 -0.53582680
v 0.73368526 -0.39175311 -0.51717287
v 0.71559304 -0.41314784 -0.48777741
v 0.75890386 -0.43815333 -0.48175368
v 0.74507660 -0.40159079 -0.49299920
v 0.74587101 -0.40200001 -0.49108416
v 0.74894512 -0.40446979 -0.48374003
v 0.72854769 -0.42062721 -0.46248353
v 0.75614583 -0.40998405 -0.46620277
v 0.76720196 -0.41977772 -0.43939564
v 0.75840145 -0.39256236 -0.45589110
v 0.74954796 -0.43275172 -0.41489217
v 0.75225908 -0.43431699 -0.40874812
v 0.75636327 -0.43668652 -0.40916592
v 0.78360319 -0.45241353 -0.42577928
v 0.77944010 -0.45000994 -0.42695564
v 0.79108387 -0.45673251 -0.38077703
v 0.78430563 -0.43351844 -0.39111176
v 0.78684121 -0.43576327 -0.38403752
v 0.76790464 -0.42021874 -0.43736082
v 0.76708752 -0.40144646 -0.43215364
v 0.76775765 -0.40186077 -0.43020961
v 0.77643436 -0.42654780 -0.41306436
v 0.77028638 -0.40464187 -0.42250365
v 0.77614027 -0.39295352 -0.40874812
v 0.77656943 -0.41083714 -0.40269396
v 0.78513992 -0.41938218 -0.37539372
v 0.78455168 -0.41897577 -0.37745115
v 0.78360671 -0.40301782 -0.38217717
v 0.80521005 -0.46488824 -0.36812454
v 0.79216719 -0.43964559 -0.36597484
v 0.77300167 -0.44629270 -0.35339957
v 0.79482174 -0.44160408 -0.35699388
v 0.80164903 -0.44741902 -0.33461750
v 0.80376345 -0.44919968 -0.32754806
v 0.79989982 -0.43394309 -0.32112473
v 0.80042106 -0.43432379 -0.31894752
v 0.78739589 -0.42176914 -0.36742595
v 0.79289645 -0.42705971 -0.34706083
v 0.79132640 -0.41455334 -0.35339957
v 0.79299879 -0.41611341 -0.34721002
v 0.79900962 -0.42334172 -0.32271242
v 0.80814689 -0.45240119 -0.30952018
v 0.79069352 -0.45650712 -0.29665631
v 0.80241072 -0.43635637 -0.31076139
v 0.80887425 -0.44222140 -0.28199476
v 0.80506456 -0.43161580 -0.29665631
v 0.80784202 -0.43401107 -0.28425473
v 0.82363909 -0.47552827 -0.30901700
v 0.81087971 -0.45462474 -0.29868439
v 0.81671172 -0.45947316 -0.27574298
v 0.81850451 -0.46095511 -0.26857853
v 0.82073051 -0.46264508 -0.25769961
v 0.81528944 -0.44830614 -0.25268865
v 0.81306970 -0.44623655 -0.26338947
v 0.81356716 -0.44663951 -0.26095542
v 0.81231111 -0.43863267 -0.26297921
v 0.80526489 -0.46491992 -0.23874229
v 0.83881760 -0.48429158 -0.24868989
v 0.82482857 -0.46576777 -0.23703517
v 0.83061230 -0.47028446 -0.20821272
v 0.83106792 -0.47062042 -0.20559914
v 0.83253747 -0.47170460 -0.19717196
v 0.85068572 -0.49114361 -0.18738131
v 0.81665826 -0.47149789 -0.17988606
v 0.83464575 -0.47313592 -0.18293607
v 0.83684564 -0.47458103 -0.16724463
v 0.84109640 -0.47737509 -0.13693257
v 0.85919654 -0.49605736 -0.12533323
v 0.82272035 -0.46412346 -0.24754812
v 0.82037961 -0.45221066 -0.22410619
v 0.81994933 -0.44689104 -0.22217774
v 0.81699568 -0.44460160 -0.23874229
v 0.82387900 -0.45550567 -0.20498782
v 0.82592249 -0.45738119 -0.19358526
v 0.82330894 -0.44960782 -0.20308411
v 0.82788485 -0.45870757 -0.18030521
v 0.82788277 -0.45870602 -0.18031898
v 0.82702392 -0.45354405 -0.17988606
v 0.82706487 -0.45356417 -0.17959876
v 0.82993597 -0.45985359 -0.16464928
v 0.83191305 -0.45669183 -0.14321578
v 0.83395779 -0.46270764 -0.13485393
v 0.82482868 -0.47621506 -0.12031990
v 0.84290791 -0.47847557 -0.12245283
v 0.84290814 -0.47847569 -0.12245040
v 0.84438813 -0.47923270 -0.10815263
v 0.84533823 -0.47956118 -0.09624478
v 0.84680766 -0.48003006 -0.07715113
v 0.86431652 -0.49901336 -0.06279052
v 0.82974386 -0.47905284 -0.06027890
v 0.84121662 -0.46588752 -0.06078107
v 0.84229249 -0.46627650 -0.04741855
v 0.84914798 -0.48077881 -0.04675468
v 0.84960866 -0.48077089 -0.03808027
v 0.84974676 -0.48076880 -0.03548150
v 0.84271365 -0.46597382 -0.03895159
v 0.84285897 -0.46587944 -0.03605457
v 0.85040325 -0.47969899 -0.00474865
v 0.86602539 -0.50000000 -0.00000000
v 0.83572233 -0.46378177 -0.12076160
v 0.83572257 -0.46378183 -0.12075923
v 0.83485001 -0.45884266 -0.12036692
v 0.83485544 -0.45884818 -0.12031990
v 0.83716094 -0.46451342 -0.10683680
v 0.83711106 -0.45932007 -0.09715901
v 0.83978945 -0.46506310 -0.07631294
v 0.84035498 -0.46059859 -0.06067677
v 0.84038806 -0.46061653 -0.06027890
v 0.84200174 -0.45933563 -0.03618864
v 0.84368998 -0.46486413 -0.01607733
v 0.84303308 -0.45881876 -0.01599174
v 0.55202538 -0.31871200 -0.77051324
v 0.50903696 -0.29389262 -0.80901700
v 0.48867548 -0.28213692 -0.77665633
v 0.56432104 -0.24786197 -0.76886314
v 0.56573534 -0.24938719 -0.76732457
v 0.57060659 -0.25563747 -0.76174074
v 0.49533418 -0.19150034 -0.83281249
v 0.51608706 -0.20094529 -0.81667221
v 0.49019897 -0.18382856 -0.83753526
v 0.52736926 -0.21560946 -0.80539340
v 0.53379279 -0.22434357 -0.79882807
v 0.52874291 -0.21731834 -0.80403113
v 0.55314213 -0.23443460 -0.78121543
v 0.59574044 -0.21833360 -0.75083756
v 0.59073526 -0.20973471 -0.75797516
v 0.59184742 -0.21142329 -0.75648254
v 0.56404352 -0.18312128 -0.78755629
v 0.55905581 -0.17359284 -0.79414850
v 0.56009609 -0.17542802 -0.79283124
v 0.58186054 -0.19507141 -0.77024704
v 0.47759196 -0.16603778 -0.84888411
v 0.53101093 -0.14612377 -0.82123053
v 0.52708048 -0.13800223 -0.82597750
v 0.49687997 -0.10730132 -0.85173166
v 0.50636458 -0.11277799 -0.84507149
v 0.50627106 -0.11272232 -0.84513772
v 0.51745564 -0.11897030 -0.83731329
v 0.57162601 -0.09699647 -0.81565553
v 0.55027092 -0.15774426 -0.80537313
v 0.59871125 -0.13748886 -0.78274125
v 0.61755973 -0.15923673 -0.76033390
v 0.60146219 -0.14562602 -0.77738398
v 0.59183288 -0.11900318 -0.79523647
v 0.57432616 -0.10538621 -0.81086236
v 0.58240700 -0.11168981 -0.80364281
v 0.58867550 -0.10893184 -0.77665633
v 0.57605726 -0.10164671 -0.75319886
v 0.65975374 -0.12815088 -0.75150204
v 0.64399272 -0.10489552 -0.77372813
v 0.64554453 -0.11309844 -0.76833516
v 0.55804271 -0.32218608 -0.71108848
v 0.59283519 -0.34227356 -0.72896862
v 0.56912178 -0.32858261 -0.69980991
v 0.63130534 -0.36448431 -0.68454713
v 0.60605311 -0.34990495 -0.65716523
v 0.60151565 -0.34728521 -0.66240466
v 0.52994436 -0.30596352 -0.73969269
v 0.60562420 -0.28524840 -0.72170871
v 0.62238091 -0.29617164 -0.70116514
v 0.58862334 -0.26621464 -0.74266219
v 0.59956223 -0.27839571 -0.72932762
v 0.60097426 -0.27971080 -0.72763717
v 0.62103635 -0.24391665 -0.71885598
v 0.64114600 -0.26377359 -0.69107497
v 0.62597573 -0.25161049 -0.71122807
v 0.62218952 -0.24543291 -0.71720350
v 0.63429809 -0.30817515 -0.68515682
v 0.63869750 -0.31306460 -0.67890245
v 0.63293982 -0.30709335 -0.68695909
v 0.66728407 -0.38525662 -0.63742399
v 0.65427154 -0.32419288 -0.65688998
v 0.66968757 -0.33899739 -0.63350040
v 0.66430956 -0.33385310 -0.64194024
v 0.66556019 -0.33469155 -0.64007825
v 0.65462363 -0.28282142 -0.66889358
v 0.67698199 -0.30587882 -0.63246125
v 0.67809737 -0.30698159 -0.63058364
v 0.66858476 -0.29489353 -0.64734495
v 0.64982724 -0.27600440 -0.67695862
v 0.65098298 -0.27732271 -0.67517424
v 0.67644352 -0.25390434 -0.65969056
v 0.67366052 -0.24792178 -0.66602880
v 0.67275995 -0.24643275 -0.66778558
v 0.68880534 -0.26675326 -0.63855988
v 0.64059269 -0.36984634 -0.61192703
v 0.66183841 -0.38211259 -0.61723691
v 0.64805299 -0.37415358 -0.60082138
v 0.69353998 -0.35859066 -0.59445894
v 0.67260408 -0.38832816 -0.56427383
v 0.69463664 -0.35919657 -0.59259212
v 0.69847238 -0.36297911 -0.58568281
v 0.68415672 -0.35016963 -0.61001623
v 0.69439203 -0.32369599 -0.60108447
v 0.70668334 -0.33862978 -0.57674891
v 0.70238346 -0.33343792 -0.58554822
v 0.70341706 -0.33432329 -0.58362031
v 0.71190256 -0.37400025 -0.56073779
v 0.72491455 -0.38474980 -0.53572565
v 0.72051603 -0.38123828 -0.54470247
v 0.72143066 -0.38164538 -0.54287481
v 0.72592634 -0.35859710 -0.53640521
v 0.71845144 -0.35006702 -0.55248469
v 0.72684664 -0.35928339 -0.53446358
v 0.74065143 -0.37390259 -0.50175017
v 0.72989100 -0.36306891 -0.52729166
v 0.73033690 -0.32601649 -0.54482996
v 0.73723274 -0.33651999 -0.52669585
v 0.73970383 -0.34071395 -0.51955390
v 0.73640257 -0.33557835 -0.52871883
v 0.75459367 -0.31886360 -0.51250184
v 0.68156296 -0.31185722 -0.62400806
v 0.69625175 -0.28003180 -0.62185293
v 0.69895935 -0.28537205 -0.61524260
v 0.71658713 -0.30846965 -0.57731134
v 0.71747190 -0.30959189 -0.57534868
v 0.72007412 -0.31433693 -0.56847233
v 0.71023411 -0.29771113 -0.59282804
v 0.69534218 -0.27872160 -0.62372816
v 0.72001934 -0.25492233 -0.61395234
v 0.71936339 -0.25347564 -0.61580914
v 0.72189063 -0.26060185 -0.60727453
v 0.73622978 -0.28474444 -0.56982642
v 0.73690063 -0.28603894 -0.56785411
v 0.73168659 -0.27331716 -0.58532280
v 0.76119155 -0.26334766 -0.56314933
v 0.75854826 -0.25162250 -0.57862163
v 0.74766088 -0.30292970 -0.53785926
v 0.73875988 -0.29111591 -0.56093317
v 0.77031988 -0.28190905 -0.53163630
v 0.75211698 -0.31320703 -0.52173066
v 0.75277686 -0.31434986 -0.51966035
v 0.77458042 -0.29854637 -0.50620478
v 0.77304649 -0.29255125 -0.51550686
v 0.77348083 -0.29382133 -0.51342243
v 0.79948705 -0.28081274 -0.50070870
v 0.76160878 -0.26473773 -0.56119037
v 0.76266557 -0.27002186 -0.55419046
v 0.79114789 -0.24535441 -0.55731106
v 0.79129815 -0.24676125 -0.55538577
v 0.79151601 -0.25211319 -0.54827935
v 0.79800302 -0.26404071 -0.52619970
v 0.79914641 -0.27600095 -0.50802118
v 0.79896402 -0.27468562 -0.51008910
v 0.61219615 -0.23045747 -0.73209715
v 0.64236438 -0.19738173 -0.72248244
v 0.62759376 -0.18389718 -0.74092710
v 0.62477958 -0.17649439 -0.74665719
v 0.62398911 -0.17471313 -0.74810511
v 0.62994432 -0.13275844 -0.73969269
v 0.62880313 -0.13209954 -0.70669466
v 0.58402377 -0.10624617 -0.74585301
v 0.59381866 -0.11190126 -0.73816383
v 0.60502774 -0.11837281 -0.72810990
v 0.64979970 -0.21336661 -0.70769119
v 0.64894038 -0.21171908 -0.70930260
v 0.65262151 -0.22003792 -0.70164204
v 0.68300384 -0.18297322 -0.70071340
v 0.68355405 -0.18467993 -0.69914556
v 0.68533587 -0.19168013 -0.69300014
v 0.66614825 -0.23326634 -0.68183666
v 0.70220917 -0.22109650 -0.65777659
v 0.70159435 -0.21950984 -0.65949744
v 0.70405698 -0.22741804 -0.65135390
v 0.71482849 -0.24089864 -0.63059980
v 0.69716531 -0.20580448 -0.67350316
v 0.70605314 -0.17669986 -0.65716523
v 0.69658130 -0.17123131 -0.63269520
v 0.73376971 -0.18251447 -0.66610152
v 0.73630226 -0.19796678 -0.65044916
v 0.73716265 -0.20446683 -0.64392048
v 0.73598248 -0.19635594 -0.65212709
v 0.77540749 -0.17961019 -0.64405137
v 0.77537286 -0.17804338 -0.64568037
v 0.77525681 -0.18611768 -0.63740075
v 0.66580600 -0.15352279 -0.73204666
v 0.66414207 -0.14581235 -0.73788184
v 0.66367567 -0.14400767 -0.73928624
v 0.67877853 -0.16817337 -0.71385807
v 0.66912180 -0.15537754 -0.69980991
v 0.64608902 -0.14207958 -0.68887490
v 0.72299343 -0.16051382 -0.69158578
v 0.72274917 -0.15881698 -0.69310790
v 0.72088307 -0.14397047 -0.70623654
v 0.70980877 -0.12835981 -0.72420633
v 0.70931727 -0.12057810 -0.73014325
v 0.70772296 -0.10299692 -0.74374110
v 0.65606242 -0.12283667 -0.69411397
v 0.65455025 -0.11541606 -0.69974065
v 0.65109235 -0.09858418 -0.71251661
v 0.75941181 -0.10196193 -0.72335851
v 0.76792425 -0.12582780 -0.69960153
v 0.75883257 -0.10947590 -0.71738684
v 0.66062886 -0.15047415 -0.67387515
v 0.67163998 -0.15683140 -0.66089684
v 0.67293686 -0.15202354 -0.66318464
v 0.67481256 -0.15866309 -0.65723187
v 0.67432255 -0.15838020 -0.65771300
v 0.66924274 -0.13618147 -0.67695469
v 0.72368866 -0.16766426 -0.68532634
v 0.71819335 -0.13313636 -0.64998162
v 0.72287518 -0.13935010 -0.64181083
v 0.66199607 -0.12896544 -0.68631387
v 0.70535749 -0.09574449 -0.68680865
v 0.71028018 -0.10246444 -0.67913210
v 0.71031946 -0.10252023 -0.67906904
v 0.71641243 -0.11050066 -0.66978443
v 0.71765113 -0.12619700 -0.65605092
v 0.76745391 -0.14194450 -0.68500316
v 0.76704752 -0.14905834 -0.67861694
v 0.76749700 -0.14031957 -0.68647736
v 0.77533382 -0.16445881 -0.65963078
v 0.72871923 -0.14675282 -0.63190293
v 0.76739103 -0.11332248 -0.64393961
v 0.77579618 -0.12794958 -0.62597406
v 0.77111787 -0.11999877 -0.63581282
v 0.77109081 -0.11994759 -0.63587457
v 0.70534790 -0.17629269 -0.62281030
v 0.72040749 -0.18498737 -0.60330480
v 0.75017422 -0.23862705 -0.60015231
v 0.74919552 -0.23275056 -0.60692483
v 0.74881697 -0.23124370 -0.60874921
v 0.74634516 -0.21844621 -0.62350523
v 0.78342581 -0.22051153 -0.59389949
v 0.78327018 -0.21310018 -0.60256726
v 0.78337032 -0.21459314 -0.60078746
v 0.79041338 -0.23370531 -0.57275122
v 0.77260411 -0.21512307 -0.56427383
v 0.74059266 -0.19664128 -0.61192703
v 0.73525411 -0.17372327 -0.60217023
v 0.78284371 -0.20046620 -0.61728972
v 0.73247182 -0.19195269 -0.58760601
v 0.74139029 -0.19710179 -0.57428682
v 0.74278814 -0.19790880 -0.57218373
v 0.74459940 -0.19895455 -0.56999576
v 0.74240088 -0.19439059 -0.57612050
v 0.74068129 -0.18057473 -0.59169942
v 0.78248543 -0.18104759 -0.56381112
v 0.77042663 -0.21386592 -0.53385758
v 0.80196106 -0.23207232 -0.51439375
v 0.79006469 -0.21095459 -0.52068102
v 0.78327149 -0.22128190 -0.51296246
v 0.79320115 -0.21586142 -0.51150072
v 0.79318231 -0.21583119 -0.51155698
v 0.79732406 -0.22181500 -0.50006396
v 0.75198531 -0.20321880 -0.55966961
v 0.79016417 -0.19317779 -0.54401058
v 0.78582680 -0.18653561 -0.55495417
v 0.78580499 -0.18649924 -0.55501264
v 0.73023766 -0.16151765 -0.61723238
v 0.73084593 -0.16802806 -0.61079437
v 0.77845562 -0.15453887 -0.59644586
v 0.77843112 -0.15449558 -0.59650612
v 0.77491748 -0.14845785 -0.60495424
v 0.78297681 -0.16185029 -0.58603442
v 0.82936823 -0.26193407 -0.50346762
v 0.83019710 -0.25035739 -0.52156085
v 0.82943702 -0.26065236 -0.50549233
v 0.81763911 -0.17336288 -0.63177735
v 0.81881905 -0.11477868 -0.69386411
v 0.81498504 -0.10556309 -0.70349622
v 0.81191951 -0.09782162 -0.71153915
v 0.87255633 -0.11147317 -0.68898141
v 0.87007469 -0.10205796 -0.69860494
v 0.87006032 -0.10199352 -0.69867045
v 0.92979807 -0.10658873 -0.69506186
v 0.92993182 -0.10730999 -0.69432861
v 0.96503592 -0.11381512 -0.69380027
v 0.96588397 -0.11247627 -0.69233042
v 0.81458741 -0.13683495 -0.67283946
v 0.86530638 -0.13183653 -0.66793185
v 0.86721826 -0.13910206 -0.65949082
v 0.82104081 -0.15260115 -0.65406126
v 0.81879365 -0.16702376 -0.63855964
v 0.81901884 -0.16555981 -0.64013451
v 0.86539769 -0.16121866 -0.63379782
v 0.86342484 -0.16708387 -0.62700385
v 0.86972576 -0.14785920 -0.64927489
v 0.81596255 -0.13008191 -0.67926466
v 0.86753708 -0.12559706 -0.67438173
v 0.82360721 -0.10782359 -0.63079667
v 0.82358921 -0.10777000 -0.63085842
v 0.82089090 -0.10084519 -0.63889724
v 0.87751877 -0.09655540 -0.63477176
v 0.87919754 -0.10366508 -0.62668806
v 0.87918866 -0.10361072 -0.62674999
v 0.92207336 -0.15027294 -0.64577627
v 0.91655290 -0.16080973 -0.63222784
v 0.92066753 -0.14144109 -0.65606183
v 0.92077434 -0.14203031 -0.65537792
v 0.95498514 -0.14762247 -0.65477830
v 0.95585912 -0.14619634 -0.65340912
v 0.92515302 -0.12635349 -0.67347664
v 0.93112659 -0.11571241 -0.68572122
v 0.82106096 -0.20726451 -0.58851224
v 0.82667786 -0.22057691 -0.56771064
v 0.86652410 -0.21316382 -0.56345665
v 0.82361889 -0.18794695 -0.61193848
v 0.82193089 -0.20146675 -0.59552956
v 0.82209080 -0.20005347 -0.59725469
v 0.86532873 -0.17374368 -0.61813283
v 0.86771542 -0.18179923 -0.60737932
v 0.86230427 -0.19980291 -0.58395839
v 0.86401385 -0.19434580 -0.59105355
v 0.86419332 -0.20583311 -0.57471108
v 0.93892616 -0.20857193 -0.57061750
v 0.93984163 -0.20698845 -0.56946564
v 0.91288292 -0.17412886 -0.61491311
v 0.91297072 -0.17460018 -0.61428797
v 0.91438133 -0.18260589 -0.60365576
v 0.94627047 -0.17924967 -0.61366326
v 0.94716692 -0.17774190 -0.61240023
v 0.90940034 -0.19289635 -0.58882833
v 0.90648991 -0.20451644 -0.57176971
v 0.90656441 -0.20488387 -0.57121098
v 0.82557160 -0.23179142 -0.55231529
v 0.82546484 -0.23314238 -0.55044097
v 0.82483351 -0.23841293 -0.54320860
v 0.86338329 -0.22485720 -0.54630125
v 0.86194354 -0.22986951 -0.53895855
v 0.86380714 -0.23525205 -0.52939790
v 0.86614853 -0.24183494 -0.51767468
v 0.82918465 -0.17317002 -0.55046368
v 0.82916963 -0.17313185 -0.55052149
v 0.83249640 -0.18014757 -0.53960109
v 0.87834251 -0.17365691 -0.53605580
v 0.83016652 -0.19679435 -0.51653981
v 0.83259201 -0.20197307 -0.50740170
v 0.83257908 -0.20194139 -0.50745696
v 0.87403792 -0.18892096 -0.51325786
v 0.87570846 -0.19421215 -0.50421292
v 0.87571561 -0.19424416 -0.50415844
v 0.90808785 -0.21256198 -0.55952984
v 0.90373135 -0.22244868 -0.54348648
v 0.90151668 -0.23247048 -0.52679437
v 0.90158153 -0.23274817 -0.52630723
v 0.93298137 -0.23547350 -0.52581084
v 0.93391216 -0.23382059 -0.52477461
v 0.90321410 -0.23999852 -0.51358008
v 0.92820626 -0.17403252 -0.53389841
v 0.96010202 -0.17194344 -0.54397279
v 0.96101743 -0.17035997 -0.54282093
v 0.92199177 -0.19313377 -0.50224668
v 0.92209363 -0.19343537 -0.50173062
v 0.92434722 -0.18247464 -0.52000034
v 0.95451224 -0.19723853 -0.50184190
v 0.95544302 -0.19558561 -0.50080568
v 0.82355839 -0.13536917 -0.60012537
v 0.82618541 -0.14174509 -0.59164929
v 0.82616878 -0.14169969 -0.59170920
v 0.82957137 -0.14939941 -0.58130687
v 0.87724650 -0.13629144 -0.58774149
v 0.87723780 -0.13624537 -0.58780128
v 0.87947279 -0.14409310 -0.57745832
v 0.82704753 -0.11612181 -0.62101358
v 0.87556142 -0.12977751 -0.59619266
v 0.88137925 -0.11210164 -0.61694878
v 0.93315154 -0.13896848 -0.58453614
v 0.93302155 -0.13847479 -0.58517659
v 0.93429214 -0.14596550 -0.57530844
v 0.96700770 -0.14437224 -0.58444798
v 0.96790415 -0.14286447 -0.58318502
v 0.94166559 -0.11566588 -0.61483938
v 0.97520196 -0.11463372 -0.62310773
v 0.97607595 -0.11320759 -0.62173861
v 0.93681484 -0.12470822 -0.60307300
v 0.94046915 -0.10782409 -0.62390906
v 0.94062001 -0.10843337 -0.62321651
v 0.82665402 -0.16739668 -0.55928332
v 0.87439901 -0.16060846 -0.55563241
v 0.87607646 -0.16648601 -0.54690206
v 0.87608463 -0.16652468 -0.54684472
v 0.92990309 -0.15476969 -0.56245440
v 0.92685193 -0.16695163 -0.54457104
v 0.92696625 -0.16734280 -0.54398990
v 0.50950110 0.01146679 -0.88091564
v 0.48937869 0.02702652 -0.89217544
v 0.49889827 0.01961623 -0.88690585
v 0.49879539 0.01972009 -0.88697022
v 0.48354784 -0.07875826 -0.86597753
v 0.50052249 -0.05803668 -0.84125441
v 0.55512255 -0.06964782 -0.83467621
v 0.55503935 -0.06957864 -0.83474207
v 0.54658955 -0.06296133 -0.84125698
v 0.52731186 -0.02577832 -0.86245549
v 0.52721953 -0.02569370 -0.86252081
v 0.53760475 -0.03369996 -0.85561830
v 0.56509095 -0.07724234 -0.82701945
v 0.61972702 -0.04214070 -0.81799906
v 0.60365856 -0.02563291 -0.83211911
v 0.61107135 -0.03335454 -0.82558864
v 0.61100048 -0.03327383 -0.82565451
v 0.50111467 -0.05837857 -0.80920357
v 0.54547805 -0.08399178 -0.81055480
v 0.53993481 -0.08079140 -0.78219008
v 0.51967061 -0.06909187 -0.79638124
v 0.53701627 -0.04035109 -0.79770046
v 0.55456394 -0.05441064 -0.78412485
v 0.54515970 -0.04695636 -0.79141885
v 0.54508179 -0.04688299 -0.79148334
v 0.64004964 -0.08609113 -0.78625423
v 0.63166642 -0.07775456 -0.79461700
v 0.63160151 -0.07768747 -0.79468298
v 0.62465519 -0.07054461 -0.80172259
v 0.56311285 -0.08068918 -0.76891774
v 0.56289828 -0.09404935 -0.76380593
v 0.57081109 -0.08689695 -0.76206332
v 0.57074124 -0.08683611 -0.76212776
v 0.57988924 -0.09400111 -0.75400889
v 0.61784530 -0.04362112 -0.76015419
v 0.62445098 -0.05067096 -0.75342447
v 0.62451005 -0.05074133 -0.75336003
v 0.51829010 -0.01869297 -0.86840367
v 0.51023954 0.00154012 -0.82339054
v 0.51882887 -0.00541004 -0.81772530
v 0.51874185 -0.00532131 -0.81778955
v 0.48287842 0.04480961 -0.84588879
v 0.50193429 0.02966710 -0.83518571
v 0.49192765 0.03758086 -0.84087896
v 0.49183008 0.03768881 -0.84094244
v 0.59897470 0.00369799 -0.84663850
v 0.59005898 0.01284922 -0.85342079
v 0.58998132 0.01294650 -0.85348648
v 0.58224022 0.02102682 -0.85932630
v 0.57789427 0.05125607 -0.87205601
v 0.57775605 0.04294661 -0.81461269
v 0.52853924 -0.01313849 -0.81122041
v 0.59800273 -0.00116590 -0.78888977
v 0.60496670 -0.00865101 -0.78272593
v 0.60503185 -0.00873495 -0.78266120
v 0.61314565 -0.01728476 -0.77543652
v 0.58508682 0.03507852 -0.80905670
v 0.58515882 0.03497804 -0.80899191
v 0.59352356 0.02611437 -0.80254310
v 0.69519246 -0.07860871 -0.76584965
v 0.69557571 -0.08671004 -0.76040465
v 0.70114142 -0.09420292 -0.75274992
v 0.69414359 -0.05997613 -0.77842605
v 0.68129414 -0.04270077 -0.79381460
v 0.68709165 -0.05063307 -0.78680623
v 0.68714458 -0.05070870 -0.78674012
v 0.75068867 -0.06750114 -0.75356561
v 0.74300313 -0.02312971 -0.78705949
v 0.75309765 -0.04169089 -0.77170223
v 0.74759239 -0.03173489 -0.77999395
v 0.74755251 -0.03165293 -0.78006047
v 0.67313486 -0.00500717 -0.81783676
v 0.67319185 -0.00509712 -0.81777042
v 0.66703540 0.00346183 -0.82427770
v 0.65906692 0.04248558 -0.84581161
v 0.65912813 0.04237824 -0.84574515
v 0.65265220 0.05143708 -0.85163701
v 0.66651434 0.03224161 -0.83898473
v 0.73547149 0.02326072 -0.81765813
v 0.73889065 0.05090920 -0.83256954
v 0.68038392 -0.01483972 -0.81021661
v 0.67898083 -0.01441054 -0.75267231
v 0.67800206 0.01143154 -0.76805651
v 0.66551965 0.02918452 -0.78144276
v 0.67126125 0.02093985 -0.77530694
v 0.67131227 0.02084762 -0.77524155
v 0.74589032 0.00363311 -0.80360383
v 0.74027067 0.01407943 -0.81114995
v 0.74022889 0.01417615 -0.81121707
v 0.80851328 -0.01273113 -0.78136951
v 0.80754614 0.03289372 -0.81215280
v 0.74786836 0.03067857 -0.76190811
v 0.74269563 0.04071711 -0.76907951
v 0.74265987 0.04081515 -0.76914585
v 0.73822719 0.04961135 -0.77527595
v 0.48091567 0.05810040 -0.90280700
v 0.55659586 0.10036295 -0.89414763
v 0.54713953 0.10994138 -0.89924049
v 0.54704583 0.11008546 -0.89930421
v 0.53842193 0.11881201 -0.90376687
v 0.56871730 0.06067636 -0.87800378
v 0.56863201 0.06079422 -0.87806880
v 0.56047183 0.06924178 -0.88323927
v 0.63818812 0.10102911 -0.87578648
v 0.53520346 0.15085161 -0.91282213
v 0.52542633 0.16045509 -0.91704684
v 0.52532363 0.16063383 -0.91710818
v 0.51615161 0.16952871 -0.92083144
v 0.63084584 0.14232574 -0.89216477
v 0.63091600 0.14216977 -0.89209944
v 0.63875532 0.13152954 -0.88700181
v 0.62368250 0.15203525 -0.89663333
v 0.61683077 0.19428849 -0.91035968
v 0.61690462 0.19409688 -0.91029614
v 0.62504697 0.18337813 -0.90605569
v 0.72571725 0.15059204 -0.88124090
v 0.71961069 0.16202024 -0.88637489
v 0.71956563 0.16218416 -0.88644230
v 0.71397352 0.17262995 -0.89094567
v 0.80737936 0.17982137 -0.88653165
v 0.55717456 0.08853468 -0.83722293
v 0.55346215 0.11761840 -0.84750462
v 0.54448128 0.12698434 -0.85240185
v 0.54456908 0.12683707 -0.85233873
v 0.57359439 0.07113562 -0.82659829
v 0.56489539 0.08034821 -0.83231264
v 0.56497490 0.08022716 -0.83224833
v 0.63827521 0.12134039 -0.83009517
v 0.53632444 0.13540944 -0.85663331
v 0.51526493 0.18337366 -0.87276983
v 0.53324485 0.16540565 -0.86517632
v 0.52394104 0.17481105 -0.86924440
v 0.52403748 0.17462906 -0.86918360
v 0.63131493 0.16018969 -0.84555316
v 0.63137889 0.16003147 -0.84548831
v 0.63871354 0.14983512 -0.84065211
v 0.62457299 0.16952519 -0.84978783
v 0.62578177 0.19885407 -0.85866457
v 0.65261030 0.08109123 -0.86461437
v 0.64494872 0.09166004 -0.87062025
v 0.64501446 0.09153124 -0.87055409
v 0.72624439 0.11114814 -0.86444533
v 0.72619963 0.11128455 -0.86451310
v 0.72094351 0.12133844 -0.86970234
v 0.65178722 0.10214625 -0.81948757
v 0.64463520 0.11230315 -0.82519221
v 0.64469486 0.11217210 -0.82512659
v 0.72811300 0.07148169 -0.84524155
v 0.73314333 0.06176972 -0.83933741
v 0.73309982 0.06188425 -0.83940500
v 0.80704314 0.08032145 -0.84001154
v 0.73214746 0.09995704 -0.85848325
v 0.73493385 0.12165722 -0.81373858
v 0.65797150 0.06582658 -0.80174589
v 0.65802681 0.06571698 -0.80168021
v 0.66490978 0.05595533 -0.79525656
v 0.65193689 0.07449638 -0.80728400
v 0.74127918 0.07533335 -0.78926533
v 0.73597288 0.08574107 -0.79569101
v 0.73593539 0.08585691 -0.79575807
v 0.73128599 0.09510900 -0.80130219
v 0.72452170 0.14215486 -0.82438356
v 0.71794552 0.19055924 -0.84442997
v 0.72321236 0.18038696 -0.84009796
v 0.72317362 0.18055215 -0.84016502
v 0.80699331 0.12936242 -0.86483669
v 0.72946656 0.13235891 -0.81939495
v 0.72942793 0.13249661 -0.81946230
v 0.72888595 0.16947629 -0.83523035
v 0.81572074 -0.03211300 -0.76600212
v 0.81175029 -0.02163537 -0.77436113
v 0.81177634 -0.02172135 -0.77429384
v 0.87830102 -0.02127666 -0.76959282
v 0.87831295 -0.02136425 -0.76952457
v 0.88067216 -0.03193537 -0.76121497
v 0.95308906 -0.04052822 -0.75846499
v 0.95182920 -0.03093755 -0.76604205
v 0.95205528 -0.03196926 -0.76524264
v 0.97256064 0.03161061 -0.81339735
v 0.81490612 0.01242887 -0.79806089
v 0.88595009 0.01090538 -0.79345721
v 0.87640506 -0.01220651 -0.77662563
v 0.81089836 0.02341688 -0.80569124
v 0.81092423 0.02331604 -0.80562299
v 0.88361830 0.02206996 -0.80112386
v 0.88362783 0.02196771 -0.80105424
v 0.88169694 0.03171127 -0.80762237
v 0.82130736 0.03958952 -0.75688118
v 0.81770337 0.04999916 -0.76406068
v 0.81768352 0.05010039 -0.76412827
v 0.95895410 -0.01053703 -0.78248775
v 0.96455389 0.00958768 -0.79775614
v 0.96485573 0.00837231 -0.79694074
v 0.96584678 -0.00022158 -0.79098469
v 0.89673930 0.03751911 -0.75283384
v 0.89471477 0.04804777 -0.76003855
v 0.89471102 0.04814953 -0.76010764
v 0.98898196 -0.04020181 -0.76495808
v 0.98976821 -0.03905301 -0.76330453
v 0.97966158 0.04168028 -0.82077032
v 0.97867775 0.05030750 -0.82596946
v 0.97826898 0.05173250 -0.82678926
v 1.01773083 0.04042934 -0.82601452
v 1.01844287 0.04136999 -0.82420331
v 1.00278270 -0.00068636 -0.79681313
v 1.00353324 0.00036043 -0.79507726
v 0.98307914 0.02507350 -0.75116396
v 0.98226887 0.03278039 -0.75649261
v 0.98191988 0.03400410 -0.75729948
v 1.02014518 0.02352777 -0.75666064
v 1.02089572 0.02457456 -0.75492483
v 0.81565344 0.15679754 -0.87670124
v 0.81133074 0.16889703 -0.88196850
v 0.81134987 0.16872928 -0.88189864
v 0.90414727 0.16181956 -0.87846982
v 0.90415424 0.16198693 -0.87854242
v 0.90187138 0.17312792 -0.88318563
v 0.91514540 0.19873451 -0.89374691
v 1.05082917 0.12680674 -0.87600666
v 1.00884175 0.13840349 -0.87557942
v 1.00805867 0.14037022 -0.87637293
v 1.01839542 0.16613847 -0.88818610
v 1.02612925 0.17533906 -0.89268202
v 1.02482080 0.18430082 -0.89596307
v 1.02370572 0.18664186 -0.89672410
v 1.06884885 0.17172754 -0.89660007
v 1.06942880 0.17232922 -0.89460659
v 0.81053901 0.07031384 -0.83414191
v 0.81056392 0.07019515 -0.83407283
v 0.81460702 0.05888223 -0.82727265
v 0.88971716 0.06706318 -0.82979512
v 0.88971120 0.06718293 -0.82986599
v 0.89203542 0.05557198 -0.82294273
v 0.88773072 0.07736091 -0.83578634
v 0.81484634 0.10706697 -0.85352099
v 0.81067979 0.11887093 -0.85960108
v 0.81070274 0.11873043 -0.85953140
v 0.89892548 0.10188831 -0.84955454
v 0.89446998 0.12456164 -0.86100698
v 0.89656281 0.11374271 -0.85563421
v 0.89656198 0.11388371 -0.85570610
v 0.82104659 0.08341359 -0.78443980
v 0.81461090 0.05923168 -0.77027154
v 0.89301372 0.05739705 -0.76627898
v 0.81736964 0.09420783 -0.79089046
v 0.81735075 0.09432691 -0.79095912
v 0.81413841 0.10393352 -0.79652947
v 0.90045673 0.09052499 -0.78711200
v 0.90045655 0.09064426 -0.78718245
v 0.90249377 0.07960448 -0.78061831
v 0.89869606 0.10037548 -0.79279518
v 0.90900713 0.12324111 -0.80569386
v 0.81750757 0.13997835 -0.81489915
v 0.81749076 0.14011921 -0.81496847
v 0.81409264 0.15016022 -0.81992960
v 0.82207996 0.17577581 -0.83106816
v 0.81812650 0.18712890 -0.83599222
v 0.81811368 0.18729696 -0.83606178
v 0.81445843 0.19772767 -0.84038019
v 0.90662354 0.14967179 -0.87318712
v 0.90504307 0.14481805 -0.81654155
v 0.91406494 0.17977923 -0.83296192
v 0.91407818 0.17994596 -0.83303440
v 0.91628289 0.16825704 -0.82796150
v 0.91201472 0.19054987 -0.83742476
v 0.82129472 0.12886727 -0.80920154
v 0.90691203 0.13449422 -0.81145161
v 0.90691715 0.13463467 -0.81152326
v 0.99441522 0.08501527 -0.84771216
v 1.03376746 0.08298302 -0.85244715
v 1.03443801 0.08381380 -0.85056770
v 0.98712230 0.07522514 -0.84138197
v 0.99339259 0.09369661 -0.85221678
v 0.99283129 0.09536681 -0.85302943
v 1.00247097 0.12012661 -0.86634022
v 1.05145574 0.12752439 -0.87406641
v 0.99523926 0.07219896 -0.78382087
v 0.99478334 0.07363027 -0.78463072
v 1.03420067 0.06218815 -0.78411824
v 1.03491271 0.06312880 -0.78230703
v 0.98975825 0.05556401 -0.77261186
v 0.99605584 0.06441362 -0.77913851
v 1.00339031 0.09646912 -0.79881728
v 1.00988472 0.10511567 -0.80444568
v 1.00901961 0.11299952 -0.80852920
v 1.00841105 0.11467480 -0.80933130
v 1.04927957 0.10220064 -0.80897236
v 1.04995024 0.10303143 -0.80709296
v 1.00996447 0.12962151 -0.87171173
v 1.01772738 0.13860419 -0.82219565
v 1.02345872 0.15505402 -0.83052039
v 1.02262783 0.15702553 -0.83130330
v 1.02442873 0.14702837 -0.82699186
v 1.03951359 0.19000265 -0.84669387
v 1.03835881 0.19824368 -0.84970570
v 1.03719461 0.20059028 -0.85045654
v 1.03256857 0.18180653 -0.84266382
v 1.06532252 0.14340733 -0.83112496
v 1.06594908 0.14412498 -0.82918471
v 1.08226597 0.18564558 -0.85048860
v 1.08284605 0.18624726 -0.84849513
v 0.63721311 -0.08424384 -0.72851849
v 0.63236505 -0.05890254 -0.74538755
v 0.64345968 -0.09081747 -0.72126758
v 0.64351314 -0.09087655 -0.72120368
v 0.70381731 -0.07195409 -0.70519549
v 0.69747013 -0.06337085 -0.71387917
v 0.69751316 -0.06343677 -0.71381521
v 0.68444598 -0.02218219 -0.74597955
v 0.68449289 -0.02226010 -0.74591476
v 0.69227552 -0.05611068 -0.72108585
v 0.69099313 -0.03125867 -0.73799622
v 0.76046771 -0.08488905 -0.73699236
v 0.75507641 -0.07549267 -0.74599200
v 0.75503856 -0.07542310 -0.74605781
v 0.80995113 -0.05636941 -0.74778277
v 0.75666142 -0.04384646 -0.70756328
v 0.75662977 -0.04377562 -0.70762759
v 0.76159823 -0.05295006 -0.69898802
v 0.75257200 -0.03601126 -0.71480882
v 0.76384324 -0.08305251 -0.67290050
v 0.76381385 -0.08299224 -0.67296362
v 0.75993395 -0.07578840 -0.68060738
v 0.76865780 -0.09160344 -0.66367441
v 0.74960214 -0.00253558 -0.73966503
v 0.74956834 -0.00245231 -0.73973042
v 0.75465536 -0.01213722 -0.73177582
v 0.74532908 0.00584551 -0.74640685
v 0.81308764 -0.06466554 -0.74027485
v 0.81311345 -0.06473897 -0.74020857
v 0.81703126 -0.07457037 -0.73122388
v 0.87377650 -0.06268567 -0.73539686
v 0.87378991 -0.06276081 -0.73532999
v 0.87620610 -0.07278163 -0.72634375
v 0.81349593 -0.09071238 -0.71755642
v 0.86816591 -0.09415122 -0.70663518
v 0.87188590 -0.05421711 -0.74291855
v 0.82327271 -0.04249764 -0.69382024
v 0.81686819 -0.02488849 -0.70960653
v 0.81975627 -0.03303918 -0.70237017
v 0.81973648 -0.03296546 -0.70243514
v 0.88751870 -0.04134146 -0.68958694
v 0.88376999 -0.02349181 -0.70536637
v 0.88543665 -0.03176082 -0.69812661
v 0.88542902 -0.03168627 -0.69819236
v 0.94148791 -0.07907838 -0.72333264
v 0.97638315 -0.07796107 -0.73057526
v 0.97720188 -0.07671479 -0.72901046
v 0.94021171 -0.06970853 -0.73176765
v 0.94038379 -0.07057668 -0.73099571
v 0.93514240 -0.08970208 -0.71238226
v 0.94644219 -0.05103566 -0.74877083
v 0.96011019 -0.04891698 -0.68764061
v 0.95922178 -0.04138244 -0.69440717
v 0.95900327 -0.04050030 -0.69517684
v 0.96521181 -0.02189290 -0.71212041
v 0.82494229 -0.08044210 -0.65856695
v 0.81865931 -0.06396778 -0.67544025
v 0.82146102 -0.07154033 -0.66775197
v 0.82144195 -0.07147741 -0.66781539
v 0.88193083 -0.06877537 -0.66353136
v 0.88192230 -0.06871160 -0.66359526
v 0.88026011 -0.06107862 -0.67121214
v 0.88406187 -0.07780653 -0.65437376
v 0.95453352 -0.05811163 -0.67807102
v 0.94914949 -0.07512376 -0.66062194
v 0.94932878 -0.07586215 -0.65988606
v 0.94504362 -0.09243710 -0.64166945
v 0.95028865 -0.08326942 -0.65233266
v 0.82205546 -0.00243527 -0.72663474
v 0.81850123 0.00752747 -0.73451519
v 0.81848121 0.00761381 -0.73458153
v 0.81551921 0.01623343 -0.74125898
v 0.89174610 -0.00284918 -0.72245008
v 0.88802904 0.01605301 -0.73709750
v 0.88970280 0.00723178 -0.73033786
v 0.88969666 0.00731885 -0.73040533
v 0.97106630 -0.01275339 -0.72062635
v 0.97022963 -0.00512431 -0.72665006
v 0.96995670 -0.00408164 -0.72744346
v 0.97698921 0.01605444 -0.74367601
v 0.99532211 -0.04913231 -0.69437838
v 0.99614090 -0.04788603 -0.69281352
v 0.98465258 -0.08284526 -0.65979946
v 0.98550057 -0.08150641 -0.65832961
v 1.00716865 -0.01362793 -0.72670794
v 1.00795484 -0.01247912 -0.72505438
v 0.74751967 -0.38128677 -0.48521456
v 0.75111270 -0.38511381 -0.47580716
v 0.74831200 -0.38181141 -0.48327744
v 0.75470680 -0.35996550 -0.47813255
v 0.75546235 -0.36075181 -0.47606200
v 0.76648557 -0.37640426 -0.44139788
v 0.75777930 -0.36443350 -0.46865693
v 0.76018548 -0.36582893 -0.46248353
v 0.76095533 -0.36813048 -0.45891657
v 0.74901950 -0.35155573 -0.49476746
v 0.76064128 -0.34408149 -0.48020253
v 0.76000965 -0.32606924 -0.49635604
v 0.76879567 -0.32609197 -0.48347083
v 0.77669173 -0.32302058 -0.47450474
v 0.78482592 -0.31731063 -0.46742085
v 0.78769159 -0.31818694 -0.46248353
v 0.78880960 -0.31922069 -0.45956886
v 0.77494806 -0.39062682 -0.41305768
v 0.80062801 -0.32303253 -0.43574092
v 0.80834651 -0.32440045 -0.42127964
v 0.78160250 -0.30918178 -0.48274684
v 0.78378177 -0.31684324 -0.46934500
v 0.80557370 -0.29134735 -0.47783083
v 0.80667698 -0.30098888 -0.46108055
v 0.80687201 -0.30221716 -0.45886433
v 0.80729896 -0.30651686 -0.45135465
v 0.79289520 -0.22683816 -0.49727657
v 0.79746503 -0.22947654 -0.48858979
v 0.80387181 -0.23317549 -0.47906929
v 0.81407726 -0.32290959 -0.41300222
v 0.81471807 -0.32328749 -0.41154227
v 0.81596839 -0.32396919 -0.40874812
v 0.81767017 -0.32584926 -0.40317017
v 0.82805920 -0.33107719 -0.37633839
v 0.84013397 -0.31765321 -0.38638043
v 0.83361208 -0.28774214 -0.45478067
v 0.83366066 -0.28652954 -0.45696402
v 0.83333170 -0.29201737 -0.44715300
v 0.86352295 -0.28158715 -0.44379562
v 0.82893276 -0.26669616 -0.49603331
v 0.83415532 -0.27716517 -0.47368303
v 0.86416018 -0.26189601 -0.48237222
v 0.86658424 -0.26770583 -0.47020590
v 0.86349833 -0.25264651 -0.49968901
v 0.86233473 -0.25717255 -0.49217027
v 0.82854772 -0.24742213 -0.46248353
v 0.82520688 -0.24549331 -0.44184768
v 0.89955920 -0.24931608 -0.49642292
v 0.89797384 -0.25786173 -0.48015860
v 0.89803118 -0.25806388 -0.47974548
v 0.92845953 -0.25984824 -0.47942013
v 0.92940199 -0.25813240 -0.47850370
v 0.89976561 -0.26478180 -0.46599841
v 0.89687544 -0.27336600 -0.44786549
v 0.81308728 -0.31551155 -0.42785159
v 0.83850080 -0.30092487 -0.42425102
v 0.83563477 -0.29602769 -0.43687153
v 0.86529619 -0.28566530 -0.43381333
v 0.86528713 -0.28564402 -0.43386534
v 0.86782539 -0.29068032 -0.42122713
v 0.83814621 -0.31052437 -0.40448779
v 0.83800125 -0.31429422 -0.39673129
v 0.86572349 -0.30290383 -0.39418286
v 0.86743641 -0.30642426 -0.38389635
v 0.86742985 -0.30640799 -0.38394305
v 0.83837819 -0.24722277 -0.42606974
v 0.83753538 -0.25261119 -0.41665983
v 0.84056979 -0.25126323 -0.41633284
v 0.84056163 -0.25124264 -0.41638070
v 0.85225910 -0.26111192 -0.40874812
v 0.84345514 -0.25602895 -0.40430099
v 0.85358977 -0.26188016 -0.38544646
v 0.87957758 -0.24669181 -0.40200478
v 0.87775087 -0.25763699 -0.37704211
v 0.89585531 -0.28056753 -0.43204269
v 0.89590609 -0.28070810 -0.43170312
v 0.92537838 -0.28159994 -0.43162850
v 0.89773303 -0.28678939 -0.41698590
v 0.89514095 -0.30047464 -0.38263533
v 0.89518535 -0.30056682 -0.38236621
v 0.92375016 -0.30064276 -0.38262451
v 0.92470479 -0.29882160 -0.38195795
v 0.89565289 -0.29448691 -0.39804387
v 0.92632878 -0.27982795 -0.43083543
v 0.91786391 -0.24358822 -0.40012947
v 0.91594791 -0.25016943 -0.38364804
v 0.83368230 -0.33389002 -0.36183512
v 0.84309876 -0.32169357 -0.37332228
v 0.83772671 -0.33418566 -0.35339957
v 0.84331590 -0.33311433 -0.34531724
v 0.84529310 -0.33595940 -0.33466929
v 0.84529978 -0.33597112 -0.33462751
v 0.84375423 -0.33709875 -0.33485469
v 0.84758019 -0.33874428 -0.32336619
v 0.86874360 -0.32111260 -0.34345025
v 0.87039590 -0.32410842 -0.33283201
v 0.87039191 -0.32409659 -0.33287182
v 0.87269557 -0.32760087 -0.31947029
v 0.89579993 -0.31748205 -0.33213264
v 0.89583766 -0.31753784 -0.33192909
v 0.89781910 -0.32205752 -0.31550744
v 0.85480213 -0.34344473 -0.29946589
v 0.85928351 -0.34651974 -0.28148735
v 0.85577953 -0.34377486 -0.29665631
v 0.87256092 -0.33614883 -0.29180840
v 0.87415802 -0.33864680 -0.28082246
v 0.87415630 -0.33863881 -0.28085378
v 0.87630552 -0.34139630 -0.26707274
v 0.86611015 -0.35061991 -0.25408155
v 0.89742011 -0.32760566 -0.29551461
v 0.92487240 -0.33031213 -0.28175709
v 0.92582417 -0.32841438 -0.28135094
v 0.89779538 -0.33150330 -0.28073719
v 0.89782554 -0.33153322 -0.28059334
v 0.89986914 -0.33514738 -0.26347429
v 0.86986524 -0.31067160 -0.37091970
v 0.86169410 -0.26655918 -0.36792469
v 0.87300164 -0.27308762 -0.35339957
v 0.87096202 -0.27191004 -0.34692755
v 0.88151151 -0.26550376 -0.35461012
v 0.87935108 -0.26126119 -0.36707437
v 0.87934864 -0.26124567 -0.36711565
v 0.88055891 -0.27482858 -0.32923585
v 0.88212055 -0.27791968 -0.31897211
v 0.88211972 -0.27790850 -0.31900689
v 0.88163614 -0.27807274 -0.31902000
v 0.88251036 -0.27857748 -0.31656104
v 0.89709461 -0.30591246 -0.36675087
v 0.89585078 -0.31258938 -0.34718582
v 0.92358130 -0.31690156 -0.33260155
v 0.92453635 -0.31503841 -0.33206415
v 0.91705859 -0.26152307 -0.35298309
v 0.91545361 -0.25689381 -0.36631674
v 0.91538227 -0.25678512 -0.36662352
v 0.94583225 -0.25851607 -0.36720625
v 0.94678688 -0.25669491 -0.36653969
v 0.91587257 -0.26724690 -0.33590534
v 0.91581589 -0.27270135 -0.31912372
v 0.91587651 -0.27276942 -0.31888533
v 0.94567347 -0.27380392 -0.32017052
v 0.94662851 -0.27194080 -0.31963313
v 0.89069355 -0.28330204 -0.29665631
v 0.89081591 -0.28337270 -0.29616985
v 0.89252234 -0.28593972 -0.28666550
v 0.91711503 -0.28145188 -0.28737399
v 0.89583367 -0.28978163 -0.27018270
v 0.91753614 -0.28582603 -0.27079004
v 0.91758460 -0.28586388 -0.27061731
v 0.91931713 -0.28898317 -0.25605026
v 0.94688749 -0.28641367 -0.27236235
v 0.94783920 -0.28451592 -0.27195621
v 0.91755116 -0.27667850 -0.30488801
v 0.83580464 -0.20824948 -0.49605688
v 0.83408082 -0.22343968 -0.47207320
v 0.87447953 -0.21459796 -0.46924472
v 0.81193179 -0.23782893 -0.46512169
v 0.83639276 -0.22803901 -0.46263266
v 0.83638209 -0.22801314 -0.46268466
v 0.83947778 -0.23359868 -0.45084074
v 0.87839991 -0.22505534 -0.44816062
v 0.87613982 -0.21933888 -0.45985061
v 0.87613404 -0.21931292 -0.45990157
v 0.87798625 -0.20067899 -0.49290133
v 0.92016876 -0.20768765 -0.47590902
v 0.91845876 -0.21690515 -0.45836598
v 0.91855001 -0.21712999 -0.45791864
v 0.91998553 -0.22295998 -0.44612604
v 0.95026034 -0.22015768 -0.45822150
v 0.95120281 -0.21844184 -0.45730507
v 0.92343324 -0.19973771 -0.49077809
v 0.87572008 -0.23753409 -0.42377633
v 0.87735403 -0.24170795 -0.41409579
v 0.87734979 -0.24168748 -0.41414240
v 0.91737241 -0.23028748 -0.43038747
v 0.91633922 -0.23831674 -0.41272214
v 0.91625786 -0.23815605 -0.41309908
v 0.94736326 -0.24061044 -0.41328385
v 0.94831365 -0.23883843 -0.41249079
v 0.87619323 -0.35601205 -0.20755234
v 0.87043703 -0.35203850 -0.23874229
v 0.87715262 -0.34796616 -0.23946691
v 0.87219548 -0.35373181 -0.22814161
v 0.87870342 -0.34998170 -0.22807358
v 0.87870330 -0.34997702 -0.22809491
v 0.88068086 -0.35199293 -0.21392971
v 0.90030968 -0.33948803 -0.24324945
v 0.90108830 -0.34246796 -0.22865669
v 0.90110981 -0.34248081 -0.22856686
v 0.92761850 -0.34082159 -0.23029174
v 0.92856312 -0.33889672 -0.23001845
v 0.90320462 -0.34512192 -0.21087399
v 0.90447009 -0.34820682 -0.19060697
v 0.88249731 -0.35653564 -0.18663311
v 0.88208354 -0.35817799 -0.17988606
v 0.88258445 -0.35893610 -0.17475398
v 0.88401049 -0.35806867 -0.17479399
v 0.88401097 -0.35806674 -0.17480418
v 0.88580298 -0.35933366 -0.16025440
v 0.88479489 -0.36019358 -0.15869786
v 0.88857591 -0.36184394 -0.13351105
v 0.90564144 -0.35032216 -0.17610280
v 0.90565246 -0.35032535 -0.17606252
v 0.93180859 -0.34838846 -0.17840862
v 0.93274242 -0.34644404 -0.17826928
v 0.90778542 -0.35193846 -0.15793267
v 0.90985674 -0.35374886 -0.13780390
v 0.93742627 -0.35298285 -0.12631251
v 0.93834561 -0.35102656 -0.12630767
v 0.90555471 -0.29913864 -0.22101349
v 0.90206331 -0.29527390 -0.24216069
v 0.90287703 -0.29585075 -0.23874229
v 0.91963869 -0.29273498 -0.23826720
v 0.92051637 -0.29609400 -0.22181790
v 0.92055070 -0.29611099 -0.22170788
v 0.94946957 -0.29629555 -0.22397035
v 0.95041418 -0.29437065 -0.22369708
v 0.91001737 -0.30264819 -0.19587289
v 0.92340529 -0.30106455 -0.18879642
v 0.92232805 -0.29838142 -0.20667988
v 0.91299647 -0.30463529 -0.17988606
v 0.92472893 -0.30345488 -0.17240682
v 0.92474633 -0.30345944 -0.17235689
v 0.91384089 -0.30581906 -0.17153180
v 0.92655408 -0.30483416 -0.15698968
v 0.95340949 -0.30341053 -0.17518556
v 0.95434332 -0.30146611 -0.17504624
v 0.91697758 -0.30785179 -0.14796360
v 0.92837733 -0.30642626 -0.13917120
v 0.95869166 -0.30773056 -0.12620048
v 0.95961100 -0.30577427 -0.12619564
v 0.88964373 -0.36258894 -0.12462338
v 0.89011675 -0.36285394 -0.12120025
v 0.89026910 -0.36286893 -0.12031990
v 0.89055181 -0.36304727 -0.11678655
v 0.89143240 -0.36335108 -0.10895731
v 0.89290446 -0.36509854 -0.08438247
v 0.91142070 -0.35502890 -0.12329011
v 0.91142106 -0.35502821 -0.12329710
v 0.91337705 -0.35547566 -0.10877603
v 0.89526033 -0.36390668 -0.08201391
v 0.91627556 -0.35603207 -0.08860353
v 0.89430249 -0.36593607 -0.06714424
v 0.89681238 -0.36438677 -0.06748572
v 0.89681596 -0.36438587 -0.06747244
v 0.91839302 -0.35656804 -0.07043480
v 0.91839427 -0.35656580 -0.07049111
v 0.94444931 -0.35458666 -0.07420900
v 0.94535053 -0.35262623 -0.07433867
v 0.89510745 -0.36583975 -0.06027890
v 0.89805579 -0.36431044 -0.05562779
v 0.92074853 -0.35617739 -0.05588080
v 0.89520532 -0.36693776 -0.04011267
v 0.89727300 -0.36576909 -0.03852566
v 0.89627147 -0.36519083 -0.03852566
v 0.89966631 -0.36443019 -0.03644843
v 0.89750606 -0.36318299 -0.03644843
v 0.89867705 -0.36129436 -0.03422736
v 0.90186673 -0.36321327 -0.03429435
v 0.90195155 -0.36318490 -0.03422736
v 0.90458578 -0.36230719 -0.03187120
v 0.89977980 -0.35953248 -0.03187120
v 0.92447662 -0.35547218 -0.03564215
v 0.90080994 -0.35790420 -0.02938926
v 0.90176344 -0.35641602 -0.02679134
v 0.90263647 -0.35507378 -0.02408768
v 0.90703034 -0.36149555 -0.02938926
v 0.90927559 -0.36075315 -0.02679134
v 0.91131258 -0.36008292 -0.02408768
v 0.91313332 -0.35948750 -0.02128896
v 0.91473073 -0.35896930 -0.01840623
v 0.91586447 -0.35860536 -0.01595617
v 0.92654306 -0.35493487 -0.01775621
v 0.92654210 -0.35493734 -0.01786520
v 0.91608113 -0.35852036 -0.01545085
v 0.91711229 -0.35810378 -0.01243449
v 0.91790366 -0.35776949 -0.00936907
v 0.91845208 -0.35751876 -0.00626666
v 0.91875547 -0.35735258 -0.00313953
v 0.90342569 -0.35388279 -0.02128896
v 0.90412784 -0.35284773 -0.01840623
v 0.90474027 -0.35197273 -0.01545085
v 0.90526056 -0.35126120 -0.01243449
v 0.90568656 -0.35071597 -0.00936907
v 0.90601671 -0.35033917 -0.00626666
v 0.90624958 -0.35013232 -0.00313953
v 0.92932314 -0.35368407 -0.00306391
v 0.95285004 -0.35319352 -0.02230371
v 0.95372951 -0.35123670 -0.02256737
v 0.92052603 -0.31001279 -0.12173908
v 0.92076653 -0.31004587 -0.12031990
v 0.93014503 -0.30787364 -0.12275916
v 0.93014616 -0.30787286 -0.12276802
v 0.93235719 -0.30837882 -0.10634736
v 0.92286837 -0.31106961 -0.09564867
v 0.93493879 -0.30888939 -0.08851286
v 0.92502123 -0.31190196 -0.07152191
v 0.93673003 -0.30933088 -0.07307816
v 0.93673646 -0.30932885 -0.07314903
v 0.96529531 -0.30923858 -0.07720845
v 0.96619654 -0.30727816 -0.07733812
v 0.92636234 -0.31170473 -0.06027890
v 0.92682070 -0.31171334 -0.04750942
v 0.93939036 -0.30888969 -0.05664083
v 0.94272220 -0.30831364 -0.03881738
v 0.92805523 -0.31124678 -0.02091231
v 0.92951000 -0.31002080 -0.00032793
v 0.94448084 -0.30782703 -0.02370604
v 0.94447309 -0.30782273 -0.02357092
v 0.97319436 -0.30792865 -0.02840280
v 0.97407383 -0.30597183 -0.02866647
v 0.94760346 -0.30641428 -0.00702706
v -0.20675689 0.11937115 0.92983985
v -0.21537176 0.12434494 0.96858317
v -0.30605301 0.17669979 0.89258540
v -0.31880522 0.18406227 0.92977649
v -0.25691190 0.14832816 0.91301423
v -0.26761657 0.15450850 0.95105654
v 0.44547802 -0.25719687 0.81055480
v 0.43795377 -0.25285274 0.81569302
v 0.42952317 -0.24798530 0.85038108
v 0.42428908 -0.24496341 0.86771512
v 0.46403962 -0.26791340 0.84432793
v 0.43847778 -0.25315526 0.85380810
v 0.35398626 -0.20437406 0.86863399
v 0.40052247 -0.23124176 0.84125441
v 0.41189441 -0.23780735 0.86617076
v 0.30605301 -0.17669979 0.89258540
v 0.20675689 -0.11937115 0.92983985
v 0.25691190 -0.14832816 0.91301423
v 0.21537176 -0.12434494 0.96858317
v 0.26761657 -0.15450850 0.95105654
v 0.36873567 -0.21288964 0.90482706
v 0.31880522 -0.18406227 0.92977649
v 0.41721091 -0.24087684 0.87630665
v -0.05220306 0.03013945 0.95810568
v -0.05437819 0.03139526 0.99802673
v 0.05220306 -0.03013945 0.95810568
v 0.05437819 -0.03139526 0.99802673
v 0.10420009 -0.06015995 0.95243013
v 0.10854176 -0.06266662 0.99211472
v 0.09702586 -0.05601791 0.95461118
v 0.09702586 -0.05601791 0.95321321
v 0.09863340 -0.05694602 0.95303774
v 0.00796582 -0.00459907 0.95971096
v 0.00000000 -0.00000000 0.95999998
v 0.00000000 -0.00000000 1.00000000
v 0.01284276 0.05314601 0.95951444
v 0.03355667 0.03938372 0.95970559
v 0.02776824 0.04181695 0.95990133
v 0.02500000 0.04330127 0.95999998
v 0.03062422 0.04050938 0.95980304
v 0.01732897 0.04875279 0.95970559
v 0.02233042 0.04495648 0.95990133
v 0.01977004 0.04677605 0.95980304
v 0.01501683 0.05087890 0.95960921
v 0.03655401 0.03844441 0.95960921
v 0.03960441 0.03769516 0.95951444
v 0.04269585 0.03713892 0.95942158
v 0.04581611 0.03677790 0.95933098
v 0.04895288 0.03661351 0.95924300
v 0.05209378 0.03664640 0.95915806
v 0.05522642 0.03687644 0.95907640
v 0.01362163 0.05233381 0.99410647
v 0.01284276 0.05314601 0.99403971
v 0.03355667 0.03938372 0.99437773
v 0.02828168 0.04158188 0.99463266
v 0.02776824 0.04181695 0.99462873
v 0.02500000 0.04330127 0.99458528
v 0.03062422 0.04050938 0.99452668
v 0.01732897 0.04875279 0.99432784
v 0.02233042 0.04495648 0.99452049
v 0.01977004 0.04677605 0.99443454
v 0.01501683 0.05087890 0.99420077
v 0.03960441 0.03769516 0.99402314
v 0.03655401 0.03844441 0.99420965
v 0.04269585 0.03713892 0.99381882
v 0.04581611 0.03677790 0.99359763
v 0.04895288 0.03661351 0.99336040
v 0.05209378 0.03664640 0.99310797
v 0.05522642 0.03687644 0.99284148
v 0.05833844 0.03730274 0.95899838
v 0.06141754 0.03792360 0.95892435
v 0.06445159 0.03873657 0.95885456
v 0.06742860 0.03973844 0.95878929
v 0.07033683 0.04092527 0.95872879
v 0.07316480 0.04229236 0.95867330
v 0.07590135 0.04383433 0.95862305
v 0.07853568 0.04554508 0.95857823
v 0.08105739 0.04741787 0.95853901
v 0.08345653 0.04944530 0.95850557
v 0.08572363 0.05161937 0.95847803
v 0.06445159 0.03873657 0.99196804
v 0.06742860 0.03973844 0.99165606
v 0.07033683 0.04092527 0.99133569
v 0.07157819 0.04152536 0.99119198
v 0.07316480 0.04229236 0.99098659
v 0.07590135 0.04383433 0.99061674
v 0.05833844 0.03730274 0.99256194
v 0.06141754 0.03792360 0.99227041
v 0.07853568 0.04554508 0.99024457
v 0.08105739 0.04741787 0.98987156
v 0.08345653 0.04944530 0.98949915
v 0.08572363 0.05161937 0.98912877
v -0.15578590 0.08994303 0.94299579
v -0.16227698 0.09369066 0.98228723
v -0.10400432 0.06004692 0.95245147
v -0.10420009 0.06015995 0.95243013
v -0.10854176 0.06266662 0.99211472
v 0.01081533 0.05554515 0.95942158
v 0.00894254 0.05806686 0.95933098
v 0.00723179 0.06070119 0.95924300
v 0.00313590 0.06917394 0.95899838
v 0.00213403 0.07215095 0.95892435
v 0.00568982 0.06343774 0.95915806
v 0.00432273 0.06626571 0.95907640
v 0.00132105 0.07518499 0.95885456
v 0.00070020 0.07826410 0.95878929
v 0.00027391 0.08137612 0.95872879
v 0.00004386 0.08450875 0.95867330
v 0.00001097 0.08764966 0.95862305
v 0.01081533 0.05554515 0.99383581
v 0.00894254 0.05806686 0.99361497
v 0.00723179 0.06070119 0.99337816
v 0.00313590 0.06917394 0.99258143
v 0.00213403 0.07215095 0.99229050
v 0.00568982 0.06343774 0.99312627
v 0.00432273 0.06626571 0.99286038
v 0.00132105 0.07518499 0.99198890
v 0.00070020 0.07826410 0.99167764
v 0.00027391 0.08137612 0.99135810
v 0.00004386 0.08450875 0.99103141
v 0.00001097 0.08764966 0.99069893
v 0.00017536 0.09078643 0.95857823
v 0.00053638 0.09390669 0.95853901
v 0.00109262 0.09699813 0.95850557
v 0.00184187 0.10004853 0.95847803
v 0.00278118 0.10304587 0.95845652
v 0.00390684 0.10597832 0.95844108
v 0.00521441 0.10883430 0.95843178
v 0.00669873 0.11160254 0.95842868
v 0.00835394 0.11427212 0.95843178
v 0.01017350 0.11683249 0.95844108
v 0.01215025 0.11927357 0.95845652
v 0.01427637 0.12158570 0.95847803
v 0.01654347 0.12375978 0.95850557
v 0.01894261 0.12578721 0.95853901
v 0.02146432 0.12766001 0.95857823
v 0.00017536 0.09078643 0.99036199
v 0.00053638 0.09390669 0.99002188
v 0.00109262 0.09699813 0.98967993
v 0.00184187 0.10004853 0.98933750
v 0.00278118 0.10304587 0.98899603
v 0.00390684 0.10597832 0.98865670
v 0.00521441 0.10883430 0.98832101
v 0.00669873 0.11160254 0.98799020
v 0.00835394 0.11427212 0.98766553
v 0.01017350 0.11683249 0.98734844
v 0.01215025 0.11927357 0.98704004
v 0.01427637 0.12158570 0.98674154
v 0.01654347 0.12375978 0.98645425
v 0.01894261 0.12578721 0.98617917
v 0.02146432 0.12766001 0.98591745
v 0.08784975 0.05393151 0.95845652
v 0.08982649 0.05637258 0.95844108
v 0.09164606 0.05893296 0.95843178
v 0.09330127 0.06160254 0.95842868
v 0.09478559 0.06437078 0.95843178
v 0.09609316 0.06722676 0.95844108
v 0.09721882 0.07015921 0.95845652
v 0.09815813 0.07315655 0.95847803
v 0.09890738 0.07620695 0.95850557
v 0.09946362 0.07929839 0.95853901
v 0.09982464 0.08241865 0.95857823
v 0.09998903 0.08555542 0.95862305
v 0.09995614 0.08869632 0.95867330
v 0.08784975 0.05393151 0.98876196
v 0.08982649 0.05637258 0.98840016
v 0.09164606 0.05893296 0.98804474
v 0.09330127 0.06160254 0.98769718
v 0.09478559 0.06437078 0.98735875
v 0.09609316 0.06722676 0.98703086
v 0.09721882 0.07015921 0.98671478
v 0.09815813 0.07315655 0.98641181
v 0.09890738 0.07620695 0.98612309
v 0.09946362 0.07929839 0.98584974
v 0.09982464 0.08241865 0.98559290
v 0.09998903 0.08555542 0.98535353
v 0.09995614 0.08869632 0.98513258
v 0.09786598 0.10105413 0.95892435
v 0.09686410 0.10403115 0.95899838
v 0.09567727 0.10693938 0.95907640
v 0.09431018 0.10976734 0.95915806
v 0.09276821 0.11250389 0.95924300
v 0.09105746 0.11513822 0.95933098
v 0.08918467 0.11765993 0.95942158
v 0.08715724 0.12005907 0.95951444
v 0.08498317 0.12232617 0.95960921
v 0.08022995 0.12642904 0.95980304
v 0.08267103 0.12445229 0.95970559
v 0.09972610 0.09182896 0.95872879
v 0.09929980 0.09494098 0.95878929
v 0.09867895 0.09802008 0.95885456
v 0.09686410 0.10403115 0.98433232
v 0.09567727 0.10693938 0.98423755
v 0.09786598 0.10105413 0.98444957
v 0.09431018 0.10976734 0.98416567
v 0.09276821 0.11250389 0.98411685
v 0.09105746 0.11513822 0.98409140
v 0.08945152 0.11730062 0.98408961
v 0.08918467 0.11765993 0.98408395
v 0.08715724 0.12005907 0.98406541
v 0.08498317 0.12232617 0.98406845
v 0.08022995 0.12642904 0.98390663
v 0.08388577 0.12333528 0.98408014
v 0.08267103 0.12445229 0.98401338
v 0.09972610 0.09182896 0.98493099
v 0.09929980 0.09494098 0.98474950
v 0.09867895 0.09802008 0.98458880
v 0.11714186 0.16330822 0.92771137
v 0.05865522 0.19707550 0.92653793
v 0.06537549 0.19319555 0.92702490
v 0.10766824 0.16877782 0.92771721
v 0.02409865 0.12937075 0.95862305
v 0.02683520 0.13091272 0.95867330
v 0.02966317 0.13227981 0.95872879
v 0.03257140 0.13346665 0.95878929
v 0.03554841 0.13446851 0.95885456
v 0.03858246 0.13528149 0.95892435
v 0.04166156 0.13590235 0.95899838
v 0.04477358 0.13632864 0.95907640
v 0.04790622 0.13655868 0.95915806
v 0.05104712 0.13659157 0.95924300
v 0.05418389 0.13642718 0.95933098
v 0.04477358 0.13632864 0.98428321
v 0.04790622 0.13655868 0.98413676
v 0.05418389 0.13642718 0.98390406
v 0.05104712 0.13659157 0.98401028
v 0.02409865 0.12937075 0.98567015
v 0.02683520 0.13091272 0.98543817
v 0.02966317 0.13227981 0.98522246
v 0.03257140 0.13346665 0.98502392
v 0.03494728 0.13426621 0.98487973
v 0.03554841 0.13446851 0.98483545
v 0.03858246 0.13528149 0.98463321
v 0.04166156 0.13590235 0.98444885
v 0.04618414 0.17743784 0.98001796
v 0.05730415 0.13606615 0.95942158
v 0.06039558 0.13550992 0.95951444
v 0.06644333 0.13382135 0.95970559
v 0.06344599 0.13476066 0.95960921
v 0.07500000 0.12990381 0.95999998
v 0.07223176 0.13138813 0.95990133
v 0.06937578 0.13269570 0.95980304
v 0.07766958 0.12824860 0.95990133
v 0.05730415 0.13606615 0.98381871
v 0.06039558 0.13550992 0.98375446
v 0.06644333 0.13382135 0.98369020
v 0.06344599 0.13476066 0.98371154
v 0.07500000 0.12990381 0.98375589
v 0.07223176 0.13138813 0.98371243
v 0.06937578 0.13269570 0.98369050
v 0.07766958 0.12824860 0.98382068
v 0.09458562 0.13906701 0.98204947
v 0.10000000 0.17320508 0.95999998
v 0.47129607 -0.08713604 0.87236899
v 0.47016191 -0.04050800 0.82675105
v 0.45192549 -0.02997920 0.83726126
v 0.45398626 -0.03116898 0.86863399
v 0.37505433 0.01440240 0.87372136
v 0.42335087 -0.01348163 0.85199296
v 0.40730447 -0.00421723 0.85979342
v 0.47133300 0.05329664 0.84267944
v 0.15578590 -0.08994303 0.94299579
v 0.16227698 -0.09369066 0.98228723
v 0.44594651 -0.08003745 0.88586491
v 0.45855054 -0.08349720 0.87930703
v 0.45835924 -0.08333905 0.87942678
v 0.43161917 -0.04781056 0.89720213
v 0.41831487 -0.04479323 0.90329891
v 0.41808414 -0.04456135 0.90342587
v 0.40455920 -0.04196374 0.90925181
v 0.39115167 -0.00685413 0.91839492
v 0.36180651 -0.00351134 0.92908615
v 0.37721685 -0.00499488 0.92365974
v 0.37693876 -0.00461949 0.92379367
v 0.34274909 0.03305383 0.88577980
v 0.33666933 0.03656397 0.88811594
v 0.33981922 0.04356986 0.88752800
v 0.32400301 0.04387688 0.89233363
v 0.32495904 0.04332493 0.89204443
v 0.32551754 0.04407413 0.89191401
v 0.32580957 0.04331099 0.89178443
v 0.31359354 0.04988679 0.89566499
v 0.36112100 0.02244681 0.87930948
v 0.35691190 0.02487692 0.91301423
v 0.35047090 0.03641450 0.93576759
v 0.40605301 -0.00349470 0.89258540
v 0.31733400 0.03442699 0.94540441
v 0.33577922 0.03608784 0.94023484
v 0.33547753 0.03683941 0.94036627
v 0.46403959 0.08738699 0.85065597
v 0.45145315 0.09120529 0.85566562
v 0.45124522 0.09162935 0.85579300
v 0.43740037 0.09491639 0.86085528
v 0.43275294 0.13320872 0.86642903
v 0.41912985 0.13506742 0.87073940
v 0.41895807 0.13587044 0.87085700
v 0.22013599 0.10384454 0.91773641
v 0.20442319 0.11291632 0.92005396
v 0.27608296 0.07154354 0.90619791
v 0.30681235 0.05380191 0.89753389
v 0.29031169 0.06332856 0.90252542
v 0.28826079 0.08521096 0.90345746
v 0.28861532 0.08804672 0.90342516
v 0.30277511 0.08971523 0.89996195
v 0.24292950 0.09068470 0.91361237
v 0.26494282 0.07797530 0.90873820
v 0.26275009 0.07924128 0.90917969
v 0.30675688 0.05383394 0.92983985
v 0.26759359 0.07644486 0.90809649
v 0.22643487 0.10020787 0.91662902
v 0.19106701 0.06228482 0.97447515
v 0.20420009 0.11304513 0.95243013
v 0.14294353 0.10063210 0.98019946
v 0.25578591 0.08326205 0.94299579
v 0.26825956 0.06736040 0.95880198
v 0.29601127 0.08006755 0.95257896
v 0.29634622 0.08288030 0.95255011
v 0.15633087 0.14068244 0.92553264
v 0.16880335 0.13348144 0.92461312
v 0.27738151 0.15355013 0.90601182
v 0.28530306 0.17646198 0.90427494
v 0.15220305 0.14306563 0.95810568
v 0.28338557 0.15098950 0.95551258
v 0.29081386 0.17343411 0.95387799
v 0.46264645 0.08103532 0.90330517
v 0.46243057 0.08145206 0.90343416
v 0.44790354 0.08483074 0.90875417
v 0.42847502 0.12725869 0.91922343
v 0.44278371 0.12536110 0.91469425
v 0.31121308 0.08481146 0.94891435
v 0.36111641 0.17363381 0.88811576
v 0.38888097 0.18143629 0.88177055
v 0.38965473 0.18419470 0.88168281
v 0.40177631 0.13627250 0.87577796
v 0.42829201 0.12805174 0.91934323
v 0.41030547 0.12842467 0.92450428
v 0.40362301 0.18365791 0.87812799
v 0.41180480 0.17837647 0.92708427
v 0.39634377 0.17602147 0.93090743
v 0.39709485 0.17876011 0.93082374
v 0.36745378 0.16777381 0.93751544
v 0.80526489 -0.46491992 0.23874229
v 0.83138436 -0.47999999 0.00000000
v 0.85064614 -0.47930789 0.00657130
v 0.85090578 -0.47916132 0.01567423
v 0.85118389 -0.47893277 0.02685717
v 0.85102820 -0.47837281 0.03436114
v 0.82974386 -0.47905284 0.06027890
v 0.85040820 -0.47643536 0.05838928
v 0.85015523 -0.47565949 0.06941137
v 0.84984893 -0.47478512 0.08814491
v 0.86431652 -0.49901336 0.06279052
v 0.84933925 -0.47387910 0.09572116
v 0.82482868 -0.47621506 0.12031990
v 0.84763122 -0.47087729 0.11961916
v 0.84375948 -0.45856571 0.00000000
v 0.84502172 -0.46430653 0.01345820
v 0.84520358 -0.46368143 0.02206786
v 0.84526366 -0.46362031 0.02447415
v 0.84463423 -0.45542723 0.02582796
v 0.84530962 -0.46199387 0.04374622
v 0.84507829 -0.45320544 0.04894087
v 0.84511077 -0.45243648 0.06027890
v 0.84538585 -0.45960623 0.07384594
v 0.84528387 -0.45859683 0.08245600
v 0.84525919 -0.45850393 0.08469577
v 0.84509265 -0.44708204 0.08876725
v 0.84421164 -0.45482466 0.11227050
v 0.84475362 -0.44249690 0.11612593
v 0.84459156 -0.44198474 0.12031990
v 0.84595466 -0.46873218 0.14583299
v 0.84581029 -0.46856037 0.14813387
v 0.85919654 -0.49605736 0.12533323
v 0.85068572 -0.49114361 0.18738131
v 0.81665826 -0.47149789 0.17988606
v 0.83881760 -0.48429158 0.24868989
v 0.84338814 -0.45212501 0.13370159
v 0.84297603 -0.45074677 0.14217412
v 0.84285539 -0.45061901 0.14432104
v 0.84361088 -0.43345433 0.15261169
v 0.84216434 -0.46313766 0.17931132
v 0.84073383 -0.44572911 0.17130546
v 0.84244406 -0.42683557 0.17988606
v 0.84007907 -0.46087113 0.19769187
v 0.83914322 -0.45983520 0.20581549
v 0.83890343 -0.45968309 0.20796885
v 0.83902305 -0.44200212 0.19276300
v 0.83829111 -0.44016635 0.20111357
v 0.83806038 -0.43999961 0.20320235
v 0.83419412 -0.45356292 0.23698081
v 0.83581889 -0.43577147 0.22178160
v 0.84210157 -0.42262107 0.19064030
v 0.84103054 -0.41543835 0.21085668
v 0.84063941 -0.41372508 0.21696724
v 0.84241909 -0.40056702 0.23874229
v 0.83824664 -0.40722981 0.24491735
v 0.79069352 -0.45650712 0.29665631
v 0.80521005 -0.46488824 0.36812454
v 0.77300167 -0.44629270 0.35339957
v 0.80441248 -0.42208233 0.37148976
v 0.81008649 -0.39235923 0.37183654
v 0.80951107 -0.39169237 0.37405571
v 0.75225908 -0.43431699 0.40874812
v 0.78360319 -0.45241353 0.42577928
v 0.80222869 -0.41915780 0.37948355
v 0.80155647 -0.41876012 0.38164008
v 0.79591745 -0.41226324 0.39985836
v 0.78702813 -0.40448704 0.42698094
v 0.78449887 -0.40098807 0.43479577
v 0.78368747 -0.40035394 0.43699723
v 0.75890386 -0.43815333 0.48175368
v 0.72854769 -0.42062721 0.46248353
v 0.77731818 -0.39254305 0.45490047
v 0.82363909 -0.47552827 0.30901700
v 0.83096868 -0.45019621 0.25670847
v 0.82958072 -0.44859886 0.26482350
v 0.82921928 -0.44846916 0.26687735
v 0.83227658 -0.42927054 0.25090033
v 0.82362044 -0.44208074 0.29337272
v 0.83123773 -0.42688978 0.25913978
v 0.83088642 -0.42659929 0.26127535
v 0.82793039 -0.42125681 0.27974546
v 0.83769685 -0.40445077 0.25303686
v 0.83742666 -0.40391657 0.25530913
v 0.83571738 -0.39754468 0.27370435
v 0.82316011 -0.41385019 0.30803341
v 0.81907856 -0.43731165 0.31466374
v 0.81726861 -0.43503317 0.32276601
v 0.81675804 -0.43483779 0.32482642
v 0.81193793 -0.42958996 0.34320927
v 0.82182854 -0.41094568 0.31610307
v 0.82135803 -0.41048485 0.31829253
v 0.81774259 -0.40392980 0.33659205
v 0.81168830 -0.39582956 0.36393461
v 0.70196104 -0.40527740 0.51439375
v 0.73120946 -0.42216396 0.53582680
v 0.70062929 -0.40450850 0.58778524
v 0.91502231 -0.35790905 0.01545085
v 0.91881257 -0.35727161 0.00000000
v 0.91862321 -0.35727620 0.00313953
v 0.91816801 -0.35737148 0.00635842
v 0.91818810 -0.35736629 0.00626666
v 0.91738015 -0.35746723 0.00936907
v 0.91632223 -0.35764763 0.01243449
v 0.91073209 -0.35891667 0.02267506
v 0.91348565 -0.35825047 0.01840623
v 0.91171825 -0.35867050 0.02128896
v 0.90263647 -0.35507378 0.02408768
v 0.90176344 -0.35641602 0.02679134
v 0.90080994 -0.35790420 0.02938926
v 0.90831906 -0.36020091 0.02679134
v 0.90995085 -0.35938382 0.02421523
v 0.91002500 -0.35933954 0.02408768
v 0.90644014 -0.36115479 0.02938926
v 0.91130757 -0.35858765 0.02536264
v 0.89741886 -0.36585328 0.03852566
v 0.89627147 -0.36519083 0.03852566
v 0.89988279 -0.36455515 0.03644843
v 0.89512455 -0.36707011 0.04023290
v 0.89505494 -0.36700264 0.04322327
v 0.89867705 -0.36129436 0.03422736
v 0.90440232 -0.36220127 0.03187120
v 0.90221369 -0.36333624 0.03422736
v 0.89977980 -0.35953248 0.03187120
v 0.89750606 -0.36318299 0.03644843
v 0.91236424 -0.35750055 0.03940753
v 0.91236991 -0.35749617 0.03944197
v 0.89491844 -0.36621836 0.05946265
v 0.89494634 -0.36611876 0.06027890
v 0.91334462 -0.35635757 0.05061368
v 0.90638441 -0.35009620 0.00000000
v 0.90624958 -0.35013232 0.00313953
v 0.90601671 -0.35033917 0.00626666
v 0.90568656 -0.35071597 0.00936907
v 0.90474027 -0.35197273 0.01545085
v 0.90526056 -0.35126120 0.01243449
v 0.90412784 -0.35284773 0.01840623
v 0.90342569 -0.35388279 0.02128896
v 0.93385583 -0.35171938 0.01705631
v 0.96259522 -0.34880897 0.02919851
v 0.96344954 -0.34686345 0.02880188
v 0.93584847 -0.35015622 0.03435887
v 0.93585449 -0.35014200 0.03452595
v 0.93909562 -0.34798381 0.04945295
v 0.89393890 -0.36514950 0.07463571
v 0.89274186 -0.36595842 0.08132389
v 0.89087445 -0.36566192 0.10000031
v 0.88894105 -0.36516914 0.12031990
v 0.88786870 -0.36556649 0.12492904
v 0.89598185 -0.36305603 0.08448587
v 0.89639008 -0.36138108 0.09851259
v 0.89638716 -0.36138782 0.09846670
v 0.89690369 -0.35985884 0.10953324
v 0.92026716 -0.35100585 0.07836284
v 0.92110419 -0.34913039 0.09216814
v 0.92110950 -0.34912312 0.09221143
v 0.94439983 -0.34479049 0.06925924
v 0.94631469 -0.34221891 0.08619206
v 0.94630110 -0.34225333 0.08596028
v 0.97364646 -0.34145030 0.08009440
v 0.97447228 -0.33952376 0.07956638
v 0.92195457 -0.34744075 0.10311086
v 0.95006424 -0.33908138 0.10144429
v 0.95609504 -0.33471990 0.12073531
v 0.92953855 -0.30999205 0.00000000
v 0.92968035 -0.30785629 0.03007278
v 0.95165414 -0.30475849 0.01061891
v 0.95335937 -0.30337995 0.02535389
v 0.95335352 -0.30336109 0.02555649
v 0.93005478 -0.30622259 0.04574673
v 0.93010795 -0.30605796 0.04690069
v 0.92974383 -0.30584773 0.06027890
v 0.92746443 -0.30453172 0.06214235
v 0.95698476 -0.30094314 0.04228011
v 0.96171391 -0.29823884 0.05957888
v 0.92704803 -0.30429134 0.06713156
v 0.92894518 -0.30344313 0.06813689
v 0.92512786 -0.30318272 0.08248370
v 0.92989212 -0.30148974 0.08137116
v 0.92989951 -0.30148241 0.08140856
v 0.93075889 -0.29965457 0.09197516
v 0.96335149 -0.29597333 0.07409918
v 0.96335292 -0.29601598 0.07382536
v 0.96752179 -0.29248375 0.09106271
v 0.92114782 -0.30088481 0.10965968
v 0.92482865 -0.30300999 0.12031990
v 0.97287911 -0.28878617 0.10784669
v 0.93791443 -0.29328674 0.11736261
v 0.97444636 -0.28570178 0.12185494
v 0.97444135 -0.28577852 0.12150635
v 0.98235756 -0.30380592 0.02002385
v 0.98321193 -0.30186042 0.01962722
v 0.99274886 -0.29688668 0.06788038
v 0.99357468 -0.29496017 0.06735235
v 1.00432718 -0.28719825 0.11497792
v 1.00512123 -0.28529832 0.11432058
v 0.88587981 -0.36475730 0.13835850
v 0.88144130 -0.36258781 0.16990171
v 0.88143677 -0.36274788 0.16899598
v 0.88053352 -0.36309272 0.17284614
v 0.88281131 -0.35969517 0.17790358
v 0.87909496 -0.36335436 0.17988606
v 0.88318068 -0.35884413 0.18035379
v 0.90351790 -0.35167760 0.13801922
v 0.92980564 -0.34019238 0.13062821
v 0.90371966 -0.34918869 0.15173043
v 0.93044746 -0.33751553 0.14419083
v 0.93045175 -0.33750457 0.14424151
v 0.93117219 -0.33525488 0.15490764
v 0.95788950 -0.33127677 0.13672103
v 0.95791274 -0.33121201 0.13702428
v 0.96222717 -0.32699946 0.15267894
v 0.90403646 -0.34708551 0.16267748
v 0.90607691 -0.34420791 0.17063819
v 0.90667236 -0.34335676 0.17300765
v 0.96892512 -0.32155925 0.17125568
v 0.93988717 -0.32619467 0.18196198
v 0.97063559 -0.31718409 0.18680875
v 0.97060114 -0.31729084 0.18642807
v 0.87203836 -0.36579499 0.20176664
v 0.87570143 -0.36548644 0.18826465
v 0.85524416 -0.37442517 0.24550277
v 0.86370170 -0.36634731 0.23283048
v 0.86512226 -0.36462781 0.23128819
v 0.86513197 -0.36470774 0.23095672
v 0.86114842 -0.36812684 0.23874229
v 0.86580855 -0.36131728 0.23922499
v 0.86590618 -0.36043438 0.24157812
v 0.88616610 -0.35229075 0.19839053
v 0.88599122 -0.34611857 0.22350191
v 0.88738471 -0.34271234 0.23137161
v 0.88771695 -0.34176350 0.23367649
v 0.91111910 -0.33701023 0.19064555
v 0.91145617 -0.33085629 0.21500844
v 0.94038153 -0.32269952 0.19526261
v 0.94099224 -0.31983307 0.20579509
v 0.91358376 -0.32748544 0.22282107
v 0.91414660 -0.32654801 0.22503187
v 0.91865677 -0.31919327 0.24211963
v 0.91588235 -0.29784483 0.13610372
v 0.91243005 -0.29585162 0.15215574
v 0.93871158 -0.29054865 0.13037178
v 0.93871886 -0.29053766 0.13041611
v 0.93948281 -0.28814235 0.14077383
v 0.90908784 -0.29392201 0.16417873
v 0.90757167 -0.29304662 0.17306946
v 0.91192591 -0.29008448 0.17521507
v 0.91665828 -0.29829279 0.17988606
v 0.94740206 -0.28011763 0.16572863
v 0.94806898 -0.27659717 0.17848191
v 0.94807583 -0.27658182 0.17853215
v 0.88864344 -0.28211841 0.24539205
v 0.90357357 -0.29073834 0.19057322
v 0.91189706 -0.28674066 0.18822737
v 0.91190004 -0.28672546 0.18827973
v 0.91202146 -0.28389835 0.19860275
v 0.89777213 -0.28738889 0.21515912
v 0.97557729 -0.31178060 0.20291959
v 0.94374484 -0.31671289 0.21343799
v 0.90526491 -0.29171485 0.23874229
v 0.95047551 -0.30906823 0.23217325
v 0.95101875 -0.30472663 0.24513420
v 0.94875199 -0.27360353 0.18868938
v 0.95737410 -0.26398921 0.21304879
v 0.91915172 -0.27318624 0.22385456
v 0.91889149 -0.26907206 0.23658781
v 0.91889310 -0.26905206 0.23664519
v 0.91884083 -0.26563194 0.24677950
v 0.95792985 -0.25969207 0.22551075
v 0.95793623 -0.25967169 0.22556603
v 0.95853215 -0.25609383 0.23552236
v 0.98596013 -0.33114654 0.13018310
v 0.98675412 -0.32924661 0.12952577
v 0.99948758 -0.31793833 0.17926693
v 0.97919887 -0.28106141 0.13909929
v 1.00024664 -0.31607252 0.17848289
v 0.98512375 -0.27644786 0.15520960
v 0.98661369 -0.27260271 0.16862601
v 0.98660117 -0.27272487 0.16819988
v 1.01704681 -0.27477881 0.16113059
v 1.01780593 -0.27291298 0.16034655
v 0.99199384 -0.26671979 0.18616629
v 0.98286742 -0.30537713 0.22059573
v 1.01489675 -0.30005351 0.22624451
v 1.01417553 -0.30187786 0.22715218
v 0.98446411 -0.30021271 0.23533790
v 0.98441809 -0.30037448 0.23487566
v 0.99841613 -0.26128641 0.20145977
v 0.99980325 -0.25692481 0.21371575
v 0.99982321 -0.25674498 0.21422079
v 1.03085768 -0.25967741 0.20615627
v 1.03157890 -0.25785306 0.20524861
v 1.00587475 -0.24952120 0.23204048
v 1.01271689 -0.24337798 0.24639612
v 1.04570508 -0.24195367 0.24987726
v 1.04638553 -0.24017797 0.24884954
v 0.80530953 -0.38385525 0.39207768
v 0.79789770 -0.37524533 0.41841194
v 0.79604965 -0.37115976 0.42615193
v 0.79539478 -0.37026879 0.42835614
v 0.81006563 -0.33104169 0.43622896
v 0.79069334 -0.36111081 0.44596854
v 0.76699167 -0.38468131 0.48085192
v 0.76413840 -0.38054690 0.48849720
v 0.76322353 -0.37966403 0.49067935
v 0.80270606 -0.32114813 0.46088418
v 0.78184295 -0.35214666 0.47126240
v 0.77977377 -0.34739080 0.47884023
v 0.77907085 -0.34627637 0.48097765
v 0.77396327 -0.33578500 0.49804175
v 0.80152279 -0.31590337 0.46838287
v 0.80107510 -0.31462246 0.47044829
v 0.79803652 -0.30317751 0.48708090
v 0.81015569 -0.23680349 0.44774267
v 0.80638891 -0.23053166 0.45987904
v 0.79842764 -0.23003231 0.47126156
v 0.80282795 -0.22594343 0.46985254
v 0.78943682 -0.22484146 0.48918369
v 0.80282062 -0.21967174 0.47687754
v 0.80264592 -0.20553976 0.49286267
v 0.85098004 -0.37711775 0.25357944
v 0.84894276 -0.37753546 0.25893354
v 0.84882832 -0.37439027 0.26697719
v 0.83111441 -0.38591477 0.31120685
v 0.83220798 -0.38994744 0.30097568
v 0.83146155 -0.38661733 0.30894390
v 0.84640539 -0.36671245 0.29331988
v 0.84633094 -0.36305436 0.30119866
v 0.84617317 -0.36216170 0.30347949
v 0.86722255 -0.35289297 0.25949490
v 0.89065039 -0.33414492 0.25121427
v 0.89002287 -0.32640576 0.27594468
v 0.86574548 -0.34518108 0.28499347
v 0.86641067 -0.34131140 0.29279214
v 0.86648351 -0.34029824 0.29504004
v 0.89147252 -0.32245585 0.28366891
v 0.89179045 -0.32139865 0.28584135
v 0.86769331 -0.33160681 0.31249279
v 0.82895440 -0.37831846 0.32931751
v 0.82424879 -0.36980441 0.35578567
v 0.82332933 -0.36588261 0.36360148
v 0.82292408 -0.36498889 0.36583504
v 0.84564811 -0.35384277 0.32130390
v 0.86537832 -0.32258281 0.33739570
v 0.84218073 -0.34503481 0.34696043
v 0.84202707 -0.34077618 0.35469329
v 0.84184444 -0.33971801 0.35689682
v 0.84112877 -0.33017108 0.37425980
v 0.86605281 -0.31811935 0.34504589
v 0.89069355 -0.28330204 0.29665631
v 0.88484579 -0.27992585 0.25775653
v 0.88378680 -0.27931443 0.26054171
v 0.87904841 -0.27657872 0.27843234
v 0.88866836 -0.26774189 0.28261137
v 0.88729483 -0.26321277 0.29528645
v 0.88728923 -0.26318902 0.29535019
v 0.87178546 -0.27238548 0.30017808
v 0.88635987 -0.25944522 0.30545965
v 0.91882861 -0.31141660 0.26614633
v 0.92108101 -0.30752826 0.27379775
v 0.92163402 -0.30650041 0.27586237
v 0.95155293 -0.30118120 0.25559887
v 0.95456034 -0.29752791 0.26314053
v 0.96153402 -0.28887758 0.28107518
v 0.89475304 -0.31269458 0.30285171
v 0.92628926 -0.29813308 0.29237586
v 0.96204489 -0.28371671 0.29369035
v 0.92640650 -0.25327948 0.27129412
v 0.96779585 -0.24496460 0.25914133
v 0.92593622 -0.24839962 0.28370941
v 0.92593640 -0.24837410 0.28377104
v 0.92571586 -0.24434133 0.29370952
v 0.96249574 -0.27948651 0.30399880
v 0.96573168 -0.27533299 0.31134841
v 0.89353496 -0.30350816 0.32705155
v 0.86612093 -0.31696966 0.34718153
v 0.86729831 -0.30711460 0.36410448
v 0.86488873 -0.26840362 0.32078308
v 0.89216036 -0.24447119 0.33002281
v 0.84700352 -0.25807759 0.36618012
v 0.85066617 -0.25545779 0.36456802
v 0.85166985 -0.25022817 0.37197566
v 0.87300164 -0.27308762 0.35339957
v 0.85391444 -0.26206762 0.34759605
v 0.85261810 -0.25947049 0.35429841
v 0.89507520 -0.29898524 0.33461630
v 0.92614204 -0.28882968 0.31591433
v 0.92855752 -0.28440115 0.32338855
v 0.92911863 -0.28328544 0.32530817
v 0.89539814 -0.29781839 0.33665445
v 0.89846247 -0.28802809 0.35308203
v 0.93398923 -0.27391657 0.34119982
v 0.97302592 -0.26569751 0.32848409
v 0.97342950 -0.25973883 0.34073976
v 0.93338203 -0.26317316 0.36413196
v 0.93599981 -0.25818434 0.37140679
v 0.97379220 -0.25482738 0.35081819
v 0.97723454 -0.25020462 0.35790876
v 0.93658280 -0.25698906 0.37317714
v 0.99009681 -0.29348877 0.25192451
v 0.99789065 -0.28625762 0.26853728
v 1.03064632 -0.28125280 0.27262217
v 1.02996588 -0.28302848 0.27364987
v 0.99931312 -0.28061876 0.28186727
v 0.99936950 -0.28038803 0.28241292
v 1.00575256 -0.27220982 0.29945150
v 1.01395202 -0.26429904 0.31487092
v 1.01531029 -0.25781006 0.32784545
v 1.01524651 -0.25812429 0.32721704
v 1.04679644 -0.26146457 0.31857651
v 1.04743350 -0.25974455 0.31743282
v 1.02249253 -0.24805048 0.34526357
v 0.82038879 -0.35612154 0.38356853
v 0.83651733 -0.32037261 0.39913765
v 0.81440032 -0.34684968 0.40915534
v 0.81333423 -0.34229067 0.41681731
v 0.81289494 -0.34119922 0.41898629
v 0.86403227 -0.29690120 0.38830745
v 0.86474955 -0.29180926 0.39579418
v 0.86483115 -0.29052764 0.39780164
v 0.83631432 -0.31547278 0.40671596
v 0.83612800 -0.31424966 0.40881711
v 0.83529770 -0.30347019 0.42562193
v 0.84026730 -0.25418845 0.38412917
v 0.83272350 -0.24983305 0.40098497
v 0.82124889 -0.24320814 0.42651322
v 0.86604726 -0.27951562 0.41411266
v 0.85225910 -0.26111192 0.40874812
v 0.89652640 -0.27749994 0.37663844
v 0.89819402 -0.27237633 0.38402423
v 0.89853776 -0.27110666 0.38591912
v 0.90177053 -0.26024616 0.40169370
v 0.94173110 -0.24664323 0.38838589
v 0.89899564 -0.24847195 0.42451891
v 0.82944512 -0.29280296 0.44965509
v 0.82922620 -0.28722078 0.45706123
v 0.82905644 -0.28584453 0.45903286
v 0.82854772 -0.24742213 0.46248353
v 0.86172181 -0.26822186 0.43753707
v 0.86251891 -0.26246840 0.44483653
v 0.86262977 -0.26106766 0.44669831
v 0.86395407 -0.24892047 0.46230966
v 0.82818788 -0.27384609 0.47517735
v 0.82099855 -0.26242206 0.49831462
v 0.96825725 -0.23990199 0.27127218
v 0.96826327 -0.23987591 0.27133176
v 0.96878564 -0.23568356 0.28107721
v 0.89048153 -0.23920020 0.34235033
v 0.89047372 -0.23917049 0.34241757
v 0.88928252 -0.23481168 0.35233042
v 0.93366724 -0.23043944 0.31735224
v 0.93300515 -0.22480667 0.32940599
v 0.93300420 -0.22477488 0.32947126
v 0.93261945 -0.22011441 0.33919609
v 0.94091207 -0.20475237 0.36185127
v 0.94007182 -0.19838785 0.37349731
v 0.94006991 -0.19834892 0.37356588
v 1.01401019 -0.23845851 0.25787175
v 1.01403630 -0.23820819 0.25845549
v 1.02079713 -0.22954607 0.27650231
v 0.97863197 -0.22311725 0.30382860
v 1.02797782 -0.22281125 0.28982627
v 1.06153059 -0.22167750 0.29212099
v 1.02917492 -0.21741498 0.30049482
v 1.02920437 -0.21708085 0.30115533
v 1.06216753 -0.21995749 0.29097730
v 0.97901195 -0.21730679 0.31558537
v 0.97901785 -0.21727431 0.31564870
v 0.97947109 -0.21245642 0.32516417
v 1.03670263 -0.20689180 0.31933987
v 0.98491418 -0.23961413 0.37421933
v 1.03099620 -0.23961166 0.35939851
v 1.03216422 -0.23299848 0.37075061
v 1.03223026 -0.23258607 0.37145886
v 1.04414070 -0.19968554 0.33156800
v 1.04523957 -0.19389008 0.34142140
v 1.04526734 -0.19345854 0.34215531
v 0.98984641 -0.19853120 0.34693736
v 0.99015260 -0.19199727 0.35827562
v 0.99015874 -0.19195752 0.35834235
v 0.99054402 -0.18650849 0.36760095
v 1.05351830 -0.18167062 0.36035258
v 1.06113708 -0.17410932 0.37145060
v 1.06460083 -0.23727126 0.36175475
v 1.06519175 -0.23561370 0.36049959
v 1.07886267 -0.19727138 0.33146560
v 1.07827163 -0.19892894 0.33272076
v 1.09586227 -0.17379776 0.37151635
v 1.09640503 -0.17220920 0.37015465
v 0.85089302 -0.23283532 0.40115365
v 0.85379833 -0.23832890 0.38900226
v 0.89325768 -0.21230865 0.38782504
v 0.89324778 -0.21227208 0.38789546
v 0.89179647 -0.20728628 0.39758456
v 0.84857661 -0.22824182 0.41115847
v 0.84956706 -0.22251628 0.41828483
v 0.85171658 -0.20955558 0.43450263
v 0.89522237 -0.21830493 0.37589312
v 0.90083009 -0.24272296 0.43169764
v 0.90120733 -0.24136311 0.43343905
v 0.94053054 -0.23453981 0.41061795
v 0.94337457 -0.22899063 0.41765088
v 0.94947207 -0.21643627 0.43373421
v 0.93952280 -0.19305220 0.38305002
v 0.94811970 -0.17631564 0.40461797
v 0.89784938 -0.18934044 0.42004442
v 0.89561337 -0.18264546 0.43153152
v 0.89560157 -0.18260098 0.43160498
v 0.94710934 -0.16924869 0.41580972
v 0.94710672 -0.16920160 0.41588143
v 0.81068534 -0.23710927 0.44650134
v 0.81067359 -0.23599105 0.44794723
v 0.85846257 -0.23664865 0.48489285
v 0.85938108 -0.23020421 0.49196997
v 0.85953444 -0.22870149 0.49367198
v 0.84828967 -0.20340230 0.44633457
v 0.84831023 -0.20344250 0.44625941
v 0.84563148 -0.19827186 0.45596206
v 0.89388949 -0.17698504 0.44103506
v 0.84880686 -0.17810203 0.47811684
v 0.84501845 -0.17129269 0.48946610
v 0.84504217 -0.17134167 0.48938796
v 0.90467209 -0.22946103 0.44848454
v 0.94842505 -0.20914625 0.44541714
v 0.90093917 -0.21653172 0.47050765
v 0.90296257 -0.21016450 0.47742486
v 0.94756544 -0.20303753 0.45519337
v 0.95052218 -0.19705755 0.46185854
v 0.90714014 -0.19581687 0.49325752
v 0.95703298 -0.18350756 0.47704309
v 0.95555723 -0.17545889 0.48838240
v 0.95556581 -0.17551483 0.48830464
v 0.94639534 -0.16326758 0.42509082
v 0.84199929 -0.16555880 0.49880797
v 0.90003896 -0.15768649 0.46230361
v 0.95526987 -0.14523780 0.44548431
v 0.95409089 -0.13750510 0.45617658
v 0.95408785 -0.13744861 0.45625135
v 0.89754033 -0.15032859 0.47329772
v 0.89752674 -0.15027492 0.47337425
v 0.89554965 -0.14403491 0.48250470
v 0.95450103 -0.16877395 0.49768558
v 0.95320570 -0.13088399 0.46514764
v 0.96234357 -0.11163827 0.48428845
v 0.96099013 -0.10328303 0.49443892
v 0.96098709 -0.10321556 0.49451676
v 0.98513836 -0.23287682 0.38609520
v 0.98540819 -0.22729567 0.39588097
v 0.98903877 -0.22223240 0.40266111
v 1.04024482 -0.22113584 0.38913485
v 1.04895461 -0.21231569 0.40193480
v 0.99716109 -0.21072552 0.41810393
v 1.00140226 -0.17130128 0.38829917
v 0.99715960 -0.20323004 0.42956695
v 0.99716109 -0.20318165 0.42964014
v 1.05005789 -0.20482819 0.41308856
v 1.04999745 -0.20535363 0.41230506
v 1.05891824 -0.19160581 0.43085608
v 1.08330858 -0.21054401 0.40301424
v 1.08385122 -0.20895544 0.40165257
v 0.99733305 -0.19699037 0.43901569
v 1.00972831 -0.17914182 0.45996574
v 1.00966001 -0.17092822 0.47091350
v 1.00966251 -0.17087044 0.47098923
v 1.06774557 -0.18253909 0.44230878
v 1.06870687 -0.17465185 0.45258209
v 1.06866264 -0.17530565 0.45172885
v 1.10333824 -0.17987500 0.44072929
v 1.10284603 -0.18138830 0.44219211
v 1.00163615 -0.16407457 0.39917469
v 1.00164282 -0.16402659 0.39924458
v 1.00195682 -0.15794688 0.40821365
v 1.01326215 -0.14153303 0.42775121
v 1.06213498 -0.16798533 0.38049790
v 1.06215394 -0.16744241 0.38130078
v 1.07115710 -0.15400708 0.39935443
v 1.07888830 -0.14619869 0.40931559
v 1.07978094 -0.13980691 0.41758060
v 1.07978094 -0.13913789 0.41844758
v 1.11423302 -0.14638315 0.40835461
v 1.11472523 -0.14486985 0.40689179
v 1.08951831 -0.12403557 0.43617624
v 1.01341808 -0.13364990 0.43812147
v 1.01342595 -0.13359249 0.43819439
v 1.00975430 -0.16399068 0.48005226
v 1.02257669 -0.14498502 0.49963865
v 1.01365995 -0.12688892 0.44683757
v 1.02538836 -0.10934245 0.46513712
v 1.02545345 -0.10084418 0.47496253
v 1.02546287 -0.10077584 0.47503847
v 1.07840431 -0.15961136 0.47023815
v 1.08727515 -0.15041594 0.48036429
v 1.08806264 -0.14297323 0.48888147
v 1.08807623 -0.14217471 0.48979881
v 1.12357581 -0.14848714 0.47757557
v 1.12313592 -0.14991920 0.47913375
v 1.09730554 -0.11607607 0.44501731
v 1.09808576 -0.10946497 0.45253581
v 1.09805346 -0.10865374 0.45346230
v 1.13331127 -0.11679330 0.44309020
v 1.13375115 -0.11536124 0.44153202
v 1.02560151 -0.09346112 0.48331779
v 1.10848904 -0.09189780 0.47066694
v 1.11628962 -0.08386922 0.47842318
v 1.11694694 -0.07707310 0.48523998
v 1.11686361 -0.07610109 0.48622245
v 1.15340757 -0.08379982 0.47393864
v 1.15302181 -0.08514497 0.47558603
v 0.64059269 -0.36984634 0.61192703
v 0.75622624 -0.37050509 0.50810766
v 0.74438471 -0.36271170 0.53288966
v 0.74122924 -0.35787627 0.54036218
v 0.74025190 -0.35675195 0.54246300
v 0.76359272 -0.32660136 0.52227652
v 0.76133084 -0.32111770 0.52967840
v 0.73273546 -0.34623304 0.55926394
v 0.76061237 -0.31979498 0.53170180
v 0.67260408 -0.38832816 0.56427383
v 0.71930331 -0.33864701 0.58287829
v 0.71587294 -0.33304346 0.59015602
v 0.71487266 -0.33169696 0.59212643
v 0.70694792 -0.31981531 0.60816473
v 0.78921872 -0.29278409 0.51076806
v 0.78795224 -0.28680503 0.51808047
v 0.78752053 -0.28535303 0.52000850
v 0.75519586 -0.30797470 0.54808545
v 0.78435934 -0.27263653 0.53591686
v 0.77399611 -0.26186264 0.55860436
v 0.72082394 -0.26855117 0.61796331
v 0.71829343 -0.26144254 0.62490237
v 0.74322534 -0.29869902 0.57124484
v 0.74080598 -0.29243058 0.57843953
v 0.74010122 -0.29092196 0.58031344
v 0.77268785 -0.25510302 0.56569219
v 0.77229321 -0.25350213 0.56745881
v 0.73447573 -0.27778259 0.59589863
v 0.63130534 -0.36448431 0.68454713
v 0.60605311 -0.34990495 0.65716523
v 0.56912178 -0.32858261 0.69980991
v 0.59283519 -0.34227356 0.72896862
v 0.52994436 -0.30596352 0.73969269
v 0.63892198 -0.25783423 0.70918518
v 0.63883585 -0.25780135 0.70927954
v 0.63036364 -0.25471365 0.71850049
v 0.66342092 -0.38302624 0.63651896
v 0.66728407 -0.38525662 0.63742399
v 0.65045804 -0.37554213 0.65349704
v 0.67897511 -0.29134229 0.65461630
v 0.69185275 -0.31257975 0.63060629
v 0.68818527 -0.30614087 0.63764733
v 0.68719584 -0.30459455 0.63945538
v 0.66214257 -0.28462553 0.67587173
v 0.71762711 -0.25977015 0.62660545
v 0.71189690 -0.24531490 0.64129049
v 0.65832269 -0.27765560 0.68246061
v 0.64887774 -0.26126790 0.69838601
v 0.76535392 -0.21093717 0.53054374
v 0.80196106 -0.23207232 0.51439375
v 0.77640498 -0.21731752 0.51157349
v 0.79767388 -0.19954884 0.50446111
v 0.79770684 -0.19959132 0.50438148
v 0.79369664 -0.19449283 0.51398838
v 0.74528694 -0.19935150 0.56053209
v 0.79343742 -0.17258838 0.53571707
v 0.72473055 -0.18748325 0.59103572
v 0.71276444 -0.18057463 0.60709447
v 0.76909989 -0.23953326 0.58253968
v 0.77260411 -0.21512307 0.56427383
v 0.81029344 -0.20629814 0.56806678
v 0.75709802 -0.22850896 0.60419691
v 0.75576019 -0.22110488 0.61092860
v 0.73518664 -0.19352011 0.57505625
v 0.73792499 -0.19510110 0.57147235
v 0.73178691 -0.17460963 0.59242702
v 0.80012745 -0.19370718 0.58928567
v 0.74059266 -0.19664128 0.61192703
v 0.79997671 -0.18621795 0.59579158
v 0.79938811 -0.16893700 0.61098933
v 0.78802472 -0.16601118 0.54678851
v 0.78806251 -0.16606338 0.54670578
v 0.78358889 -0.16040193 0.55599529
v 0.72478026 -0.16864894 0.60305756
v 0.72472602 -0.16859502 0.60314488
v 0.71880692 -0.16339201 0.61215663
v 0.78309351 -0.13725840 0.57633942
v 0.79316336 -0.16175508 0.62191820
v 0.79311490 -0.16169477 0.62200654
v 0.77725250 -0.13014549 0.58683592
v 0.77729559 -0.13020933 0.58674985
v 0.77235234 -0.12400939 0.59567225
v 0.77166605 -0.09968036 0.61456650
v 0.61675072 -0.22965215 0.73934776
v 0.60618436 -0.22591695 0.74945468
v 0.60608470 -0.22587125 0.74955291
v 0.63953090 -0.13829322 0.69247329
v 0.62873060 -0.13205768 0.70348954
v 0.62994432 -0.13275844 0.73969269
v 0.61632365 -0.12489451 0.71484113
v 0.59932035 -0.11507764 0.73101825
v 0.59473467 -0.10521892 0.73754185
v 0.61053205 -0.12155075 0.72075957
v 0.61314458 -0.11591512 0.72086167
v 0.60352057 -0.11035228 0.72966981
v 0.60342216 -0.11026535 0.72977036
v 0.69647342 -0.23629023 0.66223782
v 0.69384402 -0.22885156 0.66864032
v 0.68738240 -0.21120843 0.68402117
v 0.69569939 -0.17072214 0.62981188
v 0.70605314 -0.17669986 0.65716523
v 0.74483597 -0.19812790 0.63786596
v 0.75225371 -0.20414898 0.62674004
v 0.73858345 -0.19286717 0.64735943
v 0.73717433 -0.18514372 0.65356493
v 0.67831153 -0.20615888 0.69469160
v 0.67823374 -0.20611030 0.69478542
v 0.67050463 -0.20164417 0.70390636
v 0.66114759 -0.17514120 0.72401476
v 0.65152121 -0.16973537 0.73399669
v 0.65143198 -0.16967212 0.73409432
v 0.67767721 -0.16031702 0.65107703
v 0.71431112 -0.13917300 0.63185138
v 0.70682144 -0.13278851 0.64185792
v 0.70675927 -0.13272156 0.64194888
v 0.66365045 -0.15221865 0.66740823
v 0.72583413 -0.16028655 0.67884970
v 0.72576708 -0.16022398 0.67894256
v 0.70028675 -0.12708041 0.65054584
v 0.69550920 -0.10171604 0.66870433
v 0.68754590 -0.09498264 0.67804629
v 0.68747461 -0.09489958 0.67814124
v 0.78794503 -0.15549444 0.63123590
v 0.73379427 -0.16677013 0.66834915
v 0.78729641 -0.12925273 0.65137750
v 0.78063720 -0.12154829 0.66166931
v 0.78058296 -0.12147380 0.66176099
v 0.77490002 -0.11472305 0.67057705
v 0.66912180 -0.15537754 0.69980991
v 0.71897727 -0.15452740 0.68792808
v 0.64302063 -0.16483736 0.74275362
v 0.70547372 -0.12036708 0.71706522
v 0.70539755 -0.12028830 0.71716183
v 0.71393043 -0.12725310 0.70724958
v 0.69799745 -0.11415382 0.72568369
v 0.82080233 -0.25611842 0.50551856
v 0.82066685 -0.25460756 0.50733793
v 0.81983793 -0.24141428 0.52272326
v 0.86103737 -0.21544968 0.50849760
v 0.81121409 -0.22934549 0.54492092
v 0.81108630 -0.22228511 0.55187929
v 0.81100029 -0.22065985 0.55353141
v 0.85426915 -0.20230319 0.53018683
v 0.85528004 -0.19527593 0.53692889
v 0.85722041 -0.17934261 0.55247158
v 0.90453029 -0.18822540 0.50473636
v 0.90235013 -0.18180299 0.51442385
v 0.90442216 -0.17502753 0.52092290
v 0.85280091 -0.17179137 0.56372356
v 0.84508908 -0.14408542 0.51967245
v 0.84094924 -0.13666205 0.53049046
v 0.84097624 -0.13672137 0.53040916
v 0.83756357 -0.13034001 0.53950053
v 0.84058774 -0.10763337 0.55900371
v 0.96451092 -0.14790294 0.51817095
v 0.96286613 -0.13915771 0.52895856
v 0.96287483 -0.13922462 0.52887821
v 0.90897703 -0.15959784 0.53581411
v 0.90587741 -0.15137532 0.54681969
v 0.90585637 -0.15131243 0.54690194
v 0.90339339 -0.14433549 0.55609632
v 0.96161860 -0.13178927 0.53791893
v 0.90179127 -0.12346290 0.50250345
v 0.89903212 -0.11548612 0.51295924
v 0.89901680 -0.11542168 0.51303887
v 0.89676547 -0.10857268 0.52182651
v 0.95992160 -0.09603456 0.50305951
v 0.97188807 -0.10975912 0.55695289
v 0.84915340 -0.16532373 0.57323819
v 0.85016310 -0.15792067 0.57951689
v 0.84755516 -0.13259889 0.60483879
v 0.84759128 -0.13266802 0.60475194
v 0.85244137 -0.14080751 0.59406644
v 0.83609968 -0.09964661 0.56924599
v 0.83613020 -0.09971825 0.56916136
v 0.84353602 -0.12558319 0.61387503
v 0.91035253 -0.12079173 0.57602572
v 0.90698570 -0.11193981 0.58643591
v 0.90696311 -0.11186413 0.58652097
v 0.97006202 -0.10037056 0.56714344
v 0.97007036 -0.10045037 0.56706029
v 0.90419328 -0.10423536 0.59533602
v 1.02243042 -0.13609928 0.51002455
v 1.02243435 -0.13603060 0.51010287
v 1.02243280 -0.12847584 0.51880819
v 1.03566718 -0.10838814 0.53696382
v 1.03542173 -0.09888133 0.54674608
v 1.03542805 -0.09879989 0.54682708
v 1.09857893 -0.12531097 0.50711417
v 1.14409828 -0.11626089 0.51369339
v 1.14448404 -0.11491574 0.51204598
v 1.10743737 -0.11608514 0.51595998
v 1.10808706 -0.10847771 0.52363318
v 1.10805094 -0.10751592 0.52460998
v 0.84686244 -0.09983618 0.63314658
v 0.55202538 -0.31871200 0.77051324
v 0.50125772 -0.28940126 0.76538670
v 0.48867548 -0.28213692 0.77665633
v 0.48699352 -0.28116584 0.80124664
v 0.50903696 -0.29389262 0.80901700
v 0.59686595 -0.22249618 0.75831324
v 0.58276761 -0.19633836 0.77737951
v 0.57162797 -0.19240066 0.78674483
v 0.57151204 -0.19233863 0.78684741
v 0.56155109 -0.18875840 0.79508728
v 0.54708153 -0.16142666 0.81232327
v 0.63332212 -0.13720386 0.76111114
v 0.57427692 -0.10061881 0.75339133
v 0.58867550 -0.10893184 0.77665633
v 0.61395299 -0.12633768 0.77860451
v 0.62315983 -0.13154228 0.77035975
v 0.62305695 -0.13146046 0.77046174
v 0.60403854 -0.09751810 0.79515618
v 0.53539640 -0.15740986 0.82090688
v 0.53526068 -0.15732627 0.82101452
v 0.52454442 -0.15365352 0.82868427
v 0.48597082 -0.11734903 0.85897964
v 0.50986075 -0.12500583 0.84403223
v 0.49764600 -0.12106909 0.85180336
v 0.49748570 -0.12095556 0.85191667
v 0.76540196 -0.09209197 0.62444538
v 0.76545089 -0.09216989 0.62435573
v 0.63701087 -0.00742818 0.74921894
v 0.68043524 -0.08887367 0.68627560
v 0.76002514 -0.08546697 0.63286316
v 0.75921416 -0.05999218 0.65024358
v 0.74664789 -0.04493454 0.66742325
v 0.75252348 -0.05199851 0.65946800
v 0.75257903 -0.05209375 0.65937448
v 0.67547244 -0.06237004 0.70283538
v 0.69275922 -0.08573702 0.74328101
v 0.66703546 -0.05537721 0.71147889
v 0.66695362 -0.05527379 0.71157819
v 0.65932053 -0.04893277 0.71920836
v 0.65430444 -0.02126632 0.73410362
v 0.76702529 -0.07918894 0.69868624
v 0.76696438 -0.07909708 0.69878149
v 0.76074874 -0.07185148 0.70713121
v 0.77411920 -0.08733346 0.68907601
v 0.75992864 -0.04333078 0.72392958
v 0.75238717 -0.03484185 0.73282182
v 0.75231880 -0.03472820 0.73292106
v 0.74553412 -0.02705818 0.74075884
v 0.74580598 -0.01833678 0.68322498
v 0.64538085 -0.01412317 0.74202192
v 0.64528680 -0.01399321 0.74212593
v 0.72391927 0.03368473 0.72120523
v 0.72399026 0.03353961 0.72110325
v 0.71690923 0.04141857 0.72813088
v 0.73867422 -0.01001967 0.69176447
v 0.73873711 -0.01013667 0.69166678
v 0.73226237 -0.00258028 0.69921947
v 0.73152179 0.02514126 0.71337378
v 0.71646041 0.07030158 0.74056166
v 0.70841467 0.07876905 0.74756390
v 0.70833528 0.07895205 0.74767029
v 0.80940616 0.06924535 0.69865829
v 0.80945194 0.06908897 0.69855887
v 0.80380166 0.07792272 0.70538431
v 0.80763447 0.10613592 0.71706271
v 0.80109161 0.11586138 0.72396040
v 0.80114007 0.11566621 0.72385710
v 0.79482502 0.12480796 0.73015153
v 0.79938912 0.15414242 0.74002403
v 0.79223490 0.16389470 0.74621415
v 0.79228252 0.16364481 0.74610752
v 0.96932316 -0.07564677 0.52087557
v 0.96778178 -0.06671799 0.53044581
v 0.96777904 -0.06663762 0.53052682
v 0.90310973 -0.08680001 0.54048359
v 0.90008456 -0.07825577 0.55035973
v 0.90006763 -0.07817857 0.55044264
v 0.89752632 -0.07074425 0.55884415
v 0.96651042 -0.05886134 0.53867567
v 0.97619379 -0.03740255 0.55509859
v 0.83233643 -0.09276190 0.57787788
v 0.83049136 -0.06039142 0.60557973
v 0.83052558 -0.06047792 0.60549164
v 0.83533233 -0.06888283 0.59595257
v 0.82633173 -0.05297935 0.61378890
v 0.96860474 -0.09234223 0.57571250
v 0.91127491 -0.07954634 0.61372966
v 0.90762746 -0.07013088 0.62350094
v 0.90760338 -0.07003990 0.62358910
v 0.97711903 -0.05925022 0.60278618
v 0.97712648 -0.05934541 0.60270017
v 0.90400141 -0.04783766 0.57609147
v 0.90069616 -0.03878442 0.58535141
v 0.90067780 -0.03869194 0.58543766
v 0.89782208 -0.03070401 0.59341192
v 0.97444171 -0.02795470 0.56405497
v 0.97443992 -0.02785894 0.56413913
v 0.97542274 -0.05059321 0.61091816
v 0.97293884 -0.01951474 0.57185602
v 0.90447849 -0.00672404 0.60918278
v 0.90086895 0.00277237 0.61779559
v 0.90084946 0.00288344 0.61788523
v 1.03774309 -0.07485549 0.50030762
v 1.03769648 -0.06578762 0.50955248
v 1.03770816 -0.06570651 0.50963140
v 1.03772819 -0.05779864 0.51750934
v 1.03531027 -0.09059051 0.55512965
v 1.05029035 -0.03820750 0.53312129
v 1.05010164 -0.02861944 0.54175460
v 1.05011666 -0.02852319 0.54183644
v 1.12794316 -0.05774084 0.50269425
v 1.11930418 -0.08886787 0.54133999
v 1.12811446 -0.07968953 0.54896951
v 1.12861204 -0.07194269 0.55586541
v 1.12850034 -0.07079518 0.55689907
v 1.13573015 -0.04971031 0.50941396
v 1.13624883 -0.04274781 0.51558048
v 1.13608932 -0.04159223 0.51661736
v 0.97914904 -0.06922349 0.59323221
v 1.04896188 -0.06949459 0.57179046
v 1.04858530 -0.05942196 0.58093297
v 1.04859471 -0.05932539 0.58101666
v 1.04832685 -0.05048722 0.58887428
v 1.14042675 -0.05044800 0.57279414
v 1.06242490 -0.02845720 0.60397661
v 1.04998481 -0.02004459 0.54927766
v 0.98294419 0.00294654 0.58681875
v 0.98094815 0.01285342 0.59513313
v 0.98094803 0.01296776 0.59522039
v 1.06142104 -0.00832603 0.61991125
v 0.97917277 0.02184704 0.60247129
v 0.98956972 0.04524522 0.61590570
v 1.06299639 0.00045749 0.56344485
v 1.06262445 0.01051253 0.57144099
v 1.06264389 0.01062695 0.57152569
v 1.06187308 -0.01787789 0.61244965
v 1.06188691 -0.01776311 0.61253607
v 1.06231463 0.01965056 0.57849890
v 1.07583284 0.04098746 0.59115356
v 1.07522225 0.05145205 0.59849316
v 1.07524800 0.05158873 0.59858048
v 0.84161508 -0.09106460 0.64328408
v 0.84165490 -0.09114863 0.64319402
v 0.83717388 -0.08345880 0.65189928
v 0.82935870 -0.02797870 0.63036948
v 0.84052187 -0.05658202 0.66955256
v 0.83000749 -0.03917793 0.68716043
v 0.83489972 -0.04732303 0.67901504
v 0.83494347 -0.04742526 0.67892158
v 0.90450341 -0.06179512 0.63197505
v 0.91175717 -0.03601866 0.64877218
v 0.90780395 -0.02611324 0.65786809
v 0.90777874 -0.02600364 0.65795946
v 0.82415056 -0.01904970 0.63934773
v 0.82418865 -0.01915435 0.63925600
v 0.81956458 -0.01115548 0.64709377
v 0.82271081 0.01492819 0.66211361
v 0.81710911 0.02421807 0.67041558
v 0.81715119 0.02409077 0.67031997
v 0.81205022 0.03253847 0.67766428
v 0.89764273 0.01138555 0.62539518
v 0.90431184 -0.01718756 0.66587168
v 0.91181982 0.00962691 0.68100876
v 0.90456045 0.03638594 0.63962191
v 0.90060908 0.04625097 0.64756292
v 0.90058911 0.04638508 0.64765608
v 0.83346617 -0.01120506 0.70313430
v 0.82744199 -0.00154409 0.71188956
v 0.82748985 -0.00166900 0.71179241
v 0.82205182 0.00707775 0.71952391
v 0.82575387 0.03613121 0.73375136
v 0.81928235 0.04609581 0.74177557
v 0.81933427 0.04594180 0.74167454
v 0.90752125 0.01993985 0.68940032
v 0.90749532 0.02007253 0.68949509
v 0.90360576 0.02940658 0.69689631
v 0.98628217 -0.02645280 0.62686104
v 0.98401350 -0.01595851 0.63574558
v 0.98401940 -0.01607233 0.63565660
v 0.98203510 -0.00671044 0.64339960
v 0.99328214 0.01838816 0.65770060
v 0.99072546 0.02933431 0.66589016
v 0.99072850 0.02919754 0.66579813
v 0.98840243 0.03913033 0.67303252
v 1.07602608 0.01456267 0.63338935
v 1.07523930 0.02558526 0.64117038
v 1.07525933 0.02572237 0.64125937
v 1.07452810 0.03572614 0.64812189
v 0.98728234 0.05554460 0.62355614
v 0.98728526 0.05568185 0.62364644
v 1.07465744 0.06112962 0.60506064
v 1.08878124 0.08322331 0.61613053
v 1.08785617 0.09403460 0.62280172
v 1.08789146 0.09419918 0.62289131
v 0.89697731 0.05535408 0.65467077
v 0.90427816 0.08133276 0.66728157
v 0.89992881 0.09148027 0.67453361
v 0.89990962 0.09164374 0.67463011
v 0.89581168 0.10102349 0.68112767
v 0.81544453 0.05968386 0.69105279
v 0.81331944 0.05511774 0.74886793
v 0.91149485 0.05722104 0.71030402
v 0.90679139 0.06784721 0.71797103
v 0.90676588 0.06800929 0.71806914
v 0.90236914 0.07779849 0.72493237
v 0.91083336 0.10659327 0.73653084
v 0.90563619 0.11742053 0.74346310
v 0.90561360 0.11762144 0.74356437
v 0.90057725 0.12779076 0.74987739
v 0.89412361 0.14820759 0.70466846
v 0.89187276 0.19671074 0.72521174
v 0.90368110 0.12795585 0.69204187
v 0.89885002 0.13828243 0.69859695
v 0.89883405 0.13848472 0.69869661
v 0.90285373 0.17610006 0.71378732
v 0.89741153 0.18647365 0.71965015
v 0.89740461 0.18673000 0.71975219
v 0.98517591 0.06505843 0.63040352
v 0.99607605 0.08933230 0.64223737
v 1.00015426 0.06512830 0.68562090
v 0.99343050 0.09994910 0.64920944
v 0.99343854 0.10011532 0.64930260
v 0.99090797 0.10994696 0.65554696
v 1.08974469 0.05939613 0.65990424
v 1.08864212 0.07079315 0.66697925
v 1.08867133 0.07095827 0.66707051
v 1.08757830 0.08149620 0.67340016
v 1.08694863 0.10422949 0.62886232
v 1.10184026 0.12699980 0.63826555
v 1.10357821 0.10586796 0.68340439
v 0.99724025 0.07645020 0.69309825
v 0.99723846 0.07628439 0.69300342
v 0.99448079 0.08674619 0.69970566
v 1.00692272 0.11359274 0.71049976
v 1.00355291 0.12520406 0.71725792
v 1.00354242 0.12500024 0.71716064
v 1.10204685 0.11756235 0.68976992
v 1.10209048 0.11776377 0.68986279
v 1.00248730 0.13504298 0.66569853
v 0.99938738 0.14588945 0.67198735
v 0.99940449 0.14609359 0.67208290
v 0.99632001 0.15633370 0.67780936
v 1.00886261 0.18221268 0.68617797
v 1.10049486 0.13808699 0.64426619
v 1.10054493 0.13828774 0.64435738
v 1.09911418 0.14878218 0.64981687
v 1.11504304 0.17214687 0.65745187
v 1.11312163 0.18342589 0.66279364
v 1.11319661 0.18367565 0.66288495
v 1.11106181 0.19461669 0.66785306
v 1.00021720 0.13594732 0.72332191
v 1.01364756 0.16360705 0.73221946
v 1.00516367 0.19317997 0.69179189
v 1.00519800 0.19343625 0.69188875
v 1.00967669 0.17540461 0.73826498
v 1.00964975 0.17514855 0.73816633
v 1.00553823 0.18653713 0.74380118
v 1.10049200 0.12880591 0.69565433
v 1.11755919 0.15379815 0.70377666
v 1.11543381 0.16569886 0.70944399
v 1.11550152 0.16594949 0.70953715
v 1.11316931 0.17747371 0.71480978
v 0.55838513 -0.09144368 0.76614004
v 0.51525235 -0.06654098 0.79809499
v 0.53562158 -0.07830115 0.78385067
v 0.54547805 -0.08399178 0.81055480
v 0.49476856 -0.05471465 0.81188196
v 0.55641419 -0.03906834 0.78238624
v 0.53552443 -0.02810390 0.79645944
v 0.54563630 -0.03330626 0.78980571
v 0.54577023 -0.03345100 0.78969491
v 0.58539748 -0.07826616 0.75314003
v 0.57526886 -0.07260376 0.76120955
v 0.57515436 -0.07249250 0.76131499
v 0.56578863 -0.06729938 0.76854026
v 0.59322858 -0.09161752 0.80374247
v 0.59334779 -0.09172366 0.80363566
v 0.58340055 -0.08631411 0.81132406
v 0.50052249 -0.05803668 0.84125441
v 0.55145961 -0.04494943 0.84079134
v 0.57344592 -0.05619644 0.82600594
v 0.56221783 -0.05042528 0.83368987
v 0.56207889 -0.05028580 0.83380204
v 0.52636290 0.00159722 0.80847239
v 0.63212675 0.02147052 0.76237673
v 0.62268442 0.02862567 0.76955146
v 0.62257624 0.02879172 0.76966035
v 0.61357045 0.03545751 0.77619559
v 0.51516926 0.00697206 0.81500763
v 0.51501203 0.00716599 0.81512433
v 0.50402319 0.01217369 0.82119912
v 0.54172021 -0.01332648 0.85352516
v 0.51821482 -0.00244914 0.86690164
v 0.52992105 -0.00778953 0.86039805
v 0.52975827 -0.00760118 0.86051613
v 0.49546134 0.04370741 0.83127391
v 0.48364404 0.04854695 0.83703607
v 0.48345983 0.04882047 0.83715886
v 0.63695639 0.01014783 0.81370008
v 0.63684255 0.01030951 0.81381041
v 0.62735474 0.01719608 0.82068557
v 0.62259704 0.04945740 0.83270687
v 0.68380868 -0.07854785 0.75237113
v 0.68372178 -0.07844868 0.75247198
v 0.67568725 -0.07195285 0.76048017
v 0.67038995 -0.04236149 0.77629328
v 0.66093391 -0.03498857 0.78462636
v 0.66083455 -0.03486289 0.78473175
v 0.65211755 -0.02810508 0.79218638
v 0.64695007 0.00274071 0.80614620
v 0.74480939 0.00260173 0.75579268
v 0.73679084 0.01132183 0.76393926
v 0.73671412 0.01146360 0.76404274
v 0.72929788 0.01946907 0.77133334
v 0.72886485 0.05031475 0.78452897
v 0.50908732 0.03106388 0.87758249
v 0.48371542 0.04093498 0.88957149
v 0.49664205 0.03605641 0.88364297
v 0.49645141 0.03632376 0.88376725
v 0.59906667 0.07271668 0.79395235
v 0.59894294 0.07293498 0.79406649
v 0.58904940 0.07952301 0.80004239
v 0.60909015 0.06573585 0.78752935
v 0.58540285 0.11147468 0.80943739
v 0.61200154 0.05669935 0.83947110
v 0.61187154 0.05691304 0.83958668
v 0.60145068 0.06373715 0.84587735
v 0.57454503 0.11830907 0.81523436
v 0.57468337 0.11800784 0.81511545
v 0.56345993 0.12453075 0.82068437
v 0.59754634 0.09772766 0.85584480
v 0.58623040 0.10451431 0.86182475
v 0.58608484 0.10481047 0.86194533
v 0.57441652 0.11126538 0.86768341
v 0.54977715 0.16439486 0.83292657
v 0.54963803 0.16484883 0.83304751
v 0.53670031 0.17015064 0.83808362
v 0.56140512 0.15876026 0.82796305
v 0.70062357 0.08687384 0.75405037
v 0.72031575 0.05912628 0.79191202
v 0.72023022 0.05930588 0.79201990
v 0.71207583 0.06753091 0.79874241
v 0.70075274 0.11701918 0.76466596
v 0.69210488 0.12538441 0.77093738
v 0.69201797 0.12562151 0.77104813
v 0.71223098 0.09967483 0.81000876
v 0.80381560 0.10474139 0.77508497
v 0.70296609 0.10862768 0.81673503
v 0.70305979 0.10839415 0.81662273
v 0.69388700 0.11691091 0.82289034
v 0.68342459 0.13358150 0.77688664
v 0.68459302 0.16520928 0.78556389
v 0.67510265 0.17354539 0.79123157
v 0.67519152 0.17322391 0.79111737
v 0.66528970 0.18130852 0.79656982
v 0.80870527 0.13604483 0.78556901
v 0.80108345 0.14623331 0.79210240
v 0.80113822 0.14598589 0.79199404
v 0.79352695 0.15573430 0.79808438
v 0.78510898 0.17299213 0.75187939
v 0.79966319 0.18835139 0.80651641
v 0.79122746 0.19837366 0.81232059
v 0.79127240 0.19804260 0.81221020
v 0.69510853 0.15059024 0.83210289
v 0.68515736 0.15895325 0.83795977
v 0.68506074 0.15927082 0.83807564
v 0.67470551 0.16736102 0.84370434
v 0.47588658 0.07709878 0.89803720
v 0.54614240 0.15942776 0.88606459
v 0.54713804 0.19961566 0.89121127
v 0.55974317 0.15392652 0.88076502
v 0.55989116 0.15347855 0.88064224
v 0.57214731 0.14762281 0.87541610
v 0.81746280 0.08526487 0.76127166
v 0.81052738 0.09522286 0.76844615
v 0.81047249 0.09541564 0.76855099
v 0.90992218 0.15757883 0.75956696
v 0.90409487 0.16846512 0.76576811
v 0.90408069 0.16872010 0.76587188
v 0.89818573 0.17917573 0.77164608
v 1.16598058 -0.07929327 0.54400450
v 1.16565049 -0.08054623 0.54573464
v 1.17328691 -0.05156310 0.50571382
v 1.17361701 -0.05031013 0.50398374
v 1.14774013 -0.02171540 0.53214496
v 1.14917493 -0.04137513 0.57928169
v 1.14949811 -0.03349344 0.58547175
v 1.14927495 -0.03213119 0.58656293
v 1.18798041 -0.04176034 0.57332498
v 1.18770730 -0.04291616 0.57513100
v 1.15550387 -0.01373516 0.53788435
v 1.15586114 -0.00660736 0.54345632
v 1.15558982 -0.00523866 0.54454929
v 1.16772032 0.01602558 0.55892563
v 1.19402659 -0.01618018 0.53335476
v 1.19429970 -0.01502437 0.53154874
v 1.21515894 0.02086412 0.55839962
v 1.21537399 0.02191823 0.55652487
v 1.16177523 -0.01021860 0.60137755
v 1.17047048 -0.00129042 0.60680097
v 1.17058527 0.00674470 0.61235958
v 1.17019880 0.00836147 0.61351401
v 1.21039689 -0.00246507 0.59989172
v 1.21018171 -0.00351918 0.60176647
v 1.17546999 0.02391778 0.56374395
v 1.17563260 0.03123000 0.56878036
v 1.17519760 0.03285229 0.56993610
v 1.23314130 0.03843747 0.62359983
v 1.18315029 0.03165290 0.62701434
v 1.19182837 0.04041479 0.63144952
v 1.19168329 0.04864942 0.63645303
v 1.19105482 0.05057816 0.63768476
v 1.23298502 0.03748923 0.62553596
v 1.18769574 0.05532831 0.58296376
v 1.19546306 0.06310873 0.58691901
v 1.19538128 0.07064941 0.59148192
v 1.19470370 0.07258364 0.59271526
v 1.20743358 0.09604002 0.60421181
v 1.21527874 0.10369887 0.60735625
v 1.21487522 0.11154551 0.61151230
v 1.21382833 0.11388043 0.61285162
v 1.23675680 0.06037186 0.57881355
v 1.23660052 0.05942362 0.58074969
v 1.25826681 0.09934613 0.60031670
v 1.25836360 0.10018476 0.59832680
v 1.22662246 0.13801190 0.62265414
v 1.28010917 0.14119981 0.61498767
v 1.28007221 0.14047411 0.61702341
v 1.20430887 0.07500023 0.64965463
v 1.21303797 0.08359123 0.65316993
v 1.21255255 0.09210742 0.65769845
v 1.21155620 0.09443578 0.65903527
v 1.22492993 0.11966044 0.66928184
v 1.25612414 0.08078584 0.64435583
v 1.25602734 0.07994722 0.64634567
v 1.27925456 0.12441293 0.66207772
v 1.27921760 0.12368722 0.66411346
v 1.23464668 0.14555439 0.62502944
v 1.23379576 0.15383434 0.62885439
v 1.23216200 0.15671346 0.63035303
v 1.23382437 0.12809384 0.67193246
v 1.23286700 0.13702615 0.67607421
v 1.23128676 0.13989629 0.67756861
v 1.24480486 0.18110497 0.63832361
v 1.25317621 0.18855442 0.63995314
v 1.24903047 0.20115219 0.64530468
v 1.25165832 0.19747776 0.64354259
v 1.30190766 0.18325515 0.62873036
v 1.30193079 0.18264523 0.63080394
v 1.24454677 0.16547838 0.68592829
v 1.30244136 0.16914655 0.67669559
v 1.30246437 0.16853663 0.67876917
v 1.25379467 0.17378895 0.68774772
v 1.25213587 0.18335836 0.69161022
v 1.24956739 0.18701948 0.69336569
v -0.55202538 0.31871200 -0.77051324
v -0.36873567 0.21288964 -0.90482706
v -0.41721091 0.24087684 -0.87630665
v -0.21035932 0.33288541 -0.91647947
v -0.20605300 0.34990487 -0.89258540
v -0.46403962 0.26791340 -0.84432793
v -0.40052247 0.23124176 -0.84125441
v -0.44547802 0.25719687 -0.81055480
v -0.50903696 0.29389262 -0.80901700
v -0.48867548 0.28213692 -0.77665633
v -0.35398626 0.20437406 -0.86863399
v -0.25450647 0.36855224 -0.89202422
v -0.38867548 0.45534199 -0.77665633
v -0.37827313 0.46919093 -0.79802608
v -0.29731944 0.40324932 -0.86405438
v -0.30052248 0.40444684 -0.84125441
v -0.25398627 0.37757915 -0.86863399
v -0.22982658 0.36363056 -0.84625131
v -0.23219877 0.36500013 -0.84496069
v -0.27642715 0.39053541 -0.82012051
v -0.27687824 0.39079583 -0.81983352
v -0.28824419 0.39735797 -0.81240278
v -0.30384353 0.40636426 -0.80202115
v -0.31944290 0.41537055 -0.79163957
v -0.32071906 0.41610736 -0.79076809
v -0.31717151 0.42087972 -0.79043305
v -0.33862936 0.43683976 -0.83268040
v -0.34547803 0.43040195 -0.81055480
v -0.36031049 0.43896547 -0.76039463
v -0.36304823 0.44054610 -0.75824624
v -0.35480031 0.45158657 -0.75754011
v -0.59283519 0.34227356 -0.72896862
v -0.55635053 0.32120910 -0.71281111
v -0.56912178 0.32858261 -0.69980991
v -0.59283519 0.34227356 -0.67242801
v -0.60605311 0.34990495 -0.65716523
v -0.63130534 0.36448431 -0.68454713
v -0.66728407 0.38525662 -0.63742399
v -0.70062929 0.40450850 -0.58778524
v -0.73120946 0.42216396 -0.53582680
v -0.70196104 0.40527740 -0.51439375
v -0.64059269 0.36984634 -0.61192703
v -0.67260408 0.38832816 -0.56427383
v -0.52994436 0.30596352 -0.73969269
v -0.42994437 0.47916859 -0.73969269
v -0.39960340 0.46165124 -0.72615951
v -0.40351832 0.46391150 -0.72265303
v -0.39069918 0.48099598 -0.72166330
v -0.43713719 0.48332137 -0.68904942
v -0.44196334 0.48610777 -0.68413639
v -0.41609433 0.50017518 -0.76022816
v -0.20277674 0.60250419 -0.75069809
v -0.22386557 0.62269503 -0.79128861
v -0.25576824 0.65890920 -0.75434810
v -0.54059267 0.54305142 -0.61192703
v -0.57260412 0.56153321 -0.56427383
v -0.53748012 0.54125440 -0.56183380
v -0.54362398 0.54480153 -0.55268788
v -0.56064862 0.55463076 -0.52416140
v -0.56632352 0.55790716 -0.51465255
v -0.57249331 0.56146926 -0.50416952
v -0.54628807 0.60808831 -0.58075726
v -0.60196108 0.57848251 -0.51439375
v -0.53955501 0.60472345 -0.50285751
v -0.57292122 0.63052809 -0.52970552
v -0.45194370 0.52967024 -0.71943575
v -0.46912178 0.50178766 -0.69980991
v -0.50605315 0.52311003 -0.65716523
v -0.47273663 0.50387472 -0.64919412
v -0.47822618 0.50704414 -0.64285529
v -0.45674774 0.53546381 -0.64153588
v -0.48567972 0.55755973 -0.67580998
v -0.42472640 0.50899190 -0.68294430
v -0.51716930 0.58373350 -0.62952292
v -0.23303063 0.63684678 -0.71566671
v -0.51215905 0.52663529 -0.59897935
v -0.50623614 0.52321565 -0.60673690
v -0.48663676 0.56030732 -0.59760147
v -0.51427555 0.58342427 -0.55131447
v -0.28593463 0.69343865 -0.71445376
v -0.28848583 0.70060968 -0.63734990
v -0.26163796 0.66959167 -0.67783421
v -0.31424564 0.72614706 -0.67176312
v -0.34058961 0.75690544 -0.62644458
v -0.36486253 0.78559232 -0.57867700
v -0.31346828 0.72977835 -0.59437346
v -0.33648670 0.75698262 -0.54907465
v -0.35745031 0.78211510 -0.50163215
v -0.11876415 0.25920883 -0.95447445
v -0.07167760 0.22148986 -0.96786427
v -0.05578590 0.26314810 -0.94299579
v -0.03215401 0.24950424 -0.91542572
v -0.04534957 0.25712270 -0.91253579
v -0.16505228 0.29638958 -0.93732363
v -0.13283272 0.30763111 -0.88808680
v -0.13996536 0.31174916 -0.88541317
v -0.15691191 0.32153323 -0.91301423
v -0.10675689 0.29257622 -0.92983985
v -0.09284368 0.28454342 -0.90065068
v -0.08284800 0.27877241 -0.90360624
v -0.00420009 0.23336503 -0.95243013
v 0.04779694 0.20334452 -0.95810568
v 0.05843044 0.25849819 -0.96960068
v 0.06268180 0.26138508 -0.96932006
v 0.01391161 0.22290823 -0.92282212
v -0.00717385 0.23508193 -0.91966707
v 0.00228751 0.22961941 -0.92107421
v 0.01903034 0.21995293 -0.92348659
v 0.02502778 0.21649031 -0.92431158
v 0.04106800 0.20722950 -0.92606235
v 0.06390107 0.25542670 -0.92000061
v 0.06755757 0.25790882 -0.91975957
v 0.03676010 0.33471942 -0.95652336
v 0.07755515 0.29060704 -0.96567267
v 0.04437928 0.32941175 -0.90739316
v 0.08306596 0.28757915 -0.91606963
v -0.18189473 0.33595708 -0.86893982
v -0.18649009 0.33861020 -0.86683828
v -0.04292584 0.42155582 -0.92702067
v -0.03118834 0.41176027 -0.87941521
v -0.08150225 0.46393710 -0.90678364
v -0.00345313 0.37842652 -0.94362241
v 0.00624435 0.37085998 -0.89515895
v 0.12799741 0.47939914 -0.93590212
v 0.13702312 0.47129101 -0.88739651
v -0.06777104 0.45195121 -0.86022407
v -0.10335939 0.49127418 -0.83766133
v 0.19963904 0.24399474 -0.96880996
v 0.21724090 0.24136855 -0.96791667
v 0.21701826 0.24201359 -0.96790528
v 0.23187642 0.23834179 -0.96692353
v 0.20208934 0.24580370 -0.91882509
v 0.21888527 0.24320838 -0.91798943
v 0.21867292 0.24386215 -0.91797721
v 0.23917538 0.20304649 -0.91716295
v 0.23281151 0.24026947 -0.91705316
v 0.15792084 0.28645864 -0.96707052
v 0.18260133 0.28981176 -0.96645433
v 0.18276720 0.29149535 -0.96630794
v 0.19836424 0.29028273 -0.96596390
v 0.30699056 0.31956932 -0.95997071
v 0.16254644 0.28611472 -0.91716474
v 0.18619481 0.28922296 -0.91659355
v 0.18637833 0.29092127 -0.91644609
v 0.20122030 0.28963995 -0.91613317
v 0.17569527 0.34990150 -0.91030365
v 0.36941200 0.22037211 -0.95193154
v 0.38178349 0.21294004 -0.94968194
v 0.38162252 0.21321896 -0.94972861
v 0.33856139 0.27010861 -0.95777994
v 0.36525124 0.25669989 -0.95463812
v 0.35246497 0.26337332 -0.95630044
v 0.35229632 0.26377612 -0.95633185
v 0.39389589 0.20539370 -0.94718421
v 0.47109133 0.27349135 -0.94433379
v 0.36932170 0.22785157 -0.90244776
v 0.38107145 0.22067957 -0.90032202
v 0.38091761 0.22096325 -0.90036809
v 0.34012216 0.27495718 -0.90798128
v 0.35333940 0.26845425 -0.90658742
v 0.35317931 0.26886258 -0.90661830
v 0.36546493 0.26203936 -0.90501553
v 0.39254272 0.21342118 -0.89795631
v 0.33758935 0.30938196 -0.95829666
v 0.32376951 0.31444812 -0.95919991
v 0.32364780 0.31512129 -0.95919806
v 0.47227290 0.30928031 -0.94759977
v 0.44821495 0.32619229 -0.95069391
v 0.46078664 0.31761840 -0.94924164
v 0.46068162 0.31804240 -0.94927871
v 0.33935419 0.31197727 -0.90847886
v 0.31024697 0.32181987 -0.91004980
v 0.32622632 0.31685013 -0.90932995
v 0.32611603 0.31753042 -0.90932751
v 0.47265753 0.28171209 -0.89499348
v 0.45103264 0.33157474 -0.90100586
v 0.47382370 0.31535307 -0.89808488
v 0.46285918 0.32376364 -0.89967412
v 0.46295503 0.32333547 -0.89963740
v 0.17017812 0.35292432 -0.95990157
v 0.17460202 0.35505903 -0.95971853
v 0.19386475 0.38194814 -0.95671678
v 0.27257106 0.36692497 -0.95865202
v 0.29714221 0.36659634 -0.95832074
v 0.29756132 0.36824343 -0.95820588
v 0.17946175 0.35171825 -0.91014814
v 0.19942807 0.37896261 -0.90711701
v 0.27766958 0.36672896 -0.90879023
v 0.30116981 0.36630899 -0.90849048
v 0.30160853 0.36796799 -0.90837497
v 0.16065671 0.43088228 -0.94815451
v 0.29468966 0.43007183 -0.95287246
v 0.29915705 0.43146622 -0.95277137
v 0.16796565 0.42532447 -0.89900482
v 0.30025995 0.42709026 -0.90327799
v 0.30402020 0.42826331 -0.90319318
v 0.31256968 0.36477196 -0.95798308
v 0.42464155 0.37879404 -0.95344883
v 0.45296997 0.36443055 -0.95188910
v 0.44024670 0.37136236 -0.95274711
v 0.44022915 0.37204781 -0.95275617
v 0.43670812 0.42191035 -0.95234495
v 0.31585488 0.36454067 -0.90817541
v 0.42875877 0.38136098 -0.90360677
v 0.45565337 0.36756378 -0.90214306
v 0.44358367 0.37489086 -0.90296024
v 0.44358894 0.37420008 -0.90295148
v 0.44047821 0.42202333 -0.90257138
v 0.32242921 0.45535979 -0.95041519
v 0.39803281 0.42983058 -0.95269287
v 0.42194733 0.42592266 -0.95257580
v 0.42261174 0.42749488 -0.95249408
v 0.42926282 0.48820883 -0.94831336
v 0.43365252 0.48889634 -0.94827807
v 0.32805064 0.45240837 -0.90081996
v 0.40362036 0.42970860 -0.90288204
v 0.42644829 0.42586914 -0.90278524
v 0.42713377 0.42745030 -0.90270329
v 0.43489167 0.48526022 -0.89872354
v 0.43853879 0.48583084 -0.89869446
v -0.11903012 0.50540310 -0.88299125
v 0.09601574 0.52730727 -0.92000806
v 0.03458699 0.62054420 -0.87755996
v 0.06483793 0.57441759 -0.90053505
v -0.15536134 0.54579026 -0.85573739
v -0.13781294 0.52957404 -0.81181598
v -0.17099571 0.56669950 -0.78279006
v -0.19035251 0.58493900 -0.82512957
v 0.10672260 0.51668078 -0.87233794
v 0.07718368 0.56131470 -0.85388857
v 0.04852292 0.60501659 -0.83212113
v -0.04943168 0.75122488 -0.78859550
v -0.07482473 0.79164559 -0.75265115
v 0.00538234 0.66550499 -0.85117334
v -0.02266077 0.70912260 -0.82147950
v 0.02085344 0.64761400 -0.80712163
v -0.00571556 0.68893880 -0.77898860
v 0.29729578 0.50786191 -0.94258213
v 0.30426139 0.50210261 -0.89340580
v 0.27267641 0.55993897 -0.93112016
v 0.28095865 0.55139458 -0.88255686
v 0.24866818 0.61138558 -0.91607451
v 0.46045613 0.50919211 -0.94655192
v 0.44368440 0.56396836 -0.93956947
v 0.46614000 0.50626582 -0.89696229
v 0.45028111 0.55806065 -0.89035988
v 0.43487450 0.60945046 -0.88038355
v 0.42739096 0.61831623 -0.92901886
v 0.25823441 0.60008973 -0.86831588
v 0.20286149 0.71157831 -0.87548375
v 0.22536588 0.66199857 -0.89750463
v 0.41164017 0.67202127 -0.91494179
v 0.38201272 0.77665842 -0.87644404
v 0.39649418 0.72487152 -0.89739376
v 0.21487752 0.69492406 -0.82989591
v 0.23617835 0.64799589 -0.85073912
v 0.18124378 0.75992900 -0.85009879
v 0.19441596 0.74068892 -0.80586857
v 0.17487442 0.78511000 -0.77875191
v 0.41998100 0.66023242 -0.86707264
v 0.40565938 0.71020615 -0.85047972
v 0.39196613 0.75917435 -0.83067030
v -0.03107922 0.72882789 -0.74783319
v -0.05513745 0.76712388 -0.71377832
v -0.72854769 0.42062721 -0.46248353
v -0.75890386 0.43815333 -0.48175368
v -0.78360319 0.45241353 -0.42577928
v -0.75225908 0.43431699 -0.40874812
v -0.80521005 0.46488824 -0.36812454
v -0.77300167 0.44629270 -0.35339957
v -0.79069352 0.45650712 -0.29665631
v -0.82363909 0.47552827 -0.30901700
v -0.83881760 0.48429158 -0.24868989
v -0.80526489 0.46491992 -0.23874229
v -0.85068572 0.49114361 -0.18738131
v -0.81665826 0.47149789 -0.17988606
v -0.85919654 0.49605736 -0.12533323
v -0.82482868 0.47621506 -0.12031990
v -0.82974386 0.47905284 -0.06027890
v -0.62854767 0.59383231 -0.46248353
v -0.59865016 0.57657093 -0.45362139
v -0.59263200 0.57309633 -0.46537179
v -0.56237543 0.62412089 -0.45242184
v -0.61628252 0.58675098 -0.41417998
v -0.65225911 0.60752207 -0.40874812
v -0.62198877 0.59004551 -0.40124828
v -0.58264667 0.64153993 -0.40020651
v -0.63716352 0.59880662 -0.36127472
v -0.64241493 0.60183853 -0.34726205
v -0.67300165 0.61949778 -0.35339957
v -0.65517533 0.60920572 -0.30686158
v -0.65984619 0.61190248 -0.29188070
v -0.69069356 0.62971222 -0.29665631
v -0.67023045 0.61789787 -0.25115341
v -0.59696364 0.65096420 -0.47656909
v -0.61832035 0.66931605 -0.42155769
v -0.63690716 0.68551111 -0.36488849
v -0.60028875 0.65691185 -0.34641764
v -0.61523205 0.67017609 -0.29126742
v -0.65265065 0.69948560 -0.30678505
v -0.70526493 0.63812500 -0.23874229
v -0.71665829 0.64470297 -0.17988606
v -0.67421228 0.62019676 -0.23532754
v -0.68225390 0.62483954 -0.19436926
v -0.68545544 0.62668800 -0.17783038
v -0.69118309 0.62999487 -0.13673343
v -0.86431652 0.49901336 -0.06279052
v -0.79977983 0.53273755 -0.03187120
v -0.79867709 0.53449947 -0.03422736
v -0.80412787 0.52605283 -0.01840623
v -0.80342567 0.52708787 -0.02128896
v -0.80263650 0.52827883 -0.02408768
v -0.80176342 0.52962106 -0.02679134
v -0.80080998 0.53110927 -0.02938926
v -0.80474031 0.52517778 -0.01545085
v -0.80526054 0.52446628 -0.01243449
v -0.80568659 0.52392101 -0.00936907
v -0.80601668 0.52354425 -0.00626666
v -0.80624962 0.52333736 -0.00313953
v -0.82754701 0.54876894 -0.03187120
v -0.82479268 0.55214196 -0.03644843
v -0.82621199 0.55039674 -0.03422736
v -0.78781563 0.55247450 -0.04755282
v -0.82329458 0.55399770 -0.03852566
v -0.79497808 0.54051507 -0.04045085
v -0.79363108 0.54273719 -0.04221640
v -0.79750609 0.53638804 -0.03644843
v -0.79627150 0.53839594 -0.03852566
v -0.79223573 0.54505354 -0.04381533
v -0.79079759 0.54745489 -0.04524135
v -0.78932226 0.54993182 -0.04648883
v -0.81300020 0.56701487 -0.04755282
v -0.81112915 0.56941760 -0.04842916
v -0.80923349 0.57186276 -0.04911436
v -0.78628361 0.55507296 -0.04842916
v -0.78473222 0.55771697 -0.04911436
v -0.78316766 0.56039602 -0.04960573
v -0.82172370 0.55595666 -0.04045085
v -0.82008618 0.55801105 -0.04221640
v -0.81838852 0.56015283 -0.04381533
v -0.81663746 0.56237352 -0.04524135
v -0.81522477 0.56417376 -0.04622167
v -0.81483930 0.56466407 -0.04648883
v -0.83099514 0.54465175 -0.02408768
v -0.83194381 0.54355282 -0.02128896
v -0.83278549 0.54259831 -0.01840623
v -0.82879239 0.54726493 -0.02938926
v -0.82994330 0.54589075 -0.02679134
v -0.83463776 0.54063600 -0.00936907
v -0.83351690 0.54179198 -0.01545085
v -0.83413512 0.54113704 -0.01243449
v -0.83528876 0.54010314 -0.00313953
v -0.83541137 0.54007816 -0.00050050
v -0.83502281 0.54029095 -0.00626666
v -0.78159606 0.56309950 -0.04990134
v -0.78002357 0.56581688 -0.05000000
v -0.77845651 0.56853735 -0.04990134
v -0.77690101 0.57125014 -0.04960573
v -0.80732065 0.57434076 -0.04960573
v -0.80539829 0.57684177 -0.04990134
v -0.80347389 0.57935590 -0.05000000
v -0.80155510 0.58187336 -0.04990134
v -0.79964954 0.58438402 -0.04960573
v -0.79776460 0.58687812 -0.04911436
v -0.79590786 0.58934581 -0.04842916
v -0.79408658 0.59177727 -0.04755282
v -0.79230791 0.59416294 -0.04648883
v -0.79057896 0.59649342 -0.04524135
v -0.78890646 0.59875947 -0.04381533
v -0.78729707 0.60095221 -0.04221640
v -0.78575712 0.60306293 -0.04045085
v -0.78429276 0.60508335 -0.03852566
v -0.78290963 0.60700548 -0.03644843
v -0.77536315 0.57394463 -0.04911436
v -0.77384907 0.57661015 -0.04842916
v -0.77236480 0.57923615 -0.04755282
v -0.77091604 0.58181232 -0.04648883
v -0.76950860 0.58432841 -0.04524135
v -0.76814806 0.58677459 -0.04381533
v -0.76683974 0.58914119 -0.04221640
v -0.76558882 0.59141880 -0.04045085
v -0.76440030 0.59359843 -0.03852566
v -0.76327872 0.59567159 -0.03644843
v -0.76222867 0.59762996 -0.03422736
v -0.76125413 0.59946597 -0.03187120
v -0.78208584 0.60815966 -0.03503702
v -0.78161252 0.60882127 -0.03422736
v -0.76035911 0.60117221 -0.02938926
v -0.75954705 0.60274202 -0.02679134
v -0.75882113 0.60416925 -0.02408768
v -0.75818431 0.60544819 -0.02128896
v -0.75763905 0.60657382 -0.01840623
v -0.75718749 0.60754174 -0.01545085
v -0.75683141 0.60834801 -0.01243449
v -0.75657225 0.60898960 -0.00936907
v -0.75641096 0.60946387 -0.00626666
v -0.78040576 0.61052316 -0.03187120
v -0.69840461 0.63416421 -0.06093232
v -0.69882852 0.63440895 -0.04602354
v -0.69883072 0.63441020 -0.04594605
v -0.69901550 0.63451689 -0.03944672
v -0.77929544 0.61210513 -0.02938926
v -0.77828598 0.61356097 -0.02679134
v -0.77738130 0.61488497 -0.02408768
v -0.77658498 0.61607182 -0.02128896
v -0.77590024 0.61711693 -0.01840623
v -0.77532971 0.61801612 -0.01545085
v -0.77487564 0.61876589 -0.01243449
v -0.77453983 0.61936325 -0.00936907
v -0.77432364 0.61980581 -0.00626666
v -0.77422792 0.62009186 -0.00313953
v -0.77424097 0.62015885 -0.00150057
v -0.75634825 0.60976905 -0.00313953
v -0.69957346 0.63483900 -0.01982511
v -0.69996876 0.63506722 -0.00530020
v -0.69998145 0.63507456 -0.00483399
v -0.70005852 0.63511908 -0.00200139
v -0.70003361 0.63510472 -0.00106030
v -0.69353038 0.63135004 -0.11962061
v -0.69696856 0.63333505 -0.07847467
v -0.69766527 0.63373733 -0.06996402
v -0.62741756 0.68128014 -0.23497358
v -0.66548872 0.71118432 -0.24747674
v -0.67537069 0.72056103 -0.18719761
v -0.63679731 0.69018030 -0.17775826
v -0.68225759 0.72757882 -0.12618554
v -0.72482866 0.64942014 -0.12031990
v -0.72974384 0.65225792 -0.06027890
v -0.64333415 0.69684136 -0.11984725
v -0.64700234 0.70123708 -0.06146911
v -0.64778739 0.70335013 -0.00285423
v -0.68612224 0.73220992 -0.06468132
v -0.68694931 0.73443609 -0.00292769
v -0.38696858 0.81209445 -0.52864897
v 0.12254456 0.89572799 -0.75482523
v 0.16059810 0.80685997 -0.82144994
v 0.14100592 0.85218590 -0.78965026
v 0.36825299 0.82717752 -0.85217530
v 0.37895530 0.80694377 -0.80772245
v 0.36667827 0.85332596 -0.78172684
v 0.35526925 0.87622952 -0.82468337
v 0.35518348 0.89813781 -0.75278598
v 0.34311280 0.92362082 -0.79407668
v 0.33183157 0.96916431 -0.76047599
v -0.09873969 0.83022529 -0.71378833
v -0.12108220 0.86681169 -0.67216039
v -0.07779530 0.80367559 -0.67695838
v -0.09896336 0.83833879 -0.63751864
v -0.14176407 0.90126038 -0.62793165
v 0.13885601 0.86922520 -0.71569031
v 0.10528687 0.93731427 -0.71711230
v 0.12252129 0.90858746 -0.67999429
v -0.11855807 0.87097663 -0.59561485
v -0.16070370 0.93343544 -0.58127660
v -0.13650212 0.90146041 -0.55141228
v -0.15272467 0.92966974 -0.50508541
v 0.08930097 0.97678077 -0.67666030
v 0.10739033 0.94594324 -0.64170575
v 0.07464994 1.01397169 -0.63362890
v -0.17782633 0.96320993 -0.53237945
v 0.09352286 0.98114508 -0.60097569
v 0.08097360 1.01405418 -0.55796492
v 0.06139162 1.04874015 -0.58818787
v 0.04957831 1.08094907 -0.54051661
v 0.06979208 1.04454052 -0.51284319
v 0.15633005 0.82801181 -0.74865288
v 0.34451625 0.94120252 -0.72101420
v 0.32147008 1.01268041 -0.72401404
v 0.33471873 0.98235005 -0.68653679
v 0.31206927 1.05399716 -0.68483460
v 0.32582957 1.02141809 -0.64948982
v 0.31788385 1.05825245 -0.61001956
v 0.30366617 1.09295177 -0.64309239
v 0.29629400 1.12939036 -0.59895205
v 0.30494434 1.12464786 -0.52444106
v 0.28998184 1.16316903 -0.55258787
v 0.28475457 1.19415462 -0.50418276
v 0.31091294 1.09270763 -0.56828171
v -0.37627628 0.80507660 -0.45223323
v -0.40682060 0.83630735 -0.47655785
v -0.39289042 0.82577658 -0.40107280
v -0.42434016 0.85813540 -0.42260927
v -0.40722710 0.84413320 -0.34835279
v -0.41922975 0.86007410 -0.29428127
v -0.43945816 0.87749243 -0.36701611
v -0.45211491 0.89430207 -0.30999777
v -0.46226051 0.90849805 -0.25177929
v -0.20635770 1.01509690 -0.42863861
v -0.21765386 1.03700471 -0.37420440
v -0.22690825 1.05610311 -0.31834525
v -0.19922654 1.01767993 -0.30230215
v -0.23408437 1.07231677 -0.26128161
v -0.46985486 0.92002422 -0.19259042
v -0.42885098 0.87353635 -0.23907162
v -0.47486803 0.92883521 -0.13266475
v -0.43605283 0.88446689 -0.18294176
v -0.44080693 0.89282244 -0.12611318
v -0.47728023 0.93489617 -0.07223881
v -0.44309443 0.89857018 -0.06881016
v -0.47708189 0.93818319 -0.01155104
v -0.44290638 0.90168732 -0.01125885
v -0.20602544 1.03304124 -0.24823815
v -0.21082847 1.04560900 -0.19324633
v -0.23915388 1.08558178 -0.20323871
v -0.21361667 1.05533338 -0.13754375
v -0.21437906 1.06217599 -0.08135024
v -0.21311261 1.06611001 -0.02488755
v -0.24209678 1.09584558 -0.14444560
v -0.24290146 1.10306799 -0.08513432
v -0.24156475 1.10722017 -0.02553894
v -0.16716170 0.95549333 -0.45681712
v -0.19306436 0.99046630 -0.48143306
v -0.17975625 0.97882926 -0.40679786
v 0.06002243 1.07248378 -0.46578851
v -0.19045861 0.99958545 -0.35522503
v 0.03925665 1.11047125 -0.49080327
v 0.03046736 1.13719022 -0.43924397
v 0.05170320 1.09777379 -0.41698667
v 0.02324514 1.16100049 -0.38604224
v 0.04486723 1.12031066 -0.36663020
v 0.03954149 1.14000547 -0.31491789
v 0.03574701 1.15678060 -0.26205379
v 0.01761848 1.18180811 -0.33140802
v 0.01360960 1.19953096 -0.27555692
v 0.30000159 1.15394700 -0.47867057
v 0.28063285 1.22222471 -0.45392781
v 0.29610419 1.18048930 -0.43115088
v 0.29326758 1.20417011 -0.38206959
v 0.29150292 1.22489607 -0.33162034
v 0.27763298 1.24726868 -0.40202132
v 0.27576673 1.26918769 -0.34866816
v 0.29081717 1.24258530 -0.28000224
v 0.27504149 1.28789508 -0.29407886
v 0.03349876 1.17056966 -0.20824651
v 0.01123432 1.21409917 -0.21870941
v 0.03280561 1.18131828 -0.15370844
v 0.01050200 1.22545528 -0.16108979
v 0.03367029 1.18898416 -0.09865482
v 0.01141554 1.23355424 -0.10292549
v 0.03608940 1.19353700 -0.04330290
v 0.01397133 1.23836422 -0.04444603
v 0.29121304 1.25716794 -0.22741903
v 0.27546012 1.30331707 -0.23846890
v 0.29268894 1.26858640 -0.17407821
v 0.27702102 1.31539285 -0.18205771
v 0.27971795 1.32407475 -0.12506793
v 0.29523909 1.27679574 -0.12019029
v 0.29885340 1.28176355 -0.06596795
v 0.30351764 1.28347015 -0.01162518
v 0.28354031 1.32932854 -0.06772449
v 0.28847301 1.33113337 -0.01025367
v 0.49278408 0.25539067 -0.93961358
v 0.48207572 0.26447135 -0.94209856
v 0.48195946 0.26477128 -0.94214863
v 0.51386631 0.20256796 -0.92800033
v 0.50369149 0.21202719 -0.93135202
v 0.50358021 0.21225427 -0.93140924
v 0.49370575 0.22117016 -0.93436974
v 0.51308519 0.21435273 -0.87953901
v 0.49403980 0.23221809 -0.88557184
v 0.50338495 0.22365396 -0.88277268
v 0.50348943 0.22342351 -0.88271594
v 0.48295242 0.27334860 -0.89293098
v 0.48306099 0.27304500 -0.89288133
v 0.49317575 0.26434657 -0.89052808
v 0.60916597 0.20424508 -0.91409779
v 0.61160952 0.23646742 -0.92169690
v 0.59465128 0.25743777 -0.92811406
v 0.60298961 0.24735320 -0.92513251
v 0.60306466 0.24711244 -0.92507231
v 0.59715152 0.26911274 -0.87952679
v 0.60501480 0.25945896 -0.87670875
v 0.60508275 0.25921586 -0.87664884
v 0.58011115 0.31137529 -0.93863046
v 0.58638799 0.34585017 -0.94247973
v 0.59862155 0.29065219 -0.93385798
v 0.58943880 0.30132988 -0.93642372
v 0.58950764 0.30101618 -0.93636930
v 0.59223175 0.31047931 -0.88737863
v 0.59229255 0.31016314 -0.88732445
v 0.60087454 0.30026749 -0.88494676
v 0.58342195 0.32008320 -0.88946110
v 0.70720381 0.22514862 -0.90888977
v 0.71967041 0.20262855 -0.90075070
v 0.71328503 0.21418570 -0.90503979
v 0.71324164 0.21438542 -0.90510595
v 0.71410471 0.25588542 -0.91693342
v 0.70732188 0.26743910 -0.92036647
v 0.70728475 0.26768768 -0.92043030
v 0.80817348 0.23149791 -0.90501207
v 0.70061618 0.27867925 -0.92346591
v 0.70917475 0.31019706 -0.92972159
v 0.70534748 0.29065275 -0.87511927
v 0.70180231 0.32157078 -0.93229496
v 0.70178235 0.32189068 -0.93235433
v 0.69415116 0.33299556 -0.93461877
v 0.71336442 0.32018802 -0.88101274
v 0.70644945 0.33101755 -0.88344842
v 0.70643771 0.33133867 -0.88350767
v 0.69925606 0.34192613 -0.88564414
v 0.80932832 0.28418675 -0.92020649
v 0.61808038 0.20930290 -0.86274815
v 0.61814767 0.20910904 -0.86268502
v 0.61086059 0.21885209 -0.86628598
v 0.61311126 0.24904358 -0.87345064
v 0.72320294 0.21861574 -0.85365438
v 0.71725154 0.22963606 -0.85771865
v 0.71721488 0.22983705 -0.85778457
v 0.71155930 0.24012618 -0.86136371
v 0.71797907 0.26890492 -0.86893630
v 0.71163732 0.27991226 -0.87218767
v 0.71160752 0.28016204 -0.87225127
v 0.55006659 0.42025435 -0.94904375
v 0.57637483 0.35604987 -0.94418579
v 0.57641369 0.35561478 -0.94414210
v 0.56541294 0.36578092 -0.94561160
v 0.57556415 0.40216044 -0.94750267
v 0.56427169 0.41142729 -0.94837976
v 0.56418437 0.41074583 -0.94835860
v 0.55508006 0.42300561 -0.89929366
v 0.58936834 0.35245001 -0.89309734
v 0.57995409 0.36176914 -0.89466923
v 0.57992482 0.36220697 -0.89471275
v 0.56955010 0.37150449 -0.89605463
v 0.57923484 0.40568981 -0.89784604
v 0.56856573 0.41456810 -0.89867401
v 0.56846553 0.41388315 -0.89865291
v 0.53158605 0.47371501 -0.94897270
v 0.55522209 0.46787220 -0.94894940
v 0.55432612 0.46641162 -0.94899702
v 0.56811410 0.46036637 -0.94882673
v 0.53766733 0.47359154 -0.89921838
v 0.57241434 0.46074867 -0.89909768
v 0.56024718 0.46798551 -0.89920694
v 0.55932903 0.46651921 -0.89925450
v 0.70516843 0.36544082 -0.93905860
v 0.69687617 0.37636772 -0.94077915
v 0.69690430 0.37680343 -0.94083029
v 0.68764150 0.38784918 -0.94230735
v 0.70274490 0.42161992 -0.94489336
v 0.70183629 0.38275084 -0.89145744
v 0.70187426 0.38318786 -0.89150852
v 0.70963943 0.37234971 -0.88983059
v 0.69313139 0.39371380 -0.89289904
v 0.68055606 0.44292420 -0.94650680
v 0.69291669 0.43161470 -0.94578815
v 0.69310713 0.43227601 -0.94582230
v 0.67032480 0.49753714 -0.94722086
v 0.70395458 0.47921646 -0.94715840
v 0.69141364 0.48709708 -0.94731355
v 0.69252211 0.48841158 -0.94730008
v 0.69816947 0.43490896 -0.89618587
v 0.69837308 0.43557182 -0.89622015
v 0.70744991 0.42539471 -0.89534193
v 0.68648124 0.44572389 -0.89685971
v 0.67689300 0.49733675 -0.89752746
v 0.70881867 0.47978708 -0.89748329
v 0.69693625 0.48728949 -0.89762628
v 0.69806743 0.48860636 -0.89761323
v 0.81707132 0.20788515 -0.89672083
v 0.81250721 0.22019526 -0.90115595
v 0.81251925 0.21999235 -0.90108657
v 0.81917036 0.26014113 -0.91349971
v 0.81423706 0.27256373 -0.91708791
v 0.81423563 0.27231345 -0.91702002
v 0.91245657 0.21109954 -0.89821237
v 0.91247582 0.21130060 -0.89828521
v 0.90988034 0.22287048 -0.90223569
v 0.92453384 0.24888444 -0.91115272
v 0.92148650 0.26137993 -0.91478473
v 0.92152625 0.26162583 -0.91485709
v 0.91842252 0.27359802 -0.91808277
v 0.82207894 0.31338349 -0.92697030
v 0.81657839 0.32579640 -0.92970192
v 0.81654912 0.32547808 -0.92963701
v 0.81075472 0.33767784 -0.93205601
v 0.82823777 0.32345772 -0.87848747
v 0.82307994 0.33494452 -0.88101023
v 0.82311743 0.33526286 -0.88107514
v 0.81766361 0.34656191 -0.88329548
v 0.93488926 0.29992720 -0.92533630
v 0.93125647 0.31244600 -0.92812276
v 0.93133402 0.31275508 -0.92819363
v 0.94300616 0.30979034 -0.87709814
v 0.92738277 0.32512039 -0.93066448
v 0.93965089 0.32165161 -0.87973243
v 0.93973660 0.32195950 -0.87980336
v 0.93606579 0.33369017 -0.88213277
v 1.03461373 0.21308973 -0.90684736
v 1.03941476 0.23412021 -0.91399378
v 1.04267061 0.22201334 -0.91054696
v 1.04104853 0.23128031 -0.91328168
v 1.05071723 0.26081935 -0.92226464
v 1.05924618 0.26950166 -0.92524117
v 1.08775508 0.21756813 -0.91414607
v 1.08828628 0.21805148 -0.91210735
v 1.10747349 0.26414764 -0.92857546
v 1.10795379 0.26451072 -0.92649949
v 1.11858416 0.27254662 -0.88055450
v 1.11906445 0.27290970 -0.87847853
v 1.12792611 0.31128219 -0.93983126
v 1.12835360 0.31152362 -0.93772626
v 1.07227015 0.32829630 -0.93840927
v 1.06822515 0.33296707 -0.93893671
v 1.05710149 0.27927321 -0.92745602
v 1.05460846 0.28282595 -0.92809570
v 1.06604660 0.30918604 -0.93439054
v 1.07026160 0.27857643 -0.87728477
v 1.06829846 0.28767148 -0.87934136
v 1.06574845 0.29123580 -0.87997186
v 1.07531416 0.31768718 -0.93670923
v 1.07663155 0.31631672 -0.88596123
v 1.08504105 0.32394418 -0.88805735
v 1.08221555 0.33387741 -0.88964415
v 1.07810414 0.33856618 -0.89016271
v 1.13781536 0.31686643 -0.89113820
v 1.13824296 0.31710783 -0.88903314
v 0.82344383 0.22396132 -0.84995282
v 0.81924063 0.23547129 -0.85408694
v 0.81923527 0.23567443 -0.85415608
v 0.81521064 0.24644679 -0.85780132
v 0.82545471 0.27324590 -0.86578035
v 0.92433715 0.21447517 -0.84733349
v 0.92192918 0.22639705 -0.85163128
v 0.92190337 0.22619675 -0.85155851
v 0.91956091 0.23739249 -0.85536271
v 0.93321198 0.26171425 -0.86373371
v 0.93047178 0.27380025 -0.86724114
v 0.93042481 0.27355531 -0.86716878
v 0.82088369 0.28506118 -0.86918014
v 0.82087493 0.28481075 -0.86911237
v 0.81630623 0.29612410 -0.87212503
v 0.92761326 0.28516558 -0.87028509
v 1.04764116 0.22591923 -0.86015147
v 1.05490458 0.23389535 -0.86347908
v 1.05344450 0.24246922 -0.86600423
v 1.05175912 0.24531682 -0.86670667
v 1.10004330 0.22874871 -0.86698681
v 1.10057449 0.22923206 -0.86494809
v 1.06254542 0.27079672 -0.87459981
v 0.81967181 0.37968406 -0.93894911
v 0.81957734 0.37925816 -0.93888986
v 0.81225640 0.39175516 -0.94051433
v 0.83176970 0.42225581 -0.94377673
v 0.94185054 0.36405954 -0.93817663
v 0.94200897 0.36446539 -0.93824434
v 0.93654132 0.37725732 -0.93992984
v 0.95984012 0.40392795 -0.94383365
v 0.95394713 0.41648942 -0.94497627
v 0.95356542 0.41591495 -0.94491458
v 0.82606238 0.36745229 -0.93707740
v 0.82597357 0.38565648 -0.88973576
v 0.82607788 0.38608223 -0.88979506
v 0.83205205 0.37444511 -0.88802236
v 0.81910241 0.39755800 -0.89126867
v 0.94644976 0.35166958 -0.93624306
v 0.95395255 0.35851923 -0.88737577
v 0.94471681 0.38279712 -0.89085746
v 0.94966763 0.37025920 -0.88920277
v 0.94983578 0.37066343 -0.88927066
v 0.96666288 0.40772262 -0.89453024
v 0.96077365 0.41908440 -0.89555031
v 0.96116823 0.41965649 -0.89561230
v 0.82365829 0.43339053 -0.94474787
v 0.82394767 0.43401590 -0.94479567
v 0.81327534 0.44619069 -0.94554675
v 0.84129089 0.47796634 -0.94702840
v 0.83023393 0.48744822 -0.94721198
v 0.83153075 0.48858532 -0.94723195
v 0.94532758 0.42986953 -0.94583595
v 0.97714317 0.45656320 -0.94809049
v 0.96776503 0.46738222 -0.94834310
v 0.96922171 0.46831462 -0.94839501
v 0.95119298 0.48306093 -0.94832492
v 0.82989401 0.43669555 -0.89526021
v 0.83019656 0.43732053 -0.89530826
v 0.83753312 0.42611980 -0.89434385
v 0.82010734 0.44890207 -0.89601135
v 0.84674025 0.47864002 -0.89741558
v 0.83628237 0.48764721 -0.89758599
v 0.83760196 0.48878339 -0.89760661
v 0.95304132 0.43235812 -0.89641839
v 0.97433388 0.46750951 -0.89878303
v 0.97581285 0.46843761 -0.89883578
v 0.95866966 0.48248935 -0.89876020
v 1.07938862 0.35809264 -0.94318807
v 1.08990324 0.36651221 -0.94490361
v 1.07794523 0.38524556 -0.94638717
v 1.08518171 0.37856981 -0.94605488
v 1.08808780 0.40755770 -0.94862759
v 1.10095882 0.41607165 -0.94977868
v 1.08869791 0.36240962 -0.89419711
v 1.09826040 0.36996123 -0.89575022
v 1.09382844 0.38131768 -0.89682972
v 1.08650815 0.38802186 -0.89715284
v 1.09610951 0.40914351 -0.89927369
v 1.10782862 0.41675609 -0.90031689
v 1.07721961 0.44203281 -0.95016676
v 1.09261823 0.43088716 -0.95025826
v 1.08463633 0.45798954 -0.95067531
v 1.10296285 0.46695220 -0.95126832
v 1.08437455 0.48822004 -0.95066726
v 0.98318648 0.45725220 -0.89854693
v 1.09992909 0.43079519 -0.90076715
v 1.08441687 0.44198498 -0.90066582
v 1.09141910 0.45704982 -0.90114594
v 1.09036636 0.48527825 -0.90111184
v 1.10809779 0.46499339 -0.90168619
v 0.57097250 0.52602249 -0.94596988
v 0.57517463 0.52605605 -0.94598430
v 0.60494345 0.54222685 -0.94485694
v 0.57666409 0.52309781 -0.89638579
v 0.58010370 0.52312475 -0.89639783
v 0.61069268 0.53931612 -0.89527398
v 0.59661949 0.59797496 -0.93882352
v 0.60282993 0.59197521 -0.88957483
v 0.59538507 0.64423066 -0.88056237
v 0.72065419 0.54209757 -0.94558716
v 0.71673518 0.54264808 -0.94553858
v 0.75274557 0.55370444 -0.94501251
v 0.72249228 0.53973770 -0.89596123
v 0.72564518 0.53929430 -0.89600050
v 0.75856167 0.55079943 -0.89543700
v 0.75275904 0.60914439 -0.94000196
v 0.75857437 0.60311103 -0.89070916
v 0.58873785 0.65329570 -0.92928243
v 0.58132970 0.70797080 -0.91627121
v 0.57442421 0.76178449 -0.89984125
v 0.75317919 0.66416228 -0.93154383
v 0.75897086 0.65502441 -0.88272828
v 0.75400448 0.71854115 -0.91967154
v 0.75523156 0.77206624 -0.90443188
v 0.58838737 0.69587624 -0.86827213
v 0.58186454 0.74670815 -0.85275257
v 0.75974953 0.70633477 -0.87152594
v 0.76090735 0.75683963 -0.85714620
v 0.81122130 0.50069916 -0.94712240
v 0.86337703 0.53768826 -0.94667375
v 0.86693424 0.53663743 -0.94674194
v 0.90064281 0.54334110 -0.94665986
v 0.81825829 0.50034821 -0.89749271
v 0.86920094 0.53478235 -0.89710391
v 0.87200540 0.53395337 -0.89715785
v 0.90652579 0.54043174 -0.89709246
v 0.90869582 0.59724432 -0.94272041
v 0.91411591 0.59123647 -0.89337945
v 0.92205673 0.64165241 -0.88647366
v 1.00770390 0.51122189 -0.94899499
v 1.01083922 0.50976473 -0.94906980
v 1.04541242 0.51133490 -0.94940710
v 1.06103277 0.56255162 -0.94656128
v 1.07333696 0.52216727 -0.94915754
v 1.01600754 0.50718838 -0.89949107
v 1.01359439 0.50831038 -0.89943331
v 1.05136085 0.50841129 -0.89984834
v 1.07577002 0.51800114 -0.89961809
v 1.06606627 0.55662787 -0.89716923
v 1.07699239 0.61336929 -0.94038790
v 1.08109093 0.60446870 -0.89135748
v 0.91712093 0.65073508 -0.93539345
v 0.92588496 0.70360219 -0.92470783
v 0.93031698 0.69148058 -0.87640232
v 0.93495327 0.75563717 -0.91070575
v 1.09322798 0.66358733 -0.93091124
v 1.09637547 0.65174502 -0.88243598
v 1.10967577 0.71300751 -0.91816872
v 1.12627065 0.76143485 -0.90221065
v 0.93886399 0.74052441 -0.86320513
v 0.94766408 0.78859025 -0.84693420
v 1.11185968 0.69827020 -0.87043989
v 1.12748253 0.74386072 -0.85541660
v 1.14318204 0.78833658 -0.83742547
v 1.14903235 0.35878581 -0.94786912
v 1.14940536 0.35890457 -0.94574332
v 1.17070878 0.40647098 -0.95265722
v 1.17102587 0.40646666 -0.95051908
v 1.15766120 0.36153325 -0.89869601
v 1.15803421 0.36165202 -0.89657021
v 1.17804325 0.40637082 -0.90319818
v 1.17836022 0.40636647 -0.90106004
v 1.19286990 0.45414954 -0.95417672
v 1.19312978 0.45402214 -0.95203465
v 1.19888091 0.45120212 -0.90462697
v 1.19914079 0.45107472 -0.90248489
v 1.22009230 0.49585032 -0.90297669
v 1.22029388 0.49560031 -0.90083915
v 1.21542835 0.50163335 -0.95242167
v 1.21563005 0.50138330 -0.95028412
v 1.23829508 0.54873490 -0.94739890
v 1.23843765 0.54836333 -0.94527429
v 1.24159336 0.54013914 -0.89825386
v 1.24173594 0.53976750 -0.89612931
v 1.26137960 0.59526843 -0.93912828
v 1.26146269 0.59477669 -0.93702507
v 1.26329947 0.58389378 -0.89047712
v 1.26338243 0.58340204 -0.88837391
v 1.28459120 0.64105022 -0.92764241
v 1.28461421 0.64044029 -0.92556888
v 1.28512478 0.62694162 -0.87967718
v 1.28514791 0.62633169 -0.87760365
v 1.30783796 0.68589962 -0.91298670
v 1.30780101 0.68517393 -0.91095096
v 1.33102822 0.72963965 -0.89521891
v 1.33093143 0.72880101 -0.89322907
v 1.30698335 0.66911274 -0.86589664
v 1.30694640 0.66838706 -0.86386096
v 1.32878876 0.71024072 -0.84918994
v 1.32869196 0.70940208 -0.84720010
v 1.35045505 0.75016326 -0.82962292
v 1.35029876 0.74921501 -0.82768679
v 1.35391414 0.77114940 -0.87247306
v 1.35407054 0.77209765 -0.87440920
v 1.37168145 0.78766865 -0.80539811
v 1.37189662 0.78872275 -0.80727291
v 0.56804866 0.81452441 -0.88005745
v 0.75685555 0.82452637 -0.88588512
v 0.57584220 0.79652572 -0.83406502
v 0.56222820 0.86598229 -0.85699791
v 0.57034427 0.84513235 -0.81228316
v 0.55698580 0.91595519 -0.83075351
v 0.56539237 0.89233625 -0.78749293
v 0.56100601 0.93795115 -0.75979227
v 0.76243979 0.80633956 -0.83964598
v 0.76434070 0.85463935 -0.81909424
v 0.75887018 0.87571454 -0.86410433
v 0.76126736 0.92542869 -0.83917552
v 0.76660264 0.90154827 -0.79557210
v 0.55234212 0.96424586 -0.80142790
v 0.54831558 1.01066363 -0.76913679
v 0.76403773 0.97347265 -0.81119710
v 0.76921666 0.94688123 -0.76917243
v 0.76717031 1.01965678 -0.78027946
v 0.94429004 0.80663449 -0.89344251
v 1.14294708 0.80867815 -0.88309997
v 0.95385849 0.85639304 -0.87298614
v 0.95668250 0.83548850 -0.82765377
v 0.96362078 0.90471631 -0.84941745
v 0.96588361 0.88103408 -0.80543983
v 0.97523123 0.92504710 -0.78038019
v 0.97353846 0.95141369 -0.82282948
v 0.98468834 0.96735400 -0.75257373
v 0.98357236 0.99630082 -0.79332709
v 0.99368286 1.03920066 -0.76102674
v 0.55720258 0.98179692 -0.72929043
v 0.55399698 1.02370071 -0.69610780
v 0.54492199 1.05502546 -0.73400766
v 0.55140197 1.06349695 -0.66037530
v 0.77217245 0.99045932 -0.73999941
v 0.77545840 1.03211057 -0.70816809
v 0.77065271 1.06379890 -0.74654460
v 0.77906144 1.07167053 -0.67380422
v 0.99421769 1.00778782 -0.72213006
v 1.00378168 1.04618883 -0.68916947
v 1.00383008 1.07994366 -0.72605586
v 1.01334238 1.08240569 -0.65382195
v 0.54217476 1.09715617 -0.69617909
v 0.54008472 1.13688946 -0.65580046
v 0.77447128 1.10572457 -0.71012568
v 0.78296745 1.10898328 -0.63704336
v 0.77861083 1.14526868 -0.67116648
v 0.78305513 1.18227482 -0.62982064
v 0.54942781 1.10102856 -0.62223405
v 0.54808217 1.13614762 -0.58183444
v 0.53866017 1.17406857 -0.61303103
v 0.53790671 1.20854688 -0.56803966
v 0.54737043 1.16871548 -0.53933603
v 0.78716093 1.14390123 -0.59803057
v 0.78778654 1.21659720 -0.58625138
v 0.79162538 1.17628694 -0.55691981
v 0.79634321 1.20601225 -0.51387334
v 0.53782725 1.24018812 -0.52100390
v 0.79278648 1.24810028 -0.54063070
v 1.01397407 1.11836934 -0.68855256
v 1.02407455 1.15432584 -0.64866477
v 1.02286232 1.11629534 -0.61622703
v 1.03230381 1.14772403 -0.57653308
v 1.03409183 1.18767130 -0.60654998
v 1.04162967 1.17656779 -0.53489679
v 1.04398644 1.21827424 -0.56237435
v 1.05371916 1.24601376 -0.51631218
v 1.15889657 0.83152229 -0.81653738
v 1.15963948 0.85455102 -0.86091214
v 1.17628169 0.89887244 -0.83573472
v 1.17456400 0.87324739 -0.79283476
v 1.19280827 0.94146740 -0.80766708
v 1.19012249 0.91334718 -0.76641130
v 1.37687385 0.81310606 -0.85063970
v 1.37665868 0.81205195 -0.84876496
v 1.39934826 0.85250300 -0.82400423
v 1.39907515 0.85134721 -0.82219821
v 1.39302897 0.82576704 -0.78222799
v 1.39275575 0.82461125 -0.78042197
v 1.41343844 0.85989702 -0.75285697
v 1.41376865 0.86114997 -0.75458711
v 1.42140508 0.89013308 -0.79460788
v 1.42107499 0.88888013 -0.79287773
v 1.44257140 0.92450261 -0.76091921
v 1.44295716 0.92584777 -0.76256663
v 1.20915389 0.98216790 -0.77681994
v 1.43364799 0.89338666 -0.72281188
v 1.43403375 0.89473182 -0.72445929
v 1.45374429 0.92638016 -0.69196343
v 1.45330441 0.92494810 -0.69040525
v 1.20551062 0.95166349 -0.73737115
v 1.22066760 0.98804504 -0.70582896
v 1.22525406 1.02081323 -0.74331510
v 1.24104524 1.05725098 -0.70728475
v 1.23553371 1.02234828 -0.67190921
v 1.25005031 1.05443776 -0.63574582
v 1.25646508 1.09133720 -0.66887110
v 1.46391964 0.95950603 -0.72800702
v 1.46347976 0.95807397 -0.72644883
v 1.47282255 0.95596999 -0.65722787
v 1.47233033 0.95445675 -0.65576506
v 1.26416004 1.08418703 -0.59748143
v 1.48371732 0.98946184 -0.68960255
v 1.48420954 0.99097514 -0.69106537
v 1.50320423 1.01854229 -0.65052581
v 1.50374699 1.02013087 -0.65188748
v 1.49065053 0.98179609 -0.61902791
v 1.49119329 0.98338461 -0.62038958
v 1.50819290 1.00685823 -0.58033884
v 1.50878382 1.00851583 -0.58159399
v 1.52245474 1.04685807 -0.61062801
v 1.52186370 1.04520059 -0.60937285
v 1.54025900 1.07105148 -0.56744975
v 1.53962207 1.06933141 -0.56630605
v 1.52552497 1.03126431 -0.54099423
v 1.52488792 1.02954435 -0.53985053
v 1.55640924 1.09083962 -0.52149540
v 1.27145278 1.12293756 -0.62822574
v 1.28594911 1.15192711 -0.58550906
v 1.27780724 1.11147845 -0.55726707
v 1.29093802 1.13620436 -0.51526141
v 1.29989696 1.17819166 -0.54088974
v 1.53848493 1.10018861 -0.52161837
v 1.53902972 1.10088313 -0.52015340
v 1.53909850 1.10085237 -0.52016121
v 1.53939104 1.10089660 -0.51986873
v 1.53914905 1.10103953 -0.51984560
v 1.54811931 1.09682739 -0.52118438
v 1.55708957 1.09261537 -0.52252311
v 0.54729539 1.19860351 -0.49490649
v 0.54785734 1.22569382 -0.44872117
v 0.80129570 1.23296022 -0.46906108
v 0.53842217 1.26886749 -0.47210932
v 0.54905409 1.24987948 -0.40096235
v 0.53968912 1.29447186 -0.42154896
v 0.79803520 1.27665961 -0.49313858
v 0.80351192 1.30216265 -0.44396248
v 0.80646342 1.25702417 -0.42265987
v 0.80919504 1.32450867 -0.39329648
v 0.55088091 1.27106500 -0.35181847
v 0.55333054 1.28916681 -0.30148354
v 0.55639338 1.30411351 -0.25015616
v 0.54162312 1.31690025 -0.36952230
v 0.54421645 1.33606386 -0.31623471
v 0.54745895 1.35188735 -0.26189646
v 1.05080295 1.20271266 -0.49148244
v 1.05978751 1.22605562 -0.44646135
v 1.06325173 1.27078032 -0.46854532
v 1.06854784 1.24650443 -0.40001124
v 1.07254636 1.29247630 -0.41926226
v 0.81182587 1.27810931 -0.37485281
v 0.81736195 1.29613233 -0.32582855
v 0.82304984 1.31102216 -0.27578065
v 0.81506222 1.34360957 -0.34134048
v 0.82109022 1.35938978 -0.28829962
v 1.07704949 1.26397848 -0.35231540
v 1.08156657 1.31101608 -0.36865753
v 1.08525896 1.27840877 -0.30356207
v 1.09314358 1.28973830 -0.25394365
v 1.09027660 1.32632637 -0.31693080
v 1.09864211 1.33834696 -0.26428622
v 0.55133778 1.36430812 -0.20672201
v 0.56005728 1.31584609 -0.19803891
v 0.55583769 1.37327731 -0.15092911
v 0.56430787 1.32431817 -0.14533749
v 0.56912827 1.32949650 -0.09225987
v 0.56094086 1.37875926 -0.09473795
v 0.57449949 1.33136034 -0.03901554
v 0.56662720 1.38073254 -0.03837030
v 0.82886702 1.32272005 -0.22490653
v 0.82725531 1.37178731 -0.23438315
v 0.83479059 1.33117974 -0.17340705
v 0.83353305 1.38075292 -0.17980389
v 1.10067248 1.29792237 -0.20365599
v 1.10781586 1.30292881 -0.15289752
v 1.10663021 1.34703016 -0.21093155
v 1.11420918 1.35234189 -0.15707740
v 0.84079713 1.33636796 -0.12148539
v 0.84686291 1.33826423 -0.06934650
v 0.83989882 1.38625133 -0.12477724
v 0.84632736 1.38826096 -0.06952035
v 0.85296410 1.33686090 -0.01719614
v 0.85279340 1.38677382 -0.01425131
v 1.11454546 1.30473769 -0.10186858
v 1.12083483 1.30334187 -0.05077055
v 1.12134933 1.35426104 -0.10293626
v 1.12802219 1.35278022 -0.04872183
v 1.54067004 1.04976487 -0.49772280
v 1.54135048 1.05154049 -0.49875051
v 1.53238010 1.05575264 -0.49741176
v 1.52333331 1.05986667 -0.49627736
v 1.52340984 1.05996466 -0.49607298
v 1.52352822 1.05989480 -0.49608430
v 1.55547667 1.06743991 -0.45412186
v 1.55619788 1.06926429 -0.45502952
v 1.53755367 1.07684183 -0.45440280
v 1.53768635 1.07679570 -0.45439306
v 1.54722762 1.07347631 -0.45369077
v 1.53825724 1.07768846 -0.45235202
v 1.53815234 1.07755244 -0.45262793
v 1.53834760 1.07746482 -0.45265082
v 1.53859472 1.07748759 -0.45238671
v 1.56103837 1.08857775 -0.40866509
v 1.56924963 1.08249986 -0.40921980
v 1.57000864 1.08436573 -0.41000384
v 1.30350053 1.15826738 -0.47163033
v 1.31324112 1.20162737 -0.49454376
v 1.32592916 1.22214198 -0.44665405
v 1.31544530 1.17758012 -0.42654598
v 1.32672513 1.19406664 -0.38018626
v 1.33791089 1.23965430 -0.39740965
v 1.33729553 1.20766175 -0.33273414
v 1.34711468 1.21831179 -0.28437689
v 1.34913898 1.25409532 -0.34700489
v 1.35956919 1.26540804 -0.29563868
v 1.55420899 1.11900306 -0.47545514
v 1.55448091 1.11890984 -0.47543359
v 1.56390977 1.11567676 -0.47468668
v 1.55493939 1.11988890 -0.47334793
v 1.55482900 1.11973929 -0.47361702
v 1.55515301 1.11959434 -0.47365519
v 1.55539453 1.11961806 -0.47339469
v 1.57215881 1.10964036 -0.47511777
v 1.57288003 1.11146474 -0.47602543
v 1.55142236 1.09206259 -0.40936521
v 1.55179918 1.09192598 -0.40933776
v 1.55206811 1.09278989 -0.40732634
v 1.55197167 1.09265959 -0.40756309
v 1.55238450 1.09247375 -0.40761328
v 1.55258501 1.09248030 -0.40738329
v 1.58680880 1.12565935 -0.42735612
v 1.58756793 1.12752521 -0.42814019
v 1.56895649 1.13518691 -0.42755896
v 1.56946611 1.13500452 -0.42751890
v 1.56962740 1.13594937 -0.42546266
v 1.56952524 1.13580513 -0.42569354
v 1.57006109 1.13556480 -0.42575896
v 1.57025707 1.13557231 -0.42553204
v 1.57859766 1.13173735 -0.42680141
v 1.59212518 1.14494550 -0.37771758
v 1.60109544 1.14073336 -0.37905636
v 1.60030138 1.13883352 -0.37839901
v 1.58254278 1.14851546 -0.37845987
v 1.58324516 1.14825380 -0.37840545
v 1.58315492 1.14915752 -0.37637883
v 1.58306026 1.14901745 -0.37657180
v 1.58376992 1.14869869 -0.37666151
v 1.58392501 1.14869392 -0.37646958
v 1.56419909 1.10459852 -0.36319631
v 1.56469917 1.10508347 -0.36137161
v 1.58193433 1.09488523 -0.36319384
v 1.58272839 1.09678507 -0.36385116
v 1.56477427 1.10438180 -0.36315516
v 1.56529033 1.10481679 -0.36144605
v 1.56478775 1.10520923 -0.36117366
v 1.56544900 1.10481107 -0.36125156
v 1.57375801 1.10099721 -0.36251241
v 1.59348083 1.10454702 -0.31622562
v 1.59430671 1.10647357 -0.31675363
v 1.57583392 1.11440074 -0.31607836
v 1.57656682 1.11411428 -0.31602719
v 1.57628477 1.11477506 -0.31423554
v 1.57701910 1.11444330 -0.31433120
v 1.57714009 1.11442959 -0.31417331
v 1.58533633 1.11068559 -0.31541488
v 1.57636607 1.11489773 -0.31407610
v 1.59577012 1.15860558 -0.32828680
v 1.59491456 1.15893686 -0.32835174
v 1.60443878 1.15524924 -0.32762888
v 1.59546852 1.15946138 -0.32629013
v 1.59538090 1.15932405 -0.32644555
v 1.59623003 1.15894210 -0.32655647
v 1.59634829 1.15892923 -0.32640064
v 1.61258328 1.14911067 -0.32843962
v 1.61340904 1.15103710 -0.32896766
v 1.59572768 1.11760485 -0.26755834
v 1.60384357 1.11144733 -0.26850048
v 1.60469794 1.11339283 -0.26889709
v 1.58628118 1.12143147 -0.26819739
v 1.58713567 1.12108529 -0.26813960
v 1.58668256 1.12169623 -0.26634067
v 1.58752811 1.12131381 -0.26645452
v 1.58761525 1.12129641 -0.26633409
v 1.58675742 1.12181699 -0.26621959
v 1.62360597 1.15645027 -0.27767512
v 1.61549008 1.16260791 -0.27673301
v 1.62446034 1.15839589 -0.27807176
v 1.60602331 1.16641057 -0.27743235
v 1.60651970 1.16682005 -0.27539423
v 1.60643852 1.16668451 -0.27551234
v 1.60699666 1.16601956 -0.27736044
v 1.60739589 1.16625333 -0.27564144
v 1.60748100 1.16623664 -0.27552256
v 1.35614395 1.22597480 -0.23530537
v 1.36434770 1.23062038 -0.18571325
v 1.37169337 1.23223042 -0.13579620
v 1.37815225 1.23079836 -0.08575127
v 1.38369870 1.22632992 -0.03577595
v 1.25483060 1.31295025 -0.17508188
v 1.36916029 1.27354789 -0.24351375
v 1.37787437 1.27848256 -0.19083580
v 1.38567722 1.28019273 -0.13781273
v 1.39253795 1.27867162 -0.08465382
v 1.39842951 1.27392519 -0.03156884
v 1.59549987 1.12566328 -0.21974230
v 1.60489094 1.12172759 -0.21913169
v 1.59644282 1.12526810 -0.21968099
v 1.61298168 1.11555862 -0.22020678
v 1.61386120 1.11751556 -0.22047044
v 1.59592056 1.12593973 -0.21779293
v 1.59585178 1.12581956 -0.21787590
v 1.59677875 1.12539995 -0.21800467
v 1.59683514 1.12538326 -0.21792233
v 1.63420546 1.16278040 -0.22656955
v 1.63332605 1.16082358 -0.22630587
v 1.60345399 1.12708020 -0.17090426
v 1.60445487 1.12664688 -0.17084228
v 1.60381961 1.12724960 -0.16898729
v 1.60375619 1.12712884 -0.16903223
v 1.60473645 1.12668490 -0.16917263
v 1.60476518 1.12667346 -0.16912866
v 1.62085903 1.11686504 -0.17153513
v 1.62176025 1.11882544 -0.17166480
v 1.61278999 1.12303758 -0.17032604
v 1.64170504 1.16221309 -0.17453459
v 1.64260626 1.16417348 -0.17466426
v 1.61582553 1.17090797 -0.22590260
v 1.61688435 1.17046738 -0.22582701
v 1.61626494 1.17120457 -0.22389203
v 1.61618948 1.17106962 -0.22397299
v 1.62523520 1.16699243 -0.22523078
v 1.61722624 1.17060232 -0.22411714
v 1.61728132 1.17058611 -0.22403583
v 1.62428296 1.17241180 -0.17396583
v 1.62539732 1.17193198 -0.17388953
v 1.62466562 1.17259765 -0.17198674
v 1.62459540 1.17246211 -0.17203070
v 1.62568414 1.17197120 -0.17218663
v 1.62571204 1.17196000 -0.17214321
v 1.63363588 1.16838562 -0.17332549
v 1.62744451 1.11536109 -0.12267761
v 1.61011243 1.12567735 -0.12187589
v 1.61114240 1.12521708 -0.12181576
v 1.61137128 1.12516320 -0.12015072
v 1.61137474 1.12516141 -0.12014518
v 1.61042333 1.12574160 -0.11999524
v 1.61036468 1.12561905 -0.12000226
v 1.61155105 1.12501669 -0.11848715
v 1.61056674 1.12545431 -0.11812985
v 1.61939359 1.12152946 -0.12133400
v 1.62836385 1.11731744 -0.12267277
v 1.62467575 1.11720943 -0.07234893
v 1.61664093 1.12084782 -0.07112948
v 1.61665368 1.12084341 -0.07116723
v 1.61570549 1.12142158 -0.07101017
v 1.61565113 1.12129605 -0.07097927
v 1.61676645 1.12061036 -0.06946173
v 1.61580276 1.12102473 -0.06910996
v 1.63271224 1.11105299 -0.07382702
v 1.63364601 1.11299741 -0.07368769
v 1.63834286 1.16576421 -0.06792364
v 1.63835526 1.16576004 -0.06796084
v 1.64627659 1.16218746 -0.06912587
v 1.63847113 1.16552186 -0.06622281
v 1.63664138 1.10395753 -0.02517617
v 1.62861574 1.11009455 -0.02356414
v 1.63758600 1.10588241 -0.02490289
v 1.62053823 1.11374986 -0.02230374
v 1.62056828 1.11374462 -0.02238561
v 1.61964536 1.11430657 -0.02222538
v 1.61959481 1.11417687 -0.02215653
v 1.61969519 1.11379886 -0.02029434
v 1.62061131 1.11341846 -0.02063013
v 1.64149654 1.15883267 -0.01590400
v 1.64143872 1.15868831 -0.01583723
v 1.64249134 1.15821397 -0.01600111
v 1.64252055 1.15820909 -0.01608181
v 1.64154243 1.15829754 -0.01391207
v 1.64256656 1.15787554 -0.01429427
v 1.63250422 1.17040884 -0.12175258
v 1.63273740 1.17035401 -0.12005450
v 1.63274074 1.17035222 -0.12004902
v 1.63292074 1.17020452 -0.11835795
v 1.63136244 1.17091680 -0.12182688
v 1.63168871 1.17099392 -0.11988322
v 1.63162315 1.17085648 -0.11989027
v 1.63183200 1.17068613 -0.11795496
v 1.64065897 1.16678178 -0.12122198
v 1.63730633 1.16639948 -0.06778711
v 1.63724494 1.16625917 -0.06775727
v 1.63740158 1.16597879 -0.06582502
v 1.64870989 1.16061342 -0.12256558
v 1.64962924 1.16256976 -0.12256074
v 1.65431309 1.15603089 -0.07060397
v 1.65524697 1.15797532 -0.07046463
v 1.65849245 1.14848363 -0.01885480
v 1.65046680 1.15462053 -0.01724276
v 1.65943706 1.15040851 -0.01858152
v -0.83138436 0.47999999 0.00000000
v -0.82974386 0.47905284 0.06027890
v -0.82482868 0.47621506 0.12031990
v -0.85919654 0.49605736 0.12533323
v -0.85068572 0.49114361 0.18738131
v -0.81665826 0.47149789 0.17988606
v -0.83881760 0.48429158 0.24868989
v -0.80526489 0.46491992 0.23874229
v -0.79069352 0.45650712 0.29665631
v -0.82363909 0.47552827 0.30901700
v -0.80521005 0.46488824 0.36812454
v -0.77300167 0.44629270 0.35339957
v -0.72854769 0.42062721 0.46248353
v -0.78360319 0.45241353 0.42577928
v -0.75225908 0.43431699 0.40874812
v -0.75890386 0.43815333 0.48175368
v -0.86602539 0.50000000 0.00000000
v -0.80638438 0.52330124 0.00000000
v -0.80624962 0.52333736 0.00313953
v -0.80601668 0.52354425 0.00626666
v -0.80568659 0.52392101 0.00936907
v -0.80526054 0.52446628 0.01243449
v -0.80474031 0.52517778 0.01545085
v -0.80412787 0.52605283 0.01840623
v -0.80342567 0.52708787 0.02128896
v -0.80263650 0.52827883 0.02408768
v -0.80176342 0.52962106 0.02679134
v -0.80080998 0.53110927 0.02938926
v -0.79977983 0.53273755 0.03187120
v -0.79867709 0.53449947 0.03422736
v -0.83540773 0.54005790 0.00000000
v -0.83526421 0.54008895 0.00313953
v -0.83500034 0.54027796 0.00626666
v -0.83461732 0.54062420 0.00936907
v -0.83447528 0.54076660 0.01023856
v -0.83411503 0.54112542 0.01243449
v -0.83349645 0.54178017 0.01545085
v -0.83276463 0.54258627 0.01840623
v -0.83192247 0.54354048 0.02128896
v -0.83097327 0.54463911 0.02408768
v -0.82992077 0.54587775 0.02679134
v -0.82876921 0.54725158 0.02938926
v -0.82752305 0.54875511 0.03187120
v -0.82618725 0.55038244 0.03422736
v -0.82476705 0.55212718 0.03644843
v -0.82326806 0.55398238 0.03852566
v -0.79750609 0.53638804 0.03644843
v -0.79627150 0.53839594 0.03852566
v -0.79497808 0.54051507 0.04045085
v -0.79363108 0.54273719 0.04221640
v -0.79223573 0.54505354 0.04381533
v -0.79079759 0.54745489 0.04524135
v -0.78932226 0.54993182 0.04648883
v -0.78781563 0.55247450 0.04755282
v -0.82169616 0.55594075 0.04045085
v -0.82005769 0.55799460 0.04221640
v -0.81835896 0.56013578 0.04381533
v -0.81660676 0.56235582 0.04524135
v -0.81480801 0.56464601 0.04648883
v -0.81296974 0.56699723 0.04755282
v -0.81109923 0.56940031 0.04842916
v -0.80920392 0.57184571 0.04911436
v -0.78628361 0.55507296 0.04842916
v -0.78473222 0.55771697 0.04911436
v -0.78316766 0.56039602 0.04960573
v -0.78159606 0.56309950 0.04990134
v -0.78002357 0.56581688 0.05000000
v -0.77845651 0.56853735 0.04990134
v -0.77690101 0.57125014 0.04960573
v -0.86431652 0.49901336 0.06279052
v -0.80729127 0.57432377 0.04960573
v -0.80536872 0.57682472 0.04990134
v -0.80344403 0.57933867 0.05000000
v -0.80152470 0.58185577 0.04990134
v -0.79961824 0.58436596 0.04960573
v -0.79773235 0.58685952 0.04911436
v -0.79587430 0.58932644 0.04842916
v -0.79227120 0.59414172 0.04648883
v -0.79054028 0.59647107 0.04524135
v -0.78886575 0.59873593 0.04381533
v -0.78424460 0.60505557 0.03852566
v -0.78285867 0.60697603 0.03644843
v -0.78725404 0.60092735 0.04221640
v -0.78571165 0.60303670 0.04045085
v -0.79405153 0.59175700 0.04755282
v -0.75641096 0.60946387 0.00626666
v -0.75657225 0.60898960 0.00936907
v -0.75683141 0.60834801 0.01243449
v -0.75718749 0.60754174 0.01545085
v -0.75763905 0.60657382 0.01840623
v -0.75818431 0.60544819 0.02128896
v -0.75954705 0.60274202 0.02679134
v -0.75882113 0.60416925 0.02408768
v -0.76035911 0.60117221 0.02938926
v -0.77091604 0.58181232 0.04648883
v -0.76950860 0.58432841 0.04524135
v -0.76683974 0.58914119 0.04221640
v -0.76814806 0.58677459 0.04381533
v -0.77536315 0.57394463 0.04911436
v -0.77384907 0.57661015 0.04842916
v -0.77236480 0.57923615 0.04755282
v -0.76327872 0.59567159 0.03644843
v -0.76440030 0.59359843 0.03852566
v -0.76222867 0.59762996 0.03422736
v -0.76125413 0.59946597 0.03187120
v -0.76558882 0.59141880 0.04045085
v -0.78155935 0.60879058 0.03422736
v -0.77480507 0.61872512 0.01243449
v -0.77526182 0.61797690 0.01545085
v -0.77417237 0.62017369 0.00000000
v -0.77414966 0.62004668 0.00313953
v -0.77424788 0.61976206 0.00626666
v -0.77446663 0.61932093 0.00936907
v -0.75638437 0.60990381 0.00000000
v -0.75634825 0.60976905 0.00313953
v -0.77583510 0.61707932 0.01840623
v -0.77652264 0.61603582 0.02128896
v -0.77822930 0.61352825 0.02679134
v -0.77881736 0.61268348 0.02830051
v -0.77924073 0.61207348 0.02938926
v -0.77732176 0.61485058 0.02408768
v -0.69944179 0.63476300 0.02130633
v -0.69939011 0.63473320 0.02325978
v -0.69928598 0.63467306 0.02719384
v -0.69930500 0.63468403 0.02647541
v -0.69933218 0.63469970 0.02544909
v -0.69925255 0.63465375 0.02845782
v -0.78035176 0.61049199 0.03187120
v -0.69911134 0.63457227 0.03379387
v -0.69904906 0.63453627 0.03614803
v -0.69903529 0.63452834 0.03666854
v -0.69897413 0.63449299 0.03898064
v -0.69889832 0.63444924 0.04176521
v -0.69868720 0.63432735 0.04952308
v -0.69868147 0.63432407 0.04973332
v -0.69860196 0.63427818 0.05265398
v -0.69861060 0.63428313 0.05233768
v -0.69848543 0.63421088 0.05693541
v -0.69811338 0.63645130 0.02220308
v -0.69724697 0.63732970 0.02726121
v -0.69456381 0.64090520 0.02574920
v -0.69565833 0.63931221 0.02906692
v -0.69269240 0.64326930 0.02729891
v -0.69743472 0.63668501 0.03528812
v -0.69758034 0.63639390 0.03731966
v -0.69683629 0.63736886 0.03723339
v -0.69549364 0.63940543 0.03150876
v -0.69396228 0.64123499 0.03488448
v -0.69431210 0.64078540 0.03474945
v -0.69669855 0.63755417 0.03712079
v -0.69288212 0.64271164 0.03352814
v -0.69199741 0.64387822 0.03327857
v -0.69004434 0.64650542 0.03168236
v -0.69515997 0.63229090 0.09770644
v -0.69369173 0.63144320 0.11564137
v -0.71665829 0.64470297 0.17988606
v -0.70526493 0.63812500 0.23874229
v -0.69125116 0.63003415 0.13343446
v -0.68569660 0.62682724 0.17388073
v -0.68229860 0.62486541 0.19143419
v -0.67453212 0.62038141 0.23141959
v -0.67021239 0.61788744 0.24858841
v -0.73138440 0.65320510 0.00000000
v -0.72974384 0.65225792 0.06027890
v -0.72482866 0.64942014 0.12031990
v -0.68977422 0.64686882 0.03146157
v -0.64568621 0.70317215 0.05576606
v -0.64070714 0.70070380 0.11416042
v -0.68473566 0.73424858 0.05883165
v -0.67948991 0.73164809 0.12035295
v -0.63286972 0.69595486 0.17209838
v -0.65999699 0.71925867 0.24171218
v -0.62220496 0.68894410 0.22935131
v -0.67123282 0.72664487 0.18139343
v -0.65505368 0.60913551 0.30467135
v -0.66637808 0.61567366 0.26375708
v -0.66024321 0.61213171 0.28802690
v -0.65920532 0.61153245 0.29135579
v -0.65661055 0.61003441 0.29967803
v -0.69069356 0.62971222 0.29665631
v -0.64288729 0.60211122 0.34347522
v -0.63689584 0.59865212 0.35946247
v -0.67300165 0.61949778 0.35339957
v -0.62253404 0.59036028 0.39754179
v -0.61582440 0.58648646 0.41274732
v -0.65225911 0.60752207 0.40874812
v -0.62854767 0.59383231 0.46248353
v -0.59926534 0.57692611 0.45000914
v -0.59193653 0.57269484 0.46431857
v -0.55227774 0.63896728 0.44705272
v -0.64582676 0.70951867 0.30107114
v -0.60875493 0.67969918 0.28569323
v -0.62877798 0.69746327 0.35923609
v -0.59257275 0.66825652 0.34090182
v -0.57372218 0.65466136 0.39475915
v -0.60891801 0.68314010 0.41597742
v -0.58632523 0.66660565 0.47107121
v -0.52832395 0.62123626 0.49757609
v -0.60605311 0.34990495 0.65716523
v -0.59283519 0.34227356 0.67242801
v -0.56912178 0.32858261 0.69980991
v -0.59283519 0.34227356 0.72896862
v -0.70196104 0.40527740 0.51439375
v -0.73120946 0.42216396 0.53582680
v -0.70062929 0.40450850 0.58778524
v -0.64059269 0.36984634 0.61192703
v -0.67260408 0.38832816 0.56427383
v -0.66728407 0.38525662 0.63742399
v -0.63130534 0.36448431 0.68454713
v -0.52994436 0.30596352 0.73969269
v -0.44285887 0.48662481 0.68123478
v -0.39630184 0.45974508 0.72724712
v -0.43443361 0.48176047 0.68981177
v -0.42994437 0.47916859 0.73969269
v -0.40444925 0.46444899 0.71994966
v -0.55202538 0.31871200 0.77051324
v -0.44547802 0.25719687 0.81055480
v -0.46403962 0.26791340 0.84432793
v -0.40052247 0.23124176 0.84125441
v -0.48883086 0.28222662 0.77651715
v -0.48867548 0.28213692 0.77665633
v -0.50903696 0.29389262 0.80901700
v -0.35398626 0.20437406 0.86863399
v -0.36873567 0.21288964 0.90482706
v -0.41721091 0.24087684 0.87630665
v -0.20605300 0.34990487 0.89258540
v -0.36400461 0.44109827 0.75576347
v -0.38867548 0.45534199 0.77665633
v -0.32168907 0.41666737 0.78853023
v -0.31469801 0.41263109 0.79330432
v -0.30052248 0.40444684 0.84125441
v -0.21835889 0.38394749 0.84262747
v -0.25398627 0.37757915 0.86863399
v -0.22718637 0.36210620 0.84687483
v -0.23214129 0.36496696 0.84439892
v -0.27767479 0.39125574 0.81811595
v -0.27158615 0.38774043 0.82169819
v -0.25959364 0.41600212 0.81592572
v -0.35633120 0.43666801 0.76178503
v -0.34547803 0.43040195 0.81055480
v -0.29947415 0.44689971 0.78599805
v -0.33784309 0.47651839 0.75296253
v -0.36040786 0.49545780 0.79336214
v -0.31998432 0.46425310 0.82816666
v -0.27796826 0.43170094 0.85969692
v -0.23452544 0.39792985 0.88782853
v -0.57317483 0.56186277 0.50066620
v -0.56534100 0.55733985 0.51397669
v -0.53615743 0.54049075 0.56153095
v -0.54436761 0.54523093 0.54930902
v -0.57260412 0.56153321 0.56427383
v -0.54059267 0.54305142 0.61192703
v -0.60196108 0.57848251 0.51439375
v -0.53330821 0.62717235 0.57545394
v -0.56108874 0.64792514 0.52430010
v -0.51295972 0.52709752 0.59574145
v -0.50451636 0.52222276 0.60680014
v -0.50195539 0.60153830 0.54612994
v -0.47327617 0.57995105 0.59252262
v -0.50309324 0.60442919 0.62433088
v -0.47907788 0.50753582 0.63977605
v -0.47055829 0.50261706 0.64961356
v -0.50605315 0.52311003 0.65716523
v -0.40944701 0.53145683 0.67810130
v -0.44239941 0.55655980 0.63657099
v -0.46912178 0.50178766 0.69980991
v -0.37454900 0.50474125 0.71694958
v -0.43584609 0.55333817 0.71449214
v -0.47056308 0.57978535 0.67073798
v -0.30979863 0.79060209 0.52860487
v -0.28452638 0.76623696 0.57431656
v -0.25740433 0.73976356 0.61773843
v -0.22853953 0.71128637 0.65869910
v -0.19804589 0.68091768 0.69703692
v -0.21887688 0.70538193 0.73534578
v -0.28147027 0.76743484 0.65172571
v -0.25103238 0.73740566 0.69491863
v -0.39907932 0.52519196 0.75542074
v -0.18527485 0.33790860 0.86727041
v -0.18169576 0.33584219 0.86875832
v -0.03954383 0.25377074 0.91391420
v -0.03758781 0.25264144 0.91434658
v -0.04998606 0.25338241 0.96435761
v -0.05578590 0.26314810 0.94299579
v -0.13726795 0.31019178 0.88663495
v -0.13531713 0.30906549 0.88728935
v -0.13248244 0.31687734 0.88594478
v -0.15691191 0.32153323 0.91301423
v -0.14405040 0.32726815 0.93346542
v -0.08686103 0.28108934 0.90276688
v -0.08817963 0.28212649 0.90238935
v -0.08825835 0.28189608 0.90242612
v -0.08831853 0.28193083 0.90241057
v -0.10675689 0.29257622 0.92983985
v -0.09737524 0.29065645 0.95079064
v 0.01372594 0.22301543 0.92256218
v 0.00951159 0.22544859 0.92194635
v -0.00420009 0.23336503 0.95243013
v 0.04779694 0.20334452 0.95810568
v -0.00206990 0.21559317 0.97411293
v 0.12811239 0.34432498 0.90293097
v -0.17593268 0.35086238 0.86599791
v 0.01199387 0.46615767 0.86430693
v -0.18982735 0.36307308 0.91245043
v 0.08897951 0.38559547 0.89358920
v 0.12505655 0.35044539 0.95246077
v 0.08379097 0.39396507 0.94260991
v 0.05022234 0.42625985 0.88069755
v 0.04292160 0.43684560 0.92901570
v 0.00260974 0.47891781 0.91173178
v 0.47424579 0.25809672 0.86410892
v 0.20688674 0.26061898 0.91083163
v 0.24621730 0.21851383 0.90935934
v 0.20812397 0.26217756 0.96079201
v 0.24959800 0.21777773 0.95923948
v 0.16746658 0.30261126 0.90868604
v 0.16655548 0.30645835 0.95852947
v 0.38860554 0.24974287 0.88307899
v 0.39997110 0.27134225 0.88082296
v 0.39473519 0.24715313 0.93256146
v 0.40553442 0.26835671 0.93042266
v 0.36811295 0.31791648 0.88540709
v 0.37190869 0.31751502 0.93526119
v 0.45368886 0.49747014 0.85608613
v 0.30371344 0.41096669 0.88393271
v 0.30393615 0.41572791 0.93370497
v 0.27142626 0.45707545 0.87787998
v 0.26985759 0.46439490 0.92731649
v 0.33598480 0.36451927 0.88644499
v 0.33799800 0.36670345 0.93635672
v -0.16604377 0.64877743 0.73260057
v 0.05555769 0.75541586 0.74011278
v 0.02763150 0.79252481 0.70773733
v -0.06227621 0.54302740 0.82130104
v -0.07570796 0.55997682 0.86638212
v -0.13265947 0.61499238 0.76524967
v -0.14992699 0.63586378 0.80727607
v -0.09802471 0.57969594 0.79485548
v -0.11340470 0.59864378 0.83849531
v -0.02555504 0.50513148 0.84448200
v -0.03698554 0.52001560 0.89082640
v -0.18513070 0.67149007 0.77284759
v 0.11418661 0.67625701 0.79582930
v 0.08444741 0.71660888 0.76951545
v 0.13605586 0.65168393 0.86511743
v 0.10389388 0.69573718 0.84071344
v 0.04201207 0.77928799 0.78190559
v 0.07250466 0.73832786 0.81293958
v 0.20731363 0.54755116 0.85526294
v 0.23925066 0.50266355 0.86831081
v 0.17574120 0.59156102 0.83878785
v 0.14465797 0.63451946 0.81895053
v 0.42890599 0.54680800 0.84960538
v 0.37942186 0.64355516 0.82635093
v 0.40411770 0.59556717 0.83968061
v 0.20218782 0.55989039 0.90344453
v 0.23589680 0.51251233 0.91721636
v 0.16886365 0.60634202 0.88605535
v 0.45516634 0.50296766 0.90576100
v 0.42898315 0.55509329 0.89891410
v 0.40279427 0.60660744 0.88842851
v 0.30685946 0.78101826 0.76652455
v 0.35491592 0.69058263 0.80966896
v 0.37670305 0.65730691 0.87434572
v 0.35081246 0.70699161 0.85672116
v 0.33069658 0.73646402 0.78970057
v 0.32522467 0.75546545 0.83562452
v -0.47427386 0.93868327 0.04915904
v -0.44024345 0.90216160 0.04631362
v -0.46886721 0.93639457 0.10965184
v -0.43511623 0.89999115 0.10368004
v -0.46088326 0.93132597 0.16968863
v -0.42754489 0.89518452 0.16061400
v -0.45035350 0.92349750 0.22903244
v -0.41755933 0.88776064 0.21689083
v -0.20982231 1.06711972 0.03162147
v -0.20452118 1.06520128 0.08795381
v -0.19723012 1.06036222 0.14388715
v -0.39051259 0.86518872 0.32658809
v -0.40519899 0.87774891 0.27228838
v -0.43731952 0.91294014 0.28744912
v -0.42183274 0.89969546 0.34470806
v -0.37355813 0.85012978 0.37957564
v -0.38375473 0.86536384 0.45485443
v -0.40395430 0.88381582 0.40058336
v -0.35440254 0.83263141 0.43104190
v -0.33312136 0.81276268 0.48078373
v -0.20323852 1.08178306 0.26848036
v -0.23809190 1.10828602 0.03410535
v -0.23249665 1.10626113 0.09356315
v -0.22480106 1.10115349 0.15259981
v -0.21503550 1.09298337 0.21098235
v -0.18797790 1.05262160 0.19920075
v -0.14885727 1.01235247 0.35925749
v -0.17680104 1.04200995 0.25367630
v -0.16374364 1.02856922 0.30709884
v -0.18945667 1.06759655 0.32486689
v -0.13220063 0.99342358 0.40994644
v -0.11383948 0.97185737 0.45896566
v -0.13678369 1.00773823 0.48515967
v -0.17374435 1.05048013 0.37991947
v -0.15616356 1.03050101 0.43342078
v 0.14072604 1.06998181 0.47908676
v 0.04005338 1.19495869 0.01212886
v 0.01815929 1.23986626 0.01411778
v 0.04554660 1.19324374 0.06742170
v 0.05254737 1.18839896 0.12235741
v 0.02396289 1.23805451 0.07253482
v 0.03135923 1.23293591 0.13057455
v 0.06102807 1.18044341 0.17671917
v 0.04031911 1.22453082 0.18800791
v 0.05080717 1.21287239 0.24460822
v 0.07095522 1.16940844 0.23029245
v 0.29449660 1.32948220 0.04711769
v 0.30158725 1.32438159 0.10416319
v 0.30921334 1.28190887 0.04262356
v 0.31591809 1.27708590 0.09656417
v 0.32360539 1.26902008 0.14998376
v 0.33224487 1.25774348 0.20267154
v 0.31885386 1.30392587 0.21637824
v 0.30971703 1.31585157 0.16065769
v 0.08228965 1.15533769 0.28286582
v 0.09498663 1.13828659 0.33423179
v 0.06278203 1.19800663 0.30015215
v 0.07619642 1.17999208 0.35442042
v 0.10899603 1.11832261 0.38418764
v 0.12426259 1.09552431 0.43253624
v 0.09099740 1.15890002 0.40719894
v 0.10712656 1.13481367 0.45827937
v 0.35224056 1.22574818 0.30502355
v 0.36351782 1.20515573 0.35428387
v 0.38840878 1.15518725 0.44800183
v 0.40192425 1.12600839 0.49208963
v 0.37558976 1.18160439 0.40200609
v 0.36469370 1.22340405 0.42718673
v 0.37825060 1.19546628 0.47583005
v 0.34180251 1.24330056 0.25441954
v 0.32896164 1.28865147 0.27110493
v 0.34000051 1.27008879 0.32462177
v 0.35192686 1.24831104 0.37671757
v -0.33671999 0.82104397 0.55773449
v -0.36131379 0.84441233 0.50730717
v -0.31007043 0.79535097 0.60593742
v -0.07229993 0.92116338 0.55122828
v -0.04928547 0.89223570 0.59410763
v -0.04290300 0.89080405 0.67052853
v -0.06864806 0.92369890 0.62779969
v 0.00077903 0.82778919 0.67251688
v -0.02489373 0.86106998 0.63459039
v 0.01253646 0.81845582 0.74773383
v -0.01580585 0.85567683 0.71055925
v -0.11568122 0.98228163 0.53493202
v -0.09384628 0.94773895 0.50612164
v -0.09293942 0.95423162 0.58254129
v 0.28349862 0.82406944 0.74023235
v 0.26070622 0.86544770 0.71092772
v 0.21718404 0.94253951 0.64375526
v 0.23857224 0.90498972 0.67872632
v 0.22789502 0.93351328 0.71837986
v 0.19662601 0.97794878 0.60615253
v 0.17697930 1.01107788 0.56606650
v 0.15832144 1.04179597 0.52365547
v 0.14310983 1.07804942 0.55454713
v 0.16282190 1.04559565 0.59935451
v 0.44610363 1.02310538 0.61120695
v 0.43082872 1.05983698 0.57385349
v 0.20529833 0.97318470 0.68143284
v 0.18357871 1.01059473 0.64170545
v 0.46184734 0.98413360 0.64600831
v 0.45591637 1.01456654 0.68523401
v 0.47299635 0.97114474 0.71919435
v 0.43926644 1.05578172 0.64842945
v 0.30004066 0.80253708 0.81113893
v 0.27535987 0.84802073 0.78336114
v 0.25127962 0.89173698 0.75240070
v 0.12452025 1.10782790 0.50746012
v 0.41608286 1.09418309 0.53409547
v 0.39254403 1.16460788 0.52245557
v 0.42311230 1.09462750 0.60892594
v 0.40751764 1.13095069 0.56687933
v 0.88897324 0.24632327 0.74269849
v 0.90195155 0.22562949 0.73239964
v 0.89568859 0.23586525 0.73759431
v 0.89570510 0.23620296 0.73769653
v 0.90130055 0.27646405 0.74773687
v 1.12849534 0.21849185 0.67357773
v 1.12575328 0.22985303 0.67829388
v 1.12587488 0.23017360 0.67838198
v 1.12265444 0.24156268 0.68292230
v 1.14247847 0.26586398 0.68650347
v 1.00134432 0.20403345 0.69711435
v 1.01533365 0.23068517 0.70356035
v 1.01080561 0.24162503 0.70852840
v 1.01087534 0.24195831 0.70862377
v 1.00586772 0.25285453 0.71340829
v 1.13179457 0.20300454 0.72090352
v 1.12881684 0.21499343 0.72590697
v 1.12893021 0.21531516 0.72599709
v 1.12546182 0.22731845 0.73081565
v 1.14229870 0.26520598 0.73905414
v 1.14251494 0.26564071 0.73913127
v 1.02220714 0.28033316 0.71770442
v 1.01645172 0.29101196 0.72209221
v 1.01660812 0.29147217 0.72217733
v 1.00964749 0.30259660 0.72667927
v 1.03031147 0.33112618 0.72836757
v 1.02256632 0.34108034 0.73231298
v 1.02300882 0.34179467 0.73234999
v 1.13849556 0.27713969 0.69066632
v 1.13872194 0.27757278 0.69074100
v 1.13363016 0.28946102 0.69501793
v 1.13708436 0.27816999 0.74366689
v 1.14324498 0.33820787 0.70426160
v 1.01194179 0.35303897 0.73704225
v 1.04271138 0.38346428 0.73483181
v 1.00826967 0.40383223 0.74548072
v 1.03161383 0.39129639 0.73855245
v 1.03407204 0.39280283 0.73817772
v 1.07557642 0.43705434 0.73315316
v 1.09944713 0.44502553 0.72836781
v 1.10665655 0.49601850 0.72887331
v 0.53782308 0.20805682 0.84290266
v 0.50822663 0.21571356 0.85230732
v 0.52488941 0.21191905 0.84722340
v 0.52484268 0.21274306 0.84732729
v 0.50238609 0.26153988 0.85747784
v 0.50356334 0.26415816 0.85733241
v 0.51701182 0.26150444 0.85373062
v 0.64075887 0.27212596 0.82139206
v 0.64083910 0.27295151 0.82148069
v 0.51243484 0.32817906 0.85746294
v 0.52702951 0.34793833 0.85467672
v 0.62515372 0.27833897 0.82646638
v 0.59839624 0.32461447 0.83759081
v 0.64042962 0.32153141 0.82694799
v 0.62625080 0.32374674 0.83075565
v 0.62780660 0.32616487 0.83055127
v 0.66832429 0.21489306 0.80311537
v 0.65783018 0.22262329 0.80810446
v 0.65789676 0.22215039 0.80799115
v 0.78298306 0.21284741 0.76520717
v 0.78294629 0.21318114 0.76531571
v 0.79088515 0.20359148 0.75981593
v 0.77459812 0.22225162 0.77050358
v 0.78246069 0.25445276 0.77629697
v 0.77344733 0.26358780 0.78115004
v 0.77343929 0.26310745 0.78104538
v 0.76310825 0.27231199 0.78599989
v 0.64607328 0.22974978 0.81306916
v 0.67784917 0.20307897 0.85066509
v 0.66683459 0.21065573 0.85580575
v 0.66675848 0.21112406 0.85592103
v 0.65437400 0.21855456 0.86115283
v 0.65272605 0.26641735 0.81710422
v 0.66124582 0.25749466 0.86547315
v 0.64863431 0.26345298 0.86999011
v 0.64870107 0.26427236 0.87008142
v 0.78239232 0.20785837 0.81779903
v 0.79068273 0.24214977 0.82396621
v 0.78112799 0.25169250 0.82908630
v 0.78112996 0.25121522 0.82897949
v 0.77021271 0.26081946 0.83420455
v 0.77493036 0.30694965 0.78924012
v 0.76417518 0.31430942 0.79345286
v 0.76438117 0.31511688 0.79352498
v 0.74995857 0.32271808 0.79846334
v 0.78259319 0.29766810 0.83768493
v 0.77142972 0.30618027 0.84220374
v 0.77123779 0.30537683 0.84212875
v 0.75625879 0.31412491 0.84740341
v 0.51605111 0.20750596 0.90109283
v 0.53353137 0.20362344 0.89575702
v 0.53347212 0.20443933 0.89586335
v 0.52488476 0.25588629 0.90269971
v 0.48018935 0.25218177 0.91355330
v 0.50952470 0.25589919 0.90663749
v 0.51067668 0.25850132 0.90649664
v 0.63222963 0.26988113 0.87532371
v 0.53265101 0.34498692 0.90427196
v 0.51868570 0.32554024 0.90692627
v 0.60394210 0.31870672 0.88708466
v 0.63303584 0.31793064 0.87994492
v 0.63456440 0.32033661 0.87974566
v 0.64794773 0.31562495 0.87593853
v 0.50284767 0.39783871 0.85862678
v 0.47836855 0.44774830 0.85909718
v 0.75771630 0.36667392 0.80183405
v 0.73078477 0.37170354 0.80878764
v 0.75961697 0.36883616 0.80157095
v 0.77113861 0.36240420 0.79801106
v 0.64609951 0.38716426 0.82937407
v 0.66362923 0.40458947 0.82605815
v 0.73593855 0.36586523 0.85833454
v 0.76412624 0.36073679 0.85105920
v 0.76599824 0.36289108 0.85080165
v 0.77826333 0.35626423 0.84703135
v 0.79308170 0.42263862 0.84850127
v 0.80671138 0.44007558 0.79524374
v 0.78661430 0.42543265 0.79907715
v 0.79846179 0.49293050 0.79760700
v 0.64738065 0.45658499 0.82926059
v 0.80372715 0.49312025 0.84732866
v 0.50710273 0.39770681 0.90844524
v 0.48124051 0.45043641 0.90894222
v 0.65246391 0.38445699 0.87881786
v 0.66931313 0.40166318 0.87564778
v 0.65212923 0.45665160 0.87903452
v 0.90892088 0.21003330 0.77928787
v 0.90224308 0.22078109 0.78478217
v 0.90225118 0.22111741 0.78488630
v 0.89510095 0.23173016 0.79017681
v 0.90816289 0.26387089 0.79554570
v 0.90025097 0.27416509 0.80039293
v 0.90032363 0.27463970 0.80049038
v 0.89385080 0.28626537 0.75232136
v 0.89393377 0.28674147 0.75241655
v 0.88520837 0.29680604 0.75711095
v 0.89108825 0.28519762 0.80545223
v 0.89239728 0.33748385 0.76366079
v 0.89272499 0.33825397 0.76371557
v 0.87985718 0.34782013 0.76855522
v 0.90173167 0.32870030 0.75956315
v 0.90849441 0.31919077 0.80809784
v 0.89861876 0.32841519 0.81242627
v 0.89893204 0.32918346 0.81248409
v 0.88537198 0.33920935 0.81758714
v 1.01566660 0.22685564 0.75601840
v 1.01560521 0.22652246 0.75592107
v 1.01032078 0.23831157 0.76108742
v 1.02046311 0.21500587 0.75065857
v 1.02768290 0.26765516 0.76566988
v 1.01430154 0.29105595 0.77516973
v 1.02169240 0.27935803 0.77040362
v 1.02154648 0.27889773 0.77031612
v 1.03615093 0.32152468 0.77700400
v 1.02793682 0.33200219 0.78117770
v 1.02836478 0.33271682 0.78121799
v 1.01667905 0.34452841 0.78617311
v 0.86844033 0.39830968 0.77797681
v 0.89385074 0.38936189 0.77099228
v 0.90623468 0.38320705 0.76719874
v 0.89605457 0.39121798 0.77067196
v 0.87321728 0.39260173 0.82757908
v 0.91293603 0.37689367 0.81625628
v 0.89987230 0.38336074 0.82025868
v 0.90204674 0.38521329 0.81994426
v 0.93084484 0.44217458 0.76688528
v 0.95307481 0.45364389 0.76255828
v 0.95889091 0.45073885 0.81213385
v 0.81246060 0.43716484 0.84482676
v 0.93740177 0.43927714 0.81629014
v 1.03724229 0.38528967 0.78786463
v 1.03967094 0.38679701 0.78749609
v 1.04896832 0.37704146 0.78393346
v 1.01269436 0.39831263 0.79513955
v 1.10533011 0.44211617 0.77793521
v 1.08220673 0.43403876 0.78253961
v 1.11297917 0.49621913 0.77847153
v 1.11345673 0.54699844 0.72616935
v 1.11982107 0.59776425 0.72026658
v 0.94930947 0.66273636 0.74876010
v 0.94743276 0.71393919 0.73720127
v 0.94519442 0.76430637 0.72247082
v 1.12572432 0.64811552 0.71118832
v 1.13114309 0.69785357 0.69897038
v 1.13895917 0.71036386 0.74674487
v 1.13605618 0.74678206 0.68366098
v 1.14044404 0.79470795 0.66532058
v 1.14417195 0.76227647 0.73050177
v 0.63080651 0.50857592 0.82905036
v 0.61397219 0.56035709 0.82542837
v 0.61679775 0.56639701 0.87498170
v 0.59694415 0.61172420 0.81840885
v 0.59878951 0.62072080 0.86755818
v 0.78985804 0.54577267 0.79662508
v 0.79461867 0.54906219 0.84628910
v 0.78093398 0.59839356 0.79230189
v 0.78517115 0.60476977 0.84171230
v 0.63460106 0.51163518 0.87881219
v 0.57978958 0.66247445 0.80801952
v 0.56257617 0.71240759 0.79430145
v 0.58064753 0.67439234 0.85657084
v 0.54537189 0.76132649 0.77730864
v 0.54424870 0.77893442 0.82409221
v 0.56244332 0.72719967 0.84206307
v 0.77172488 0.65058541 0.78465438
v 0.76226705 0.70214236 0.77371287
v 0.77542180 0.66002321 0.83361626
v 0.76540917 0.71460450 0.82203287
v 0.75259781 0.75286084 0.75952047
v 0.75517273 0.76829815 0.80700797
v 0.95270365 0.50614715 0.76401448
v 0.95195019 0.55863494 0.76219320
v 0.95769900 0.56200856 0.81174690
v 0.95849758 0.50638193 0.81367707
v 0.95081729 0.61090010 0.75710171
v 0.95649838 0.61739928 0.80635095
v 1.12019420 0.55030835 0.77560270
v 1.12694669 0.60417026 0.76933992
v 0.95490044 0.67233545 0.79751050
v 0.95291144 0.72660023 0.78526038
v 0.95053923 0.77997953 0.76964903
v 1.13320994 0.65759242 0.75970799
v 1.26122427 0.22520295 0.65133858
v 1.27023530 0.23260824 0.65221292
v 1.26762915 0.24254012 0.65570843
v 1.26315045 0.24750029 0.65795654
v 1.27443361 0.27024481 0.66199899
v 1.14657140 0.25330859 0.73463935
v 1.26239324 0.21231692 0.69971234
v 1.26951957 0.23115861 0.70443422
v 1.26511109 0.23609835 0.70667189
v 1.27231991 0.22057010 0.70069677
v 1.27700961 0.26008311 0.71093482
v 1.28823781 0.26839715 0.71100432
v 1.28464651 0.27769813 0.66204077
v 1.28002834 0.28934082 0.66570395
v 1.27155221 0.29671699 0.66899544
v 1.28107202 0.31632629 0.67108655
v 1.29376793 0.32400760 0.67004269
v 1.28464353 0.33896995 0.67451781
v 1.16271234 0.30455300 0.74473017
v 1.15779901 0.31410825 0.69598222
v 1.15176821 0.32496110 0.69974214
v 1.15231574 0.32560238 0.69976145
v 1.15629673 0.31600016 0.74871373
v 1.15683007 0.31664392 0.74873638
v 1.28333175 0.28073639 0.71489471
v 1.27494609 0.28808057 0.71816987
v 1.28500974 0.30881006 0.72038037
v 1.26979566 0.34637448 0.73014414
v 1.29895627 0.31741342 0.71926063
v 1.28934491 0.33317393 0.72397864
v 1.32367313 0.22618480 0.63950068
v 1.32375610 0.22569306 0.64160389
v 1.34531963 0.26981935 0.64725602
v 1.34546220 0.26944774 0.64938062
v 1.32559288 0.21481016 0.68815178
v 1.32567585 0.21431842 0.69025499
v 1.34861791 0.26122355 0.69640106
v 1.34876049 0.26085195 0.69852561
v 1.36676168 0.31398654 0.65196592
v 1.36696327 0.31373656 0.65410346
v 1.37142551 0.30820355 0.70141089
v 1.37162721 0.30795354 0.70354843
v 1.26497412 0.35221797 0.68070841
v 1.27063441 0.36413264 0.68114877
v 1.28977835 0.37243858 0.67811871
v 1.26635897 0.39584601 0.68584275
v 1.17752540 0.36315134 0.70126581
v 1.16792369 0.37242082 0.70487255
v 1.17058122 0.37354168 0.70444739
v 1.14712572 0.38813823 0.71165979
v 1.21758461 0.41021702 0.69826925
v 1.22427011 0.40707108 0.74763852
v 1.27579713 0.35900706 0.73061109
v 1.29684782 0.36841547 0.72731286
v 1.24255645 0.41444135 0.69307142
v 1.24850500 0.41151777 0.74263012
v 1.27233744 0.39290830 0.73539478
v 1.25688457 0.46284333 0.69260722
v 1.26372468 0.46293151 0.74213707
v 1.38791478 0.35851213 0.65361166
v 1.38817453 0.35838473 0.65575373
v 1.40869522 0.40322039 0.65218681
v 1.40901232 0.40321606 0.65432495
v 1.39392579 0.35556474 0.70316142
v 1.39418554 0.35543731 0.70530349
v 1.41602969 0.40312019 0.70164585
v 1.41634679 0.40311587 0.70378399
v 1.42902136 0.44793484 0.64769697
v 1.42939436 0.44805360 0.64982277
v 1.44881260 0.49247903 0.64015990
v 1.44924021 0.49272043 0.64226490
v 1.43765020 0.45068228 0.69687009
v 1.43802321 0.45080104 0.69899583
v 1.45870185 0.49806327 0.68885297
v 1.45912945 0.49830467 0.69095802
v 1.14723003 0.32991293 0.75349629
v 1.18332660 0.35668567 0.75041747
v 1.17579162 0.36759326 0.75381529
v 1.17316294 0.36646709 0.75423402
v 1.15123153 0.38286066 0.76137495
v 1.28418458 0.55943954 0.68226880
v 1.27077889 0.51123971 0.68900162
v 1.27848351 0.51433933 0.73830712
v 1.29272330 0.56553829 0.73115534
v 1.29704869 0.60725254 0.67243534
v 1.30638778 0.61632639 0.72071004
v 1.46799111 0.53667718 0.62960529
v 1.46847141 0.53704023 0.63168126
v 1.47910178 0.54507613 0.67762619
v 1.47958207 0.54543924 0.67970222
v 1.33189559 0.74649572 0.62477952
v 1.34211004 0.79090089 0.60305142
v 1.30932033 0.65448999 0.65954006
v 1.32095134 0.70096552 0.64363390
v 1.31942308 0.66650313 0.70701236
v 1.33177781 0.71587056 0.69011641
v 1.34340310 0.76423383 0.67008889
v 1.48648107 0.58035481 0.61607480
v 1.48701227 0.58083814 0.61811352
v 1.50420952 0.62333959 0.59962189
v 1.50478959 0.62394130 0.60161531
v 1.49876928 0.59153539 0.66323406
v 1.49930048 0.59201872 0.66527283
v 1.51762676 0.63725764 0.64573336
v 1.51820672 0.63785934 0.64772677
v 1.53710532 0.70655543 0.55821967
v 1.53777587 0.70738620 0.56009912
v 1.52110648 0.66546190 0.58031148
v 1.52173305 0.66617954 0.58225173
v 1.55214286 0.74645805 0.53343379
v 1.55285490 0.74739873 0.53524500
v 1.56615973 0.78501230 0.50605160
v 1.56691039 0.78605908 0.50778741
v 1.55261743 0.72577304 0.60169446
v 1.55328810 0.72660387 0.60357392
v 1.56861269 0.76821685 0.57533008
v 1.56932473 0.76915753 0.57714128
v 1.53559983 0.68206251 0.62519312
v 1.53622627 0.68278015 0.62713337
v 0.58040041 1.32990265 0.01418539
v 0.57287419 1.37918937 0.01795140
v 0.58680761 1.32512903 0.06713295
v 0.59369594 1.31705832 0.11961818
v 0.57965732 1.37413561 0.07400487
v 0.60103810 1.30572236 0.17143394
v 0.60880518 1.29116595 0.22237575
v 0.58694965 1.36559153 0.12956889
v 0.59472251 1.35359061 0.18442418
v 0.60294521 1.33818030 0.23835424
v 0.85907650 1.33216369 0.03475988
v 0.85927135 1.38179576 0.04081178
v 0.86517608 1.32419109 0.08631652
v 0.86573565 1.37334633 0.09545159
v 1.12665904 1.29874706 0.00019492
v 1.13199520 1.29097116 0.05082667
v 1.13682234 1.28004503 0.10092489
v 1.13420177 1.34790516 0.00535196
v 1.13986337 1.33965504 0.05907167
v 1.14498484 1.32806253 0.11222532
v 0.87123871 1.31297457 0.13727030
v 0.87724048 1.29855835 0.18742013
v 0.88315767 1.28099942 0.23656809
v 0.87216085 1.36145902 0.14945249
v 0.87852156 1.34618080 0.20260137
v 1.14112115 1.26601171 0.15029188
v 1.14487493 1.24892664 0.19873278
v 0.63434160 1.22881043 0.36796895
v 0.66251224 1.14027143 0.49875489
v 0.64348680 1.20207000 0.41345078
v 0.65288943 1.17251801 0.45710352
v 0.64961541 1.21257246 0.48685116
v 0.61696649 1.27344656 0.27224255
v 0.62548983 1.25263393 0.32083756
v 0.62060857 1.29738796 0.34259182
v 0.61158526 1.31942141 0.29114622
v 0.62997961 1.27216697 0.39248797
v 0.63966125 1.24385786 0.44063774
v 0.89464551 1.23674238 0.33108726
v 0.91561276 1.11435759 0.49992618
v 0.91067517 1.14890575 0.46067184
v 0.90552104 1.18090165 0.41933721
v 0.90017080 1.21021914 0.37608546
v 0.91395569 1.18757856 0.49219403
v 0.90849340 1.22148788 0.44838753
v 0.88896704 1.26036692 0.28452021
v 0.89094937 1.30570543 0.30550823
v 0.89696747 1.28066814 0.35486007
v 0.88479263 1.32757175 0.25468847
v 0.90282321 1.25255859 0.40254924
v 1.62339652 1.09167314 0.07411981
v 1.62416327 1.09132695 0.07399362
v 1.62423706 1.09133315 0.07382422
v 1.62339246 1.09108102 0.07595548
v 1.62412620 1.09079802 0.07568545
v 1.64042699 1.08152771 0.07075987
v 1.63241184 1.08760285 0.07263603
v 1.64138210 1.08339083 0.07129727
v 1.63225305 1.07231498 0.11967174
v 1.64026868 1.06628180 0.11766644
v 1.64122331 1.06810296 0.11833298
v 1.62387276 1.07609200 0.12108696
v 1.62397361 1.07611036 0.12087449
v 1.62328267 1.07652712 0.12101050
v 1.62377596 1.07545710 0.12279136
v 1.62318206 1.07567728 0.12300991
v 1.62323976 1.07637727 0.12119386
v 1.63874185 1.04842532 0.16361754
v 1.63072205 1.05440938 0.16574936
v 1.63969231 1.05019724 0.16441059
v 1.62171018 1.05846238 0.16731003
v 1.62217569 1.05825293 0.16722940
v 1.62230790 1.05828774 0.16697450
v 1.62175179 1.05862153 0.16708811
v 1.62159789 1.05765378 0.16910207
v 1.62201488 1.05750549 0.16894883
v 1.63585269 1.02802873 0.20843183
v 1.63679516 1.02974451 0.20934826
v 1.62782490 1.03395665 0.21068701
v 1.61885464 1.03816867 0.21202578
v 1.61881375 1.03799891 0.21228655
v 1.61907458 1.03788197 0.21224025
v 1.61924303 1.03793705 0.21194364
v 1.61864591 1.03708088 0.21404995
v 1.61884403 1.03701353 0.21397735
v 1.64060760 1.07767665 0.23347829
v 1.64099455 1.07750368 0.23340994
v 1.64115858 1.07755911 0.23311803
v 1.64065552 1.07785928 0.23322441
v 1.64043367 1.07672584 0.23530424
v 1.64076185 1.07661593 0.23518220
v 1.66072679 1.08941483 0.18196219
v 1.66167712 1.09118676 0.18275523
v 1.65765357 1.06771922 0.22963046
v 1.65859604 1.06943512 0.23054689
v 1.64962578 1.07364714 0.23188564
v 1.39338577 1.08585286 0.33826765
v 1.15492606 1.05098522 0.49647710
v 1.15527654 1.08690977 0.45957428
v 1.37490940 0.95384717 0.48927927
v 1.38093281 0.99011099 0.45468280
v 1.38603270 1.02428830 0.41788384
v 1.39018917 1.05624425 0.37902769
v 1.39549148 1.02300775 0.48940811
v 1.40090883 1.05931175 0.45031938
v 1.61097956 0.92279446 0.37286535
v 1.61185360 0.92422056 0.37423450
v 1.57910073 0.82206601 0.47618112
v 1.57988691 0.82321477 0.47783470
v 1.59091461 0.85747290 0.44394028
v 1.59173346 0.85871917 0.44550511
v 1.60155499 0.89109325 0.40945634
v 1.60240293 0.89243209 0.41092622
v 1.60985363 0.88630164 0.48013720
v 1.61067235 0.88754791 0.48170203
v 1.62117159 0.92206311 0.44345716
v 1.62201965 0.92340201 0.44492704
v 1.62603807 0.97994685 0.29394767
v 1.61478639 1.01514077 0.25560606
v 1.61456215 1.01506770 0.25594610
v 1.61457598 1.01506150 0.25594357
v 1.61452341 1.01489067 0.25624391
v 1.61460280 1.01524961 0.25564614
v 1.62357306 1.01103747 0.25430739
v 1.63161254 1.00517249 0.25193244
v 1.63254333 1.00682545 0.25296861
v 1.62695348 0.98153031 0.29509956
v 1.61915135 0.95245135 0.33431175
v 1.62004781 0.95395911 0.33557475
v 1.64721394 1.01657534 0.32059237
v 1.63988864 0.98732877 0.36352700
v 1.64078510 0.98883653 0.36478999
v 1.63613355 1.05348456 0.27961510
v 1.63608599 1.05329037 0.27990729
v 1.63623238 1.05322516 0.27988082
v 1.63643718 1.05330467 0.27954879
v 1.64510381 1.04927242 0.27827632
v 1.63585305 1.05222452 0.28169957
v 1.63592160 1.05220270 0.28167421
v 1.63018882 1.02658296 0.32442173
v 1.63017082 1.02651143 0.32452679
v 1.63025177 1.02654588 0.32440758
v 1.64812934 1.01815879 0.32174423
v 1.63915908 1.02237082 0.32308298
v 1.65314341 1.04340744 0.27590138
v 1.65407419 1.04506040 0.27693757
v 1.63207042 0.95720935 0.40590504
v 1.63119638 0.95578319 0.40453589
v 1.38831079 1.21884286 0.01393254
v 1.39466310 1.19494247 0.11176614
v 1.39197040 1.20836651 0.06317802
v 1.14806867 1.22885716 0.24605644
v 1.39710891 1.15947402 0.20620662
v 1.39637816 1.17862344 0.15950513
v 1.41189802 1.22325015 0.17586337
v 1.41267419 1.20290923 0.22547078
v 1.40332866 1.26597214 0.02123270
v 1.40721595 1.25484395 0.07354242
v 1.14954579 1.31317329 0.16460314
v 1.15352845 1.29504621 0.21599840
v 1.41007626 1.24058461 0.12515387
v 1.62222743 1.10442472 0.02616660
v 1.62217999 1.10428953 0.02627348
v 1.62304950 1.10389638 0.02613408
v 1.62309980 1.10389471 0.02600827
v 1.62222850 1.10380471 0.02812448
v 1.62306869 1.10346830 0.02781568
v 1.63921630 1.09410274 0.02308295
v 1.63119781 1.10021257 0.02482784
v 1.64016807 1.09600055 0.02348909
v 1.64521730 1.14773095 0.03538442
v 1.64424253 1.14832318 0.03556135
v 1.64418781 1.14817357 0.03566514
v 1.64516842 1.14773226 0.03550840
v 1.64518893 1.14729488 0.03722348
v 1.64423800 1.14767218 0.03757910
v 1.62344146 1.09181499 0.07397479
v 1.64553368 1.13491261 0.08640582
v 1.64548147 1.13475657 0.08654677
v 1.64636171 1.13436091 0.08640240
v 1.64643347 1.13436759 0.08623551
v 1.64547718 1.13414407 0.08844537
v 1.64632511 1.13382053 0.08812802
v 1.66123140 1.13800120 0.03247769
v 1.65321279 1.14411104 0.03422258
v 1.66218317 1.13989902 0.03288383
v 1.66251922 1.12462533 0.08319090
v 1.66347420 1.12648845 0.08372830
v 1.65450394 1.13070047 0.08506706
v 1.64536476 1.11865377 0.13642876
v 1.64531457 1.11849022 0.13660708
v 1.64606440 1.11815369 0.13648097
v 1.64616263 1.11817265 0.13627170
v 1.64525485 1.11776578 0.13848600
v 1.64596736 1.11750495 0.13821954
v 1.64411235 1.09841180 0.18730164
v 1.64373660 1.09961092 0.18543276
v 1.64440310 1.09921098 0.18529660
v 1.64368784 1.09943855 0.18564869
v 1.64427447 1.09917581 0.18554758
v 1.64357162 1.09860146 0.18750346
v 1.66235077 1.10840845 0.13308470
v 1.65433514 1.11444175 0.13509001
v 1.66330540 1.11022961 0.13375124
v 1.65270686 1.09539890 0.18409400
v 1.15068972 1.20588243 0.29207608
v 1.15272796 1.18009329 0.33661011
v 1.16186059 1.22201478 0.36228469
v 1.39560974 1.11299694 0.29576460
v 1.39685249 1.13756967 0.25168628
v 1.40871942 1.12470698 0.36574915
v 1.41108179 1.15354013 0.32060140
v 1.41240180 1.17964196 0.27378035
v 1.15502596 1.12048936 0.42052478
v 1.15417528 1.15159142 0.37948275
v 1.16456449 1.12314820 0.49274829
v 1.16429865 1.15877569 0.45131722
v 1.16339612 1.19177473 0.40777206
v 1.40532398 1.09325612 0.40904543
v 1.15691698 1.27375269 0.26620826
v 1.15969801 1.24937677 0.31503460
v 0.51126194 0.85535437 0.73378009
v 0.47799766 0.94307518 0.67812026
v 0.49449089 0.90009218 0.70741606
v 0.74275535 0.80254078 0.74213320
v 0.73277849 0.85098600 0.72161973
v 0.72270656 0.89800543 0.69806087
v 0.72352809 0.92195690 0.74194312
v 0.69231921 1.02868533 0.61010033
v 0.68226618 1.06821287 0.57540452
v 0.71257943 0.94341338 0.67154980
v 0.70243698 0.98703074 0.64219099
v 0.70206946 1.01620448 0.68279588
v 0.71280688 0.97002852 0.71387690
v 0.69135821 1.06030262 0.64882278
v 0.93966979 0.86174315 0.68373990
v 0.94260335 0.81363928 0.70462692
v 0.93640530 0.90842819 0.65989238
v 0.94468427 0.88324320 0.72860199
v 0.94122458 0.93272007 0.70332825
v 1.14428937 0.84144199 0.64402151
v 0.92893636 0.99681091 0.60370314
v 0.92031431 1.07739377 0.53694534
v 0.92476141 1.03815985 0.57158321
v 0.92888433 1.07020998 0.60973811
v 0.93282282 0.95351005 0.63317829
v 0.93742782 0.98049790 0.67501664
v 0.93330896 1.02638829 0.64377886
v 0.52824461 0.80903822 0.75710833
v 0.52613556 0.82939249 0.80272907
v 0.50817537 0.87837464 0.77805805
v 0.49043894 0.92568767 0.75017649
v 0.74475288 0.82089227 0.78860074
v 0.73419082 0.87217933 0.76688391
v 0.94779325 0.83226264 0.75073802
v 0.67231745 1.10545719 0.53824049
v 0.68071544 1.10214877 0.61209172
v 0.67018312 1.14157784 0.57274765
v 0.65980279 1.17843425 0.53094578
v 0.91918856 1.15096450 0.53379583
v 0.92417133 1.11179006 0.57302880
v 1.14757717 0.88679987 0.61984783
v 1.15029430 0.93060255 0.59289491
v 1.35155427 0.83400577 0.57853532
v 1.36428499 0.85718906 0.62096721
v 1.36019111 0.87564021 0.55132800
v 1.36798644 0.91564000 0.52153677
v 1.37345922 0.90141416 0.59206694
v 1.14882743 0.81312525 0.71104282
v 1.15290737 0.86270958 0.68844467
v 1.15639555 0.91083378 0.66279668
v 1.35425305 0.81140202 0.64700878
v 1.15397596 1.01285756 0.53108758
v 1.15243006 0.97267711 0.56326920
v 1.16154444 1.00194860 0.60276747
v 1.16419268 1.08503258 0.53190178
v 1.16318464 1.04457951 0.56862313
v 1.38173962 0.94390285 0.56042200
v 1.38909340 0.98448741 0.52615732
v 1.15927839 0.95730793 0.63419998
v 1.58352232 0.80922645 0.54620403
v 1.58427286 0.81027323 0.54793984
v 1.59728742 0.84863985 0.51443130
v 1.59807360 0.84978867 0.51608485
v 2.46139765 -0.68845826 -0.77458137
v 2.46109581 -0.68950343 -0.77331471
v 2.45645070 -0.70433956 -0.75776154
v 2.43159389 -0.83832681 -0.50275326
v 2.43794274 -0.78145468 -0.63914782
v 2.43811107 -0.78063804 -0.64058888
v 2.43903422 -0.77387512 -0.65568161
v 2.44955277 -0.72937304 -0.72521830
v 2.44373965 -0.75258207 -0.69114685
v 2.44726968 -0.73957634 -0.70841360
v 2.44748330 -0.73868078 -0.70980084
v 2.45390582 -0.71445364 -0.74299145
v 2.45364785 -0.71542513 -0.74166280
v 2.47028995 -0.69449562 -0.69600302
v 2.44215512 -0.76104391 -0.67514062
v 2.46056509 -0.73564017 -0.63171268
v 2.46491551 -0.71595359 -0.66450214
v 2.46843028 -0.70300841 -0.68167984
v 2.46822715 -0.70386058 -0.68035984
v 2.46350479 -0.72368199 -0.64963841
v 2.43498540 -0.79909742 -0.60345495
v 2.43486261 -0.79983246 -0.60196459
v 2.43301630 -0.81038499 -0.58113474
v 2.43300366 -0.81545317 -0.56527406
v 2.43292713 -0.81610459 -0.56373787
v 2.43545508 -0.79316819 -0.61896259
v 2.45500112 -0.76939547 -0.56279010
v 2.43172765 -0.82545769 -0.54234725
v 2.43217349 -0.82964122 -0.52619714
v 2.43214345 -0.83020681 -0.52461874
v 2.45504689 -0.77396268 -0.54811406
v 2.45497417 -0.77458233 -0.54665250
v 2.45380974 -0.78333104 -0.52692896
v 2.45427847 -0.78708100 -0.51199037
v 2.45424986 -0.78761894 -0.51048893
v 2.45725608 -0.75347757 -0.59776396
v 2.45977092 -0.74177355 -0.61773622
v 2.45961070 -0.74255061 -0.61636496
v 2.45688009 -0.75884038 -0.58340919
v 2.45676351 -0.75953978 -0.58199108
v 2.48335958 -0.61931431 -0.84497070
v 2.47907829 -0.63276631 -0.83133471
v 2.47338748 -0.64920139 -0.81775612
v 2.47946644 -0.63158005 -0.83246666
v 2.46440601 -0.67758048 -0.78864807
v 2.46958399 -0.66191411 -0.80324465
v 2.46992898 -0.66079730 -0.80444580
v 2.48402262 -0.64661062 -0.75464725
v 2.47666740 -0.67135084 -0.72609097
v 2.48100638 -0.65757477 -0.74036074
v 2.48129368 -0.65658027 -0.74156582
v 2.47412229 -0.68153608 -0.71109855
v 2.47436786 -0.68061173 -0.71236277
v 2.68335056 -0.76346856 -0.78650624
v 2.67688966 -0.78918582 -0.75574708
v 2.69048095 -0.73598957 -0.81554598
v 2.69825315 -0.70685726 -0.84275162
v 2.69647527 -0.72894090 -0.75280786
v 2.70305443 -0.70358729 -0.77960151
v 2.94526577 -0.69328302 -0.88162291
v 2.92077804 -0.81141150 -0.77964896
v 2.92650652 -0.78431386 -0.80793613
v 2.93877459 -0.72513288 -0.85902393
v 2.93251348 -0.75551647 -0.83442932
v 2.94339561 -0.69565475 -0.81890303
v 2.93210077 -0.75014019 -0.77186871
v 2.93763089 -0.72362763 -0.79625982
v 2.66176677 -0.85478914 -0.65439790
v 2.65220141 -0.91232228 -0.50321466
v 2.65341973 -0.90134323 -0.54229432
v 2.65542579 -0.88805819 -0.58061832
v 2.65821171 -0.87251973 -0.61803538
v 2.67071056 -0.84389406 -0.56284446
v 2.66885948 -0.85615158 -0.52748466
v 2.67112422 -0.81303978 -0.72338986
v 2.66607642 -0.83493638 -0.68956232
v 2.68519473 -0.77467805 -0.69457328
v 2.67656088 -0.81319827 -0.63091755
v 2.68053746 -0.79488099 -0.66336215
v 2.69051433 -0.75266904 -0.72442782
v 2.67328095 -0.82955748 -0.59736753
v 2.91535044 -0.83670235 -0.74967945
v 2.91024518 -0.86008662 -0.71814579
v 2.90548229 -0.88147205 -0.68517244
v 2.90108061 -0.90077424 -0.65088964
v 2.91274452 -0.83958954 -0.65884542
v 2.90869212 -0.85736024 -0.62728268
v 3.14087296 -0.91583073 -0.62844694
v 3.14984345 -0.87619895 -0.69396377
v 3.15430403 -0.85335541 -0.72471505
v 3.14536047 -0.89705145 -0.66183209
v 3.14526439 -0.85426402 -0.63596272
v 2.89705753 -0.91791701 -0.61543262
v 2.89342880 -0.93283266 -0.57894129
v 2.88741064 -0.95575631 -0.50343531
v 2.89020896 -0.94546241 -0.54155970
v 2.90498829 -0.87314284 -0.59463888
v 2.90164757 -0.88687509 -0.56104290
v 2.89868331 -0.89850271 -0.52662724
v 3.13639832 -0.93246251 -0.59393996
v 3.12755895 -0.95903009 -0.52210939
v 3.13195467 -0.94688129 -0.55844742
v 3.12891293 -0.91119474 -0.50761986
v 3.13703227 -0.88679099 -0.57360011
v 3.14114237 -0.87151378 -0.60529661
v 3.13295054 -0.90003538 -0.54099828
v 2.91712952 -0.81990093 -0.68920249
v 2.92682695 -0.77508777 -0.74582589
v 2.92182994 -0.79837197 -0.71823418
v 3.15347958 -0.81412679 -0.69372410
v 3.14938235 -0.83510983 -0.66547740
v 2.50093126 -0.57026315 -0.88156027
v 2.50140405 -0.56894445 -0.88254267
v 2.50611496 -0.55549341 -0.89329791
v 2.71559668 -0.64409864 -0.89123893
v 2.74558139 -0.54062223 -0.94778728
v 2.72509980 -0.61071998 -0.91232920
v 2.73510790 -0.57618243 -0.93120348
v 2.74422956 -0.55614054 -0.88631344
v 2.49232650 -0.62037265 -0.78155917
v 2.48885202 -0.63207150 -0.76803124
v 2.48918056 -0.63100910 -0.76917368
v 2.48954129 -0.60217565 -0.85747421
v 2.48997188 -0.60092211 -0.85853326
v 2.49428320 -0.58803719 -0.87018448
v 2.50729990 -0.57684928 -0.81816745
v 2.51164556 -0.56382304 -0.83003199
v 2.50770926 -0.57565749 -0.81917417
v 2.51782846 -0.54734898 -0.84043586
v 2.51827765 -0.54609579 -0.84136921
v 2.49762821 -0.60512745 -0.79400086
v 2.49799728 -0.60399926 -0.79507726
v 2.50154638 -0.59274042 -0.80672055
v 2.70663595 -0.67618656 -0.86801583
v 2.72622752 -0.61880374 -0.84943992
v 2.71795988 -0.64840984 -0.82801306
v 2.71022534 -0.67670822 -0.80470288
v 2.73499560 -0.58800679 -0.86889899
v 2.54019523 -0.46788165 -0.94059366
v 2.54079151 -0.46638063 -0.94132161
v 2.51880813 -0.52181149 -0.91421974
v 2.52630877 -0.50298303 -0.92320180
v 2.51371765 -0.53577358 -0.90439993
v 2.51320338 -0.53715527 -0.90349823
v 2.52686405 -0.50154054 -0.92401880
v 2.53231287 -0.48712426 -0.93286747
v 2.54128718 -0.48515368 -0.87893546
v 2.54181433 -0.48378432 -0.87971073
v 2.54680610 -0.47052366 -0.88798583
v 2.54657555 -0.45156869 -0.94916749
v 2.55480814 -0.43199003 -0.95560569
v 2.55544472 -0.43043286 -0.95624012
v 2.56154037 -0.41528508 -0.96305549
v 2.57008934 -0.39545017 -0.96817911
v 2.57076573 -0.39383930 -0.96871531
v 2.55412412 -0.45270479 -0.89501548
v 2.55468965 -0.45128086 -0.89570576
v 2.55999279 -0.43765065 -0.90305603
v 2.56763244 -0.41952518 -0.90889537
v 2.56823564 -0.41804910 -0.90949649
v 2.57382846 -0.40410450 -0.91589624
v 2.75647902 -0.50417972 -0.96201509
v 2.76775765 -0.46699876 -0.97383082
v 2.75389290 -0.52333075 -0.90161455
v 2.76394773 -0.48970696 -0.91474187
v 2.77937293 -0.42922607 -0.98318785
v 2.77435398 -0.45540178 -0.92564374
v 2.78507090 -0.42055064 -0.93427700
v 2.52258468 -0.53373462 -0.85140163
v 2.52917266 -0.51674342 -0.86071843
v 2.52966118 -0.51543099 -0.86157471
v 2.53432035 -0.50259382 -0.87074500
v 2.95196128 -0.66009265 -0.90213710
v 2.95883441 -0.62569267 -0.92048544
v 2.97300506 -0.55381137 -0.95040405
v 2.96585822 -0.59021890 -0.93659562
v 2.96186376 -0.60410446 -0.87548798
v 2.96833014 -0.57144529 -0.89031994
v 2.94937158 -0.66633201 -0.83970892
v 2.95553589 -0.63577503 -0.85859543
v 2.98024678 -0.51661366 -0.96185625
v 2.98755431 -0.47877264 -0.97090691
v 2.98157692 -0.50368005 -0.91357630
v 2.97491002 -0.53792638 -0.90303278
v 2.98830485 -0.46884143 -0.92190886
v 2.99489951 -0.44043761 -0.97752041
v 3.00225282 -0.40175992 -0.98167062
v 2.99506712 -0.43354806 -0.92799765
v 3.00183725 -0.39793915 -0.93181860
v 2.43249798 -0.84160590 -0.48637882
v 2.43251514 -0.84208345 -0.48476174
v 2.43261600 -0.84894150 -0.46250898
v 2.43397570 -0.85130030 -0.44597659
v 2.43404055 -0.85168749 -0.44432440
v 2.43478942 -0.85725993 -0.42177328
v 2.43660045 -0.85868669 -0.40515012
v 2.43671346 -0.85898107 -0.40346649
v 2.43810606 -0.86324924 -0.38070694
v 2.44052362 -0.86393535 -0.36234948
v 2.44036174 -0.86373627 -0.36406082
v 2.44255257 -0.86688578 -0.33947200
v 2.44524431 -0.86642969 -0.32287109
v 2.44545579 -0.86653072 -0.32113588
v 2.44811130 -0.86815518 -0.29823118
v 2.45122862 -0.86675674 -0.28174368
v 2.45149040 -0.86675704 -0.27998859
v 2.45476055 -0.86705250 -0.25714728
v 2.45463109 -0.80504304 -0.45311424
v 2.45594215 -0.80710816 -0.43783176
v 2.45368624 -0.79522920 -0.49032220
v 2.45457721 -0.79814392 -0.47518110
v 2.45459342 -0.79859793 -0.47364327
v 2.45600367 -0.80747610 -0.43626115
v 2.45664048 -0.81273389 -0.41545191
v 2.45970678 -0.81827128 -0.37748387
v 2.45847487 -0.81421822 -0.39849025
v 2.45836735 -0.81393868 -0.40009007
v 2.46184349 -0.81860894 -0.36210519
v 2.46199751 -0.81879777 -0.36047989
v 2.46381783 -0.82163346 -0.33935997
v 2.46635628 -0.82110095 -0.32402724
v 2.46655703 -0.82119668 -0.32238027
v 2.46895742 -0.82280713 -0.30123064
v 2.47188759 -0.82140535 -0.28600672
v 2.47213602 -0.82140541 -0.28434199
v 2.47510505 -0.82178766 -0.26324636
v 2.45829105 -0.86471671 -0.24084105
v 2.45860386 -0.86461341 -0.23907016
v 2.46247411 -0.86358207 -0.21638240
v 2.46640325 -0.86031830 -0.20032476
v 2.46676779 -0.86010832 -0.19854242
v 2.47122145 -0.85775757 -0.17609745
v 2.47553277 -0.85357940 -0.16035479
v 2.47595000 -0.85325956 -0.15856552
v 2.48096776 -0.84960192 -0.13645141
v 2.48564339 -0.84452736 -0.12108893
v 2.48611403 -0.84409428 -0.11929752
v 2.47841573 -0.81952137 -0.24819377
v 2.47871232 -0.81942320 -0.24651541
v 2.48223639 -0.81857902 -0.22555706
v 2.48591423 -0.81545705 -0.21073776
v 2.48625946 -0.81525791 -0.20905004
v 2.65177560 -0.92095220 -0.46353358
v 2.65214419 -0.92719883 -0.42340767
v 2.65330577 -0.93103749 -0.38299531
v 2.66734266 -0.87424386 -0.45481575
v 2.66773534 -0.86628145 -0.49142766
v 2.66768289 -0.88000733 -0.41779342
v 2.66875434 -0.88354909 -0.38050678
v 2.65525556 -0.93245304 -0.34245598
v 2.65798593 -0.93144000 -0.30194965
v 2.66148591 -0.92800224 -0.26163620
v 2.67055345 -0.88485521 -0.34310296
v 2.67307258 -0.88392049 -0.30572963
v 2.67630196 -0.88074863 -0.26853424
v 2.88504505 -0.96367383 -0.46471870
v 2.89392900 -0.91526920 -0.45588309
v 2.88312125 -0.96918368 -0.42556259
v 2.88164687 -0.97226411 -0.38612151
v 2.89215779 -0.92034191 -0.41983372
v 2.89080024 -0.92317790 -0.38352200
v 2.89610696 -0.90797991 -0.49152783
v 3.12322903 -0.96886092 -0.48506922
v 3.11898184 -0.97633511 -0.44747314
v 3.12493563 -0.92022491 -0.47359642
v 3.12103438 -0.92709035 -0.43906239
v 3.11483407 -0.98142308 -0.40946952
v 3.11722445 -0.93176395 -0.40415400
v 2.88062763 -0.97290301 -0.34655115
v 2.88986206 -0.92376608 -0.34709126
v 2.88006806 -0.97109777 -0.30700764
v 2.87996984 -0.96685559 -0.26764706
v 2.88934684 -0.92210412 -0.31068525
v 2.88925624 -0.91819853 -0.27444765
v 3.11080217 -0.98410475 -0.37120831
v 3.10690188 -0.98436958 -0.33284053
v 3.11352086 -0.93422717 -0.36900902
v 3.10993814 -0.93447042 -0.33376613
v 3.10314870 -0.98221648 -0.29451761
v 3.09955764 -0.97765398 -0.25639078
v 3.10649085 -0.93249273 -0.29856446
v 3.10319209 -0.92830181 -0.26354292
v 2.66574192 -0.92215341 -0.22167471
v 2.67073727 -0.91391653 -0.18222290
v 2.68022871 -0.87535214 -0.23166360
v 2.68483782 -0.86775237 -0.19526322
v 2.78759384 -0.88573968 -0.19915588
v 2.67645192 -0.90332413 -0.14343648
v 2.69011045 -0.85797924 -0.15947676
v 2.49167514 -0.83914745 -0.09760073
v 2.68286371 -0.89041805 -0.10546850
v 2.68994689 -0.87524915 -0.06846882
v 2.69602609 -0.84607142 -0.12444545
v 2.69767380 -0.85787737 -0.03258345
v 2.49032378 -0.81319392 -0.18831147
v 2.49435329 -0.80922896 -0.17378661
v 2.49474812 -0.80892611 -0.17209400
v 2.49933481 -0.80565363 -0.15165658
v 2.50369954 -0.80086231 -0.13748616
v 2.50414443 -0.80045271 -0.13579337
v 2.49669480 -0.83319861 -0.08268214
v 2.49722004 -0.83264875 -0.08089367
v 2.50923443 -0.79598790 -0.11573706
v 2.51391578 -0.79039073 -0.10197967
v 2.51441145 -0.78987145 -0.10029168
v 2.51998305 -0.78423488 -0.08069465
v 2.52496123 -0.77785623 -0.06740719
v 2.52550840 -0.77722406 -0.06572931
v 2.50330091 -0.82643533 -0.05969875
v 2.50864339 -0.81963855 -0.04528593
v 2.50922370 -0.81896824 -0.04350581
v 2.51579928 -0.81151569 -0.02289504
v 2.52144122 -0.80390155 -0.00904777
v 2.52207780 -0.80310684 -0.00728179
v 2.53153825 -0.77044088 -0.04666766
v 2.53679204 -0.76330894 -0.03390506
v 2.53739142 -0.76256067 -0.03224293
v 2.54385495 -0.75466043 -0.01379038
v 2.54936123 -0.74680710 -0.00160531
v 2.70256162 -0.83207577 -0.09030753
v 2.70969081 -0.81604761 -0.05719774
v 2.71738601 -0.79805022 -0.02524675
v 2.88033342 -0.96019322 -0.22862475
v 2.88115764 -0.95113689 -0.19009471
v 2.88959122 -0.91206473 -0.23852149
v 2.88243914 -0.93972236 -0.15220898
v 2.89034986 -0.90372699 -0.20304853
v 2.89152980 -0.89321810 -0.16816877
v 2.89312577 -0.88057965 -0.13401987
v 3.09614253 -0.97070003 -0.21861051
v 3.10005522 -0.92191422 -0.22883970
v 3.09709239 -0.91335523 -0.19459178
v 3.09291720 -0.96138215 -0.18132591
v 3.08989406 -0.94973707 -0.14468412
v 3.09431553 -0.90265858 -0.16093430
v 3.09173536 -0.88986653 -0.12800013
v 2.88417268 -0.92599469 -0.11511711
v 2.88635159 -0.91000813 -0.07896546
v 2.89513183 -0.86586148 -0.10073660
v 2.89753985 -0.84912163 -0.06845031
v 2.88896728 -0.89182562 -0.04389673
v 2.89200926 -0.87151903 -0.01004929
v 3.08708501 -0.93581074 -0.10882976
v 3.08450150 -0.91965818 -0.07390431
v 3.08936214 -0.87502950 -0.09591921
v 3.08720541 -0.85820609 -0.06481817
v 3.08215356 -0.90134305 -0.04004561
v 3.08005023 -0.88093770 -0.00738730
v 3.08527350 -0.83946264 -0.03481974
v 2.90034056 -0.83042622 -0.03728842
v 2.90352273 -0.80984902 -0.00737393
v 3.08357406 -0.81887317 -0.00604232
v 2.57714772 -0.37841663 -0.97447658
v 2.58597827 -0.35840666 -0.97826481
v 2.58669400 -0.35674462 -0.97869790
v 2.59333634 -0.34110883 -0.98338574
v 2.60241199 -0.32100594 -0.98582375
v 2.60316658 -0.31929550 -0.98614848
v 2.58175874 -0.38574606 -0.92052096
v 2.58239937 -0.38422039 -0.92102844
v 2.58825827 -0.37001765 -0.92645562
v 2.59644699 -0.35150108 -0.92984670
v 2.59712410 -0.34992853 -0.93025613
v 2.60322547 -0.33552459 -0.93469262
v 2.61004233 -0.30350891 -0.98974782
v 2.61932540 -0.28339592 -0.99082667
v 2.62011862 -0.28163996 -0.99103767
v 2.61867118 -0.30076146 -0.94057471
v 2.62727475 -0.28215650 -0.94146323
v 2.62802339 -0.28049880 -0.94166207
v 2.62719941 -0.26576531 -0.99353772
v 2.63665175 -0.24572529 -0.99325460
v 2.63748264 -0.24392693 -0.99334604
v 2.63453388 -0.26586547 -0.94407868
v 2.64329195 -0.24733104 -0.94370943
v 2.64407539 -0.24563554 -0.94379532
v 2.61235237 -0.31530902 -0.93714309
v 2.61163902 -0.31692567 -0.93683648
v 2.79127884 -0.39101070 -0.99004918
v 2.79605603 -0.38529107 -0.94060761
v 2.80342865 -0.35250351 -0.99438775
v 2.80726600 -0.34976223 -0.94461066
v 2.81577420 -0.31385645 -0.99618649
v 2.81865668 -0.31410435 -0.94627023
v 2.64474034 -0.22802691 -0.99474043
v 2.65432215 -0.20814295 -0.99309880
v 2.65075135 -0.23097433 -0.94519067
v 2.65518999 -0.20630555 -0.99306464
v 2.65962768 -0.21258689 -0.94356692
v 2.66044497 -0.21085708 -0.94353443
v 2.66259575 -0.19044271 -0.99335128
v 2.67226672 -0.17079744 -0.99036074
v 2.67317104 -0.16892464 -0.99019450
v 2.66725969 -0.19622572 -0.94390631
v 2.67621708 -0.17806137 -0.94103706
v 2.67706704 -0.17630099 -0.94088048
v 2.68069506 -0.15316100 -0.98937565
v 2.69041443 -0.13383625 -0.98505217
v 2.69135427 -0.13193206 -0.98474711
v 2.68399358 -0.16175680 -0.94023061
v 2.69896698 -0.11632895 -0.98282933
v 2.70869350 -0.09740539 -0.97719520
v 2.70966768 -0.09547417 -0.97674406
v 2.69299459 -0.14389081 -0.93613064
v 2.69387627 -0.14210396 -0.93584400
v 2.70088673 -0.12770359 -0.93417817
v 2.70989347 -0.11021016 -0.92886794
v 2.71080613 -0.10840129 -0.92844498
v 2.82826686 -0.27522203 -0.99543822
v 2.83018303 -0.27845815 -0.94557989
v 2.84179950 -0.24296427 -0.94254225
v 3.00958562 -0.36289218 -0.98334122
v 3.01686883 -0.32398781 -0.98252553
v 3.00858808 -0.36215529 -0.93335658
v 3.01529336 -0.32633770 -0.93260562
v 3.02407360 -0.28520030 -0.97922683
v 3.03117156 -0.24668275 -0.97345805
v 3.02192640 -0.29062769 -0.92956865
v 3.02846122 -0.25516623 -0.92425764
v 2.84085727 -0.23675272 -0.99214596
v 2.85349560 -0.19860037 -0.98632270
v 2.85346055 -0.20776284 -0.93716937
v 2.86511970 -0.17299275 -0.92948246
v 2.86613226 -0.16091552 -0.97799140
v 2.87871742 -0.12384692 -0.96718496
v 2.87673140 -0.13879125 -0.91951185
v 2.88824964 -0.10529328 -0.90729690
v 3.03813457 -0.20858717 -0.96524209
v 3.04493546 -0.17106391 -0.95461130
v 3.03487206 -0.22009327 -0.91669351
v 3.04113317 -0.18554722 -0.90690619
v 3.05154729 -0.13426106 -0.94160759
v 3.04722047 -0.15166441 -0.89493424
v 3.05794382 -0.09832386 -0.92628235
v 3.05310941 -0.11857856 -0.88082498
v 2.71733928 -0.08009188 -0.97373807
v 2.72703171 -0.06164867 -0.96682191
v 2.72803926 -0.05969524 -0.96621698
v 2.73573947 -0.04459282 -0.96213782
v 2.74535632 -0.02670717 -0.95397443
v 2.74639583 -0.02473687 -0.95320767
v 2.71787310 -0.09420048 -0.92577285
v 2.72684741 -0.07715232 -0.91927862
v 2.72778916 -0.07532633 -0.91871285
v 2.73488498 -0.06137971 -0.91504782
v 2.74378896 -0.04484771 -0.90740156
v 2.74475861 -0.04300996 -0.90668619
v 2.75185561 -0.02937079 -0.90204537
v 2.75409508 -0.00997187 -0.94807434
v 2.76359487 0.00728129 -0.93870479
v 2.76466489 0.00926254 -0.93776768
v 2.76065111 -0.01342370 -0.89328480
v 2.76164699 -0.01158009 -0.89241260
v 2.76871800 0.00169995 -0.88681680
v 2.77233338 0.02363434 -0.93160307
v 2.78167510 0.04018277 -0.92107469
v 2.78277421 0.04216839 -0.91995823
v 2.77736759 0.01699593 -0.87698513
v 2.77838778 0.01883889 -0.87594879
v 2.78540540 0.03170988 -0.86942232
v 2.79387236 0.04629143 -0.85856819
v 2.79491425 0.04812656 -0.85735995
v 2.79523396 0.04868134 -0.85696316
v 2.79038262 0.05609318 -0.91278917
v 2.79952598 0.07186771 -0.90115517
v 2.80065179 0.07385034 -0.89984983
v 2.80097151 0.07440512 -0.89945298
v 2.80817151 0.08727655 -0.89170671
v 2.81798291 0.10377859 -0.87788647
v 2.81854653 0.10473753 -0.87712646
v 2.80185223 0.06054058 -0.84993047
v 2.81096172 0.07583850 -0.83702385
v 2.81148076 0.07672159 -0.83632416
v 2.81799340 0.08807825 -0.82841820
v 2.89120102 -0.08754084 -0.95394599
v 2.90353417 -0.05214058 -0.93832678
v 2.89962864 -0.07263108 -0.89288574
v 2.91082406 -0.04093353 -0.87633532
v 2.91566801 -0.01778584 -0.92038894
v 2.92755461 0.01538780 -0.90020323
v 3.06409979 -0.06339413 -0.90869606
v 3.06999111 -0.02960973 -0.88891810
v 3.04244304 -0.01313065 -0.88652778
v 2.99845052 0.02507699 -0.87528938
v 2.92179132 -0.01032573 -0.85771090
v 3.05877709 -0.08642026 -0.86463398
v 3.06420088 -0.05531641 -0.84642529
v 3.03554177 -0.03856300 -0.84416884
v 3.13284755 -0.03960953 -0.81797618
v 3.15058231 -0.03693584 -0.81117105
v 3.14865804 -0.03533454 -0.81063211
v 3.15687871 -0.03247759 -0.80621088
v 2.99353170 -0.00313782 -0.83407855
v 3.01243258 -0.00284856 -0.82848996
v 3.01078057 -0.00103441 -0.82778293
v 3.01986551 0.00071954 -0.82386982
v 3.01885939 0.02537423 -0.86925578
v 3.01723289 0.02717999 -0.86854762
v 3.02710319 0.02906785 -0.86430478
v 3.13736629 -0.01151688 -0.85931975
v 3.15658116 -0.00863498 -0.85194796
v 3.15468311 -0.00703877 -0.85140580
v 3.14392304 0.01878373 -0.83590931
v 3.15271735 0.02433699 -0.82895333
v 3.15307021 0.02370416 -0.82933772
v 3.00470495 0.02413703 -0.81213492
v 3.01431346 0.02755461 -0.80654746
v 3.01406479 0.02822085 -0.80612940
v 3.02129388 0.03167219 -0.80102289
v 3.01301503 0.05092461 -0.78850472
v 3.13847780 -0.01162620 -0.79648489
v 3.14650846 -0.00644009 -0.79005319
v 3.14687443 -0.00707559 -0.79043597
v 3.15265226 -0.00215218 -0.78464109
v 3.14138532 0.01552690 -0.77354938
v 3.14722133 0.04827268 -0.81095368
v 3.15339828 0.05349933 -0.80432373
v 3.14703608 0.02036064 -0.76744998
v 3.14690828 0.02073604 -0.76715863
v 3.15173984 0.02546211 -0.76114041
v 2.82562995 0.11706138 -0.86843896
v 2.82685804 0.10253550 -0.81450766
v 2.82738376 0.10340375 -0.81371593
v 2.83376527 0.11421423 -0.80497044
v 2.84234929 0.12777373 -0.79011565
v 2.83517671 0.13265480 -0.85353231
v 2.83574939 0.13360058 -0.85266948
v 2.84268880 0.14533015 -0.84307784
v 2.85193205 0.15995261 -0.82714975
v 2.85251236 0.16087992 -0.82617915
v 2.85928082 0.17197125 -0.81572330
v 2.84288001 0.12862220 -0.78922826
v 2.84910560 0.13884535 -0.77967972
v 2.85737419 0.15145388 -0.76394498
v 2.85790801 0.15227717 -0.76295829
v 2.86395359 0.16187443 -0.75264585
v 2.86818290 0.18556455 -0.79884398
v 2.86876845 0.18646753 -0.79776055
v 2.87534070 0.19687958 -0.78648335
v 3.01095867 0.05449509 -0.85147911
v 3.02138972 0.05817025 -0.84542847
v 3.02115393 0.05883214 -0.84500980
v 3.02900052 0.06253996 -0.83949125
v 3.02009916 0.08350644 -0.82583708
v 3.02756667 0.08787156 -0.81948495
v 3.02752137 0.08824929 -0.81917942
v 3.03404832 0.09259827 -0.81287432
v 3.01982045 0.05536250 -0.78233677
v 3.01987481 0.05498160 -0.78264195
v 3.02582192 0.05941287 -0.77650034
v 3.02045250 0.07639565 -0.76316637
v 3.02594638 0.08079857 -0.75674629
v 3.02594995 0.08054493 -0.75699085
v 3.03113961 0.08500739 -0.75032651
v 3.02822852 0.11111848 -0.79834157
v 3.03422570 0.11557992 -0.79165047
v 3.03422928 0.11583094 -0.79140568
v 3.03989029 0.12034727 -0.78447104
v 3.15327954 0.05387273 -0.80403125
v 3.14959478 0.07630071 -0.78424031
v 3.15431404 0.08144446 -0.77739155
v 3.15426469 0.08169749 -0.77715307
v 3.15142202 0.10266862 -0.75582314
v 3.03571320 0.13707571 -0.76908046
v 3.04079843 0.14139675 -0.76205599
v 3.04081655 0.14157608 -0.76184994
v 3.04585195 0.14601843 -0.75436902
v 3.14350796 0.04131708 -0.74899167
v 3.14781189 0.04607727 -0.74269116
v 3.14775538 0.04633197 -0.74245352
v 3.15174341 0.05111970 -0.73593175
v 2.87187386 0.17348287 -0.73609996
v 2.87240839 0.17427507 -0.73501045
v 2.87825108 0.18321057 -0.72397554
v 2.88579106 0.19377427 -0.70669132
v 2.88632369 0.19452892 -0.70549560
v 3.02731895 0.10033096 -0.73620105
v 3.03198385 0.10453638 -0.72951055
v 3.03197145 0.10435476 -0.72971642
v 3.03659225 0.10867973 -0.72258461
v 3.03368998 0.12259899 -0.70770943
v 3.03774428 0.12638375 -0.70093298
v 3.03776097 0.12651895 -0.70075434
v 3.14515400 0.06557303 -0.72286516
v 3.14863610 0.07011329 -0.71632391
v 3.14860749 0.07029800 -0.71612197
v 3.15200019 0.07495739 -0.70915043
v 3.14641500 0.08817720 -0.69525945
v 3.15525198 0.10756959 -0.74871415
v 3.15522957 0.10775282 -0.74851149
v 3.15281677 0.12724440 -0.72579825
v 3.14932799 0.09241819 -0.68847334
v 3.14931202 0.09255705 -0.68829721
v 3.15225148 0.09697337 -0.68091607
v 3.14732647 0.10903104 -0.66627806
v 3.14981079 0.11292245 -0.65925801
v 3.14980078 0.11302886 -0.65910178
v 3.15237498 0.11712418 -0.65134662
v 3.04264760 0.16122954 -0.73816282
v 3.04191113 0.13046269 -0.69337618
v 3.04708719 0.16528672 -0.73082495
v 3.04710913 0.16541988 -0.73064619
v 3.05165505 0.16964351 -0.72267735
v 3.04905605 0.18346511 -0.70570815
v 3.05299616 0.18718332 -0.69808310
v 3.05301762 0.18728422 -0.69792509
v 3.05715632 0.19119212 -0.68951660
v 3.15603161 0.13181596 -0.71842569
v 3.15602088 0.13195346 -0.71824896
v 3.15382385 0.14991906 -0.69427764
v 3.03958225 0.14309613 -0.67780167
v 3.04317427 0.14657271 -0.67075664
v 3.04319096 0.14667548 -0.67059875
v 3.04695868 0.15032981 -0.66281289
v 3.04499412 0.16173343 -0.64659488
v 3.04820442 0.16485563 -0.63930768
v 3.04821944 0.16493447 -0.63916641
v 3.05165291 0.16823444 -0.63101327
v 3.15657568 0.15410636 -0.68665427
v 3.15657043 0.15421152 -0.68649751
v 3.14790487 0.12804733 -0.63603288
v 3.15004635 0.13155423 -0.62879723
v 3.15003920 0.13163647 -0.62865716
v 3.15446424 0.17059687 -0.66138262
v 3.15684581 0.17436193 -0.65352935
v 3.15684271 0.17444302 -0.65338880
v 3.15474939 0.18919235 -0.62724155
v 3.04991555 0.17843254 -0.61421186
v 3.05280852 0.18122834 -0.60658336
v 3.05279589 0.18116781 -0.60671079
v 3.05593777 0.18412447 -0.59810179
v 3.05433416 0.19312441 -0.58078068
v 3.05692887 0.19549541 -0.57297927
v 3.05691862 0.19544929 -0.57309479
v 3.05977345 0.19794883 -0.56420749
v 3.15230513 0.13535339 -0.62056243
v 3.14815927 0.14514802 -0.60464203
v 3.15001369 0.14824493 -0.59721351
v 3.15000749 0.14830850 -0.59708697
v 3.15200353 0.15160252 -0.58868694
v 3.14809537 0.16026360 -0.57222909
v 3.14970064 0.16293159 -0.56463259
v 3.14969468 0.16298038 -0.56451786
v 3.15682101 0.19250771 -0.61918390
v 3.15681863 0.19257021 -0.61905694
v 3.15144753 0.16581585 -0.55584747
v 3.14771795 0.17333283 -0.53892195
v 3.14910102 0.17555799 -0.53118384
v 3.14909506 0.17559484 -0.53107959
v 3.15062261 0.17794272 -0.52217448
v 3.14703178 0.18430294 -0.50485253
v 3.14821219 0.18607536 -0.49699959
v 3.14820552 0.18610248 -0.49690482
v 3.14952064 0.18793908 -0.48780161
v 3.14604163 0.19312970 -0.47015604
v 3.14703393 0.19444278 -0.46221510
v 3.14702678 0.19446191 -0.46212909
v 3.14813805 0.19576812 -0.45286521
v 3.14475369 0.19977760 -0.43497038
v 3.14556837 0.20062757 -0.42696774
v 3.14556026 0.20064013 -0.42688996
v 3.14647365 0.20140089 -0.41750371
v 3.13705921 0.20168105 -0.27462190
v 3.13409996 0.19971579 -0.25664654
v 3.13411307 0.19826181 -0.24869673
v 3.13410330 0.19825706 -0.24865590
v 3.13404822 0.19619121 -0.23925057
v 3.13119078 0.19304679 -0.22149828
v 3.13105178 0.19114231 -0.21362351
v 3.13104248 0.19113658 -0.21358973
v 3.13079262 0.18850885 -0.20430072
v 3.06480837 0.19981079 -0.14875986
v 3.06459475 0.19683389 -0.14089461
v 3.06460118 0.19683896 -0.14091523
v 3.06416512 0.19291016 -0.13173486
v 3.12775755 0.18185203 -0.17907073
v 3.12774920 0.18184605 -0.17904392
v 3.12730408 0.17866483 -0.16991103
v 3.12804794 0.18420257 -0.18685098
v 3.12468362 0.17321971 -0.15284184
v 3.12424302 0.17042747 -0.14517535
v 3.12423563 0.17042197 -0.14515541
v 3.12359524 0.16669855 -0.13621800
v 2.98826051 0.20145395 -0.04426172
v 2.98391008 0.18176739 -0.01147224
v 2.98574424 0.19116019 -0.02873529
v 2.98544145 0.18970463 -0.02618331
v 2.98506570 0.18812019 -0.02371699
v 3.04829574 0.12376445 -0.00409158
v 3.11251426 0.12384009 -0.04876167
v 3.11251402 0.12383992 -0.04876130
v 3.11148190 0.11935586 -0.04180341
v 3.10826254 0.10441032 -0.01880650
v 3.10826135 0.10441475 -0.01881167
v 3.10710144 0.09958953 -0.01217630
v 3.10947657 0.10966402 -0.02692487
v 3.05712271 0.16176812 -0.06507229
v 3.06162763 0.18277574 -0.10683673
v 3.06163263 0.18277973 -0.10685044
v 3.06090951 0.17834558 -0.09790582
v 3.06206179 0.18617351 -0.11456884
v 3.05878377 0.17050099 -0.08131506
v 3.05812860 0.16668706 -0.07373567
v 3.05813169 0.16668940 -0.07374261
v 3.12111211 0.16014339 -0.11960508
v 3.12052131 0.15691368 -0.11207179
v 3.12051558 0.15690932 -0.11205859
v 3.11968088 0.15265776 -0.10335539
v 3.11734724 0.14502712 -0.08727137
v 3.11660647 0.14136404 -0.07989135
v 3.11660337 0.14136146 -0.07988470
v 3.11557603 0.13659856 -0.07145363
v 3.12481761 0.20192349 -0.09163731
v 3.12481213 0.20191894 -0.09162350
v 3.12393022 0.19728775 -0.08217149
v 3.12135196 0.18900320 -0.06464355
v 3.05301881 0.14403307 -0.03456292
v 3.05498791 0.15285698 -0.04912853
v 3.05411148 0.14863154 -0.04172269
v 3.05411172 0.14863169 -0.04172307
v 3.05087876 0.13406275 -0.01927193
v 3.04958940 0.12868173 -0.01092434
v 3.04959059 0.12867700 -0.01091928
v 3.06590056 0.19397368 -0.02361550
v 3.06376696 0.18440689 -0.00782669
v 3.06495547 0.18938752 -0.01559206
v 3.06495523 0.18938737 -0.01559165
v 3.11340475 0.12793234 -0.05596730
v 3.11498666 0.16108882 -0.01522745
v 3.11945128 0.17982960 -0.04747226
v 3.12056231 0.18501478 -0.05664388
v 3.12055922 0.18501212 -0.05663690
v 3.11707544 0.17041174 -0.03062157
v 3.11611295 0.16595913 -0.02279316
v 3.11611271 0.16595897 -0.02279278
v 3.16308784 -0.80206335 -0.78159720
v 3.15872455 -0.82861096 -0.75396466
v 3.16737652 -0.77381730 -0.80750346
v 3.17157340 -0.74398428 -0.83158135
v 3.17566252 -0.71268207 -0.85373574
v 3.16548729 -0.74106675 -0.76976973
v 3.16934252 -0.71366352 -0.79188657
v 3.39759731 -0.76199037 -0.76283443
v 3.39983153 -0.73295748 -0.78653383
v 3.40163755 -0.70249593 -0.80840617
v 3.38842058 -0.83940226 -0.68174237
v 3.38457751 -0.86163783 -0.65173614
v 3.37090707 -0.91641301 -0.55444521
v 3.36569667 -0.93045408 -0.52001750
v 3.38036633 -0.88193685 -0.62043470
v 3.37580347 -0.90021932 -0.58796167
v 3.37291455 -0.83918667 -0.59559739
v 3.36873341 -0.85593957 -0.56584120
v 3.35947227 -0.88364476 -0.50358146
v 3.36424685 -0.87077844 -0.53512877
v 3.15754008 -0.79139775 -0.72059149
v 3.16154790 -0.76701230 -0.74597341
v 3.39188051 -0.81531799 -0.71033508
v 3.39494348 -0.78948003 -0.73740137
v 3.38029504 -0.80021065 -0.65177584
v 3.38346553 -0.77814138 -0.67797637
v 3.38870382 -0.72927529 -0.72608346
v 3.38627219 -0.75446510 -0.70277822
v 3.39075136 -0.70267141 -0.74780011
v 3.37677336 -0.82058591 -0.62428004
v 3.60536766 -0.83707404 -0.56226146
v 3.60074449 -0.85488385 -0.53071326
v 3.61514616 -0.77246261 -0.65002733
v 3.61854696 -0.69293433 -0.72510594
v 3.61813426 -0.72093713 -0.70166397
v 3.61699915 -0.74748147 -0.67660481
v 3.60239363 -0.68915385 -0.66642106
v 3.60135627 -0.71341527 -0.64351714
v 3.60931897 -0.81734747 -0.59274262
v 3.61258268 -0.79578191 -0.62203646
v 3.59433651 -0.77727240 -0.56686759
v 3.58649945 -0.81158048 -0.51017302
v 3.59072518 -0.79530245 -0.53900796
v 3.59966254 -0.73624790 -0.61922550
v 3.59731960 -0.75756168 -0.59364194
v 3.82374287 -0.70162010 -0.57465827
v 3.81926394 -0.74492097 -0.51861441
v 3.82199574 -0.72408086 -0.54722309
v 3.18345213 -0.64616936 -0.89193243
v 3.18712187 -0.61122143 -0.90782398
v 3.19062233 -0.57532817 -0.92149115
v 3.40446162 -0.56884217 -0.87601280
v 3.17962718 -0.68003410 -0.87387931
v 3.17674041 -0.65492183 -0.83073950
v 3.18025374 -0.62381524 -0.84732234
v 3.17309856 -0.68491071 -0.81223661
v 3.18362451 -0.59171367 -0.86191952
v 3.18683982 -0.55874377 -0.87447357
v 3.40300822 -0.67072600 -0.82836503
v 3.40393782 -0.63777298 -0.84633166
v 3.39240623 -0.67475837 -0.76784253
v 3.39366221 -0.64564639 -0.78613156
v 3.39451408 -0.61545038 -0.80259508
v 3.40442300 -0.60376698 -0.86223519
v 3.39495850 -0.58428943 -0.81716800
v 3.39499402 -0.55228657 -0.82979298
v 3.19706011 -0.50127572 -0.94194573
v 3.19393945 -0.53863132 -0.93288004
v 3.18988681 -0.52503574 -0.88493490
v 3.19275355 -0.49072260 -0.89326221
v 3.19997215 -0.46340874 -0.94865239
v 3.20266414 -0.42517984 -0.95297354
v 3.19542837 -0.45593971 -0.89942265
v 3.19790101 -0.42082441 -0.90339190
v 3.40405393 -0.53313643 -0.88761014
v 3.40320086 -0.49679068 -0.89698148
v 3.40190649 -0.45994827 -0.90408981
v 3.40017533 -0.42275470 -0.90890700
v 3.39462018 -0.51956809 -0.84042007
v 3.39383864 -0.48626313 -0.84900731
v 3.39265251 -0.45250311 -0.85552090
v 3.39106631 -0.41842127 -0.85993510
v 3.61720228 -0.63300079 -0.76677489
v 3.61544967 -0.60130656 -0.78483754
v 3.61298561 -0.56862605 -0.80095470
v 3.59768796 -0.54994231 -0.75717229
v 3.60981965 -0.53508812 -0.81506276
v 3.60596395 -0.50082529 -0.82710612
v 3.60143423 -0.46597266 -0.83703727
v 3.59479403 -0.51928890 -0.77006704
v 3.59127021 -0.48797280 -0.78107458
v 3.59624815 -0.43066779 -0.84481686
v 3.59042597 -0.39505008 -0.85041440
v 3.58713007 -0.45611769 -0.79015154
v 3.58238983 -0.42384923 -0.79726213
v 3.57706833 -0.39129481 -0.80237818
v 3.79530191 -0.44298068 -0.75275004
v 3.78746414 -0.41005304 -0.76345372
v 3.61823606 -0.66358358 -0.74683815
v 3.60277104 -0.66355950 -0.68784690
v 3.60248661 -0.63673306 -0.70771009
v 3.60154176 -0.60878050 -0.72593218
v 3.59994006 -0.57981217 -0.74244130
v 3.82425880 -0.65219706 -0.62558019
v 3.82302570 -0.62542987 -0.64886594
v 3.81760144 -0.56831187 -0.69062787
v 3.82080364 -0.59743130 -0.67057705
v 3.79882979 -0.57230145 -0.63335288
v 3.79591107 -0.54575855 -0.65162957
v 3.82449818 -0.67762727 -0.60081172
v 3.80219722 -0.64540154 -0.56976050
v 3.80197906 -0.62222147 -0.59233743
v 3.80150890 -0.66727144 -0.54592121
v 3.79991651 -0.68774486 -0.52091348
v 3.80085516 -0.59782267 -0.61356276
v 3.80831146 -0.50717407 -0.72543889
v 3.81343198 -0.53818649 -0.70893919
v 3.80226016 -0.47539702 -0.74006170
v 3.79211044 -0.51829875 -0.66832066
v 3.78744292 -0.49003038 -0.68336046
v 3.78192711 -0.46106499 -0.69668943
v 3.77558446 -0.43151692 -0.70825505
v 3.76844025 -0.40150276 -0.71801168
v 4.01310253 -0.58207178 -0.51193172
v 4.01165628 -0.55790108 -0.53647518
v 3.98627591 -0.42135060 -0.63743699
v 3.97771049 -0.39165619 -0.65271997
v 3.98329020 -0.53056902 -0.50568032
v 3.98085880 -0.50752425 -0.52677530
v 3.97732019 -0.48349428 -0.54657453
v 3.99371290 -0.45039991 -0.62042153
v 3.97268844 -0.45857403 -0.56499994
v 3.96698141 -0.43286175 -0.58197874
v 3.96022224 -0.40645897 -0.59744400
v 4.00508785 -0.50610775 -0.58146846
v 3.99999189 -0.47868949 -0.60174078
v 4.00898123 -0.53254634 -0.55968457
v 3.35441661 -0.95186526 -0.44897515
v 3.36019254 -0.94228703 -0.48481452
v 3.34839153 -0.95915091 -0.41264081
v 3.34214115 -0.96411520 -0.37595496
v 3.35442853 -0.89448774 -0.47132367
v 3.34913588 -0.90326458 -0.43848273
v 3.34361482 -0.90994066 -0.40518826
v 3.32228827 -0.96493047 -0.26523939
v 3.31969571 -0.91523671 -0.27011895
v 3.33569002 -0.96673858 -0.33906230
v 3.33788729 -0.91448969 -0.37157166
v 3.33197594 -0.91689354 -0.33776560
v 3.32906365 -0.96701068 -0.30210850
v 3.32590413 -0.91714293 -0.30390349
v 3.57627487 -0.83863103 -0.45003605
v 3.58955789 -0.88447976 -0.46491751
v 3.59546757 -0.87070656 -0.49822256
v 3.57593560 -0.90566850 -0.39639294
v 3.57031631 -0.84929675 -0.41897127
v 3.56382442 -0.85799742 -0.38740495
v 3.58303857 -0.89614910 -0.43092960
v 3.56827688 -0.91300046 -0.36144388
v 3.56009245 -0.91811591 -0.32622027
v 3.55141497 -0.92099476 -0.29086119
v 3.54227853 -0.92162567 -0.25550616
v 3.55682421 -0.86469877 -0.35546169
v 3.54934382 -0.86937428 -0.32326749
v 3.54141259 -0.87200552 -0.29094949
v 3.53306198 -0.87258214 -0.25863516
v 3.77394819 -0.83939558 -0.29544815
v 3.76403999 -0.84490782 -0.26180786
v 3.58167648 -0.82604235 -0.48047668
v 3.81555820 -0.76405811 -0.48894516
v 3.81089282 -0.78141683 -0.45833242
v 3.79876161 -0.81053209 -0.39476296
v 3.80528665 -0.79692852 -0.42689699
v 3.77873802 -0.76654673 -0.38194329
v 3.78979588 -0.74000764 -0.43988803
v 3.79742622 -0.70674098 -0.49483615
v 3.79404831 -0.72418487 -0.46779209
v 3.78468585 -0.75414687 -0.41123405
v 3.79134345 -0.82217377 -0.36205715
v 3.78306150 -0.83180761 -0.32890859
v 3.77197623 -0.77715832 -0.35213134
v 3.76442695 -0.78593969 -0.32191584
v 3.75612020 -0.79285634 -0.29141602
v 3.74708867 -0.79788083 -0.26075229
v 3.31539083 -0.96050608 -0.22860043
v 3.30839801 -0.95375508 -0.19233625
v 3.31337500 -0.91118252 -0.23654534
v 3.30133796 -0.94470400 -0.15658996
v 3.30696750 -0.90499634 -0.20331514
v 3.30049801 -0.89670247 -0.17055951
v 3.29399204 -0.88633376 -0.13840772
v 3.29423809 -0.93338865 -0.12150264
v 3.28712678 -0.91985357 -0.08721276
v 3.28747559 -0.87393117 -0.10698666
v 3.28097439 -0.85954350 -0.07642031
v 3.28003168 -0.90415233 -0.05385565
v 3.27298117 -0.88634682 -0.02156295
v 3.27451372 -0.84322762 -0.04682934
v 3.49102855 -0.89128321 -0.08364402
v 3.48621964 -0.84484935 -0.10155406
v 3.47994828 -0.87868315 -0.05120451
v 3.46869135 -0.86400211 -0.01971487
v 3.26811934 -0.82504791 -0.01833050
v 3.47609258 -0.83333296 -0.07190452
v 3.46580362 -0.81991452 -0.04312315
v 3.45539355 -0.80464709 -0.01532354
v 3.53271914 -0.92000604 -0.22029471
v 3.52277446 -0.91614240 -0.18536581
v 3.52432466 -0.87110186 -0.22645208
v 3.51523519 -0.86757046 -0.19452725
v 3.51248384 -0.91004986 -0.15085730
v 3.50582981 -0.86200196 -0.16298665
v 3.49614501 -0.85441828 -0.13195476
v 3.74199700 -0.84962612 -0.19451898
v 3.75337553 -0.84832245 -0.22812049
v 3.72994947 -0.84881365 -0.16113596
v 3.71728039 -0.84588820 -0.12810317
v 3.50188780 -0.90175259 -0.11690538
v 3.70403981 -0.84086132 -0.09555095
v 3.73736763 -0.80099332 -0.23004565
v 3.72699618 -0.80218166 -0.19941726
v 3.71601462 -0.80144101 -0.16898802
v 3.70446658 -0.79877442 -0.13887802
v 3.65354991 -0.76917142 -0.02397829
v 3.69027996 -0.83375287 -0.06360780
v 3.69239759 -0.79419237 -0.10920609
v 3.67985511 -0.78771287 -0.08008932
v 3.67605519 -0.82459092 -0.03239977
v 3.66142154 -0.81341159 -0.00205003
v 3.66688895 -0.77936161 -0.05164263
v 3.98895407 -0.71078175 -0.31147566
v 3.98077178 -0.72251278 -0.28010482
v 3.99599695 -0.69726336 -0.34240052
v 3.97148275 -0.73241019 -0.24841174
v 3.96112347 -0.74043489 -0.21652155
v 3.94677663 -0.68917942 -0.24386100
v 3.93736124 -0.69647306 -0.21487617
v 3.90366817 -0.70788777 -0.12799136
v 3.94973493 -0.74655521 -0.18456008
v 3.93736172 -0.75074703 -0.15265347
v 3.92701006 -0.70203578 -0.18582655
v 3.91576433 -0.70584571 -0.15682681
v 3.90986156 -0.75328666 -0.08950780
v 3.89076948 -0.70815396 -0.09943404
v 3.87711906 -0.70664310 -0.07126753
v 3.92405319 -0.75299382 -0.12092764
v 3.89484286 -0.75162441 -0.05851796
v 3.87905622 -0.74801362 -0.02808040
v 3.86277080 -0.70336133 -0.04360299
v 3.84778118 -0.69832146 -0.01654961
v 3.97865725 -0.62798780 -0.38384396
v 3.98460460 -0.55253762 -0.48337296
v 3.98479724 -0.57334346 -0.45994115
v 3.98181748 -0.61114317 -0.41007826
v 3.98386693 -0.59290439 -0.43547741
v 4.01229095 -0.62648481 -0.45923525
v 4.00655890 -0.66508490 -0.40242621
v 4.01003599 -0.64655179 -0.43129015
v 4.01331425 -0.60496312 -0.48615119
v 3.96905756 -0.65723467 -0.32928690
v 3.97439814 -0.64337188 -0.35687804
v 3.96265626 -0.66952145 -0.30117947
v 3.95521951 -0.68018371 -0.27266666
v 4.00187302 -0.68201101 -0.37275729
v 4.14488697 -0.43745324 -0.38646531
v 4.14265108 -0.41680112 -0.40854332
v 4.13912487 -0.39523828 -0.42955664
v 4.14379311 -0.49315020 -0.31473359
v 4.14545918 -0.47570327 -0.33946773
v 4.14083242 -0.50938511 -0.28930503
v 4.13658953 -0.52434391 -0.26328239
v 4.14582396 -0.45711318 -0.36340979
v 4.17451000 -0.54288942 -0.30490285
v 4.16982746 -0.55939823 -0.27618381
v 4.18001890 -0.48520118 -0.38668615
v 4.16732597 -0.39220667 -0.48161116
v 4.17262554 -0.41691497 -0.45968696
v 4.17898464 -0.46350414 -0.41213062
v 4.17651653 -0.44071209 -0.43649629
v 4.17961597 -0.50571752 -0.36026329
v 4.17777729 -0.52497226 -0.33296627
v 4.12601709 -0.61874533 -0.12678620
v 4.15629435 -0.58793604 -0.21723431
v 4.12432718 -0.55020237 -0.20986760
v 4.14749765 -0.59985244 -0.18723650
v 4.13739204 -0.61013573 -0.15704742
v 4.09689236 -0.57811898 -0.12791157
v 4.11635637 -0.56099999 -0.18268625
v 4.10719919 -0.57031775 -0.15533158
v 4.11341810 -0.62564719 -0.09657231
v 4.09964418 -0.63081408 -0.06652495
v 4.06879568 -0.63586855 -0.00740307
v 4.08475065 -0.63422573 -0.03676272
v 4.07299614 -0.58905464 -0.07330818
v 4.08547640 -0.58437282 -0.10053442
v 4.05950069 -0.59214598 -0.04634029
v 4.04504347 -0.59363455 -0.01973719
v 4.13108063 -0.53796762 -0.23676838
v 4.16374731 -0.57443357 -0.24692248
v 4.31614780 -0.40067351 -0.19877641
v 4.30527973 -0.43162733 -0.14285509
v 4.31149340 -0.41677663 -0.17101087
v 4.26762295 -0.39945531 -0.13600533
v 4.27756023 -0.46810514 -0.05716253
v 4.25189447 -0.48522907 -0.00014089
v 4.26541615 -0.47741297 -0.02856575
v 4.29753160 -0.44516706 -0.11442018
v 4.28828001 -0.45734236 -0.08581837
v 4.26062536 -0.41168374 -0.11032429
v 4.26913786 -0.39942786 -0.10426179
v 4.26863432 -0.40029293 -0.10253487
v 4.25226927 -0.42267987 -0.08449250
v 4.26038456 -0.41119781 -0.07886291
v 4.25981236 -0.41194645 -0.07723191
v 4.24258804 -0.43240029 -0.05861193
v 4.23161983 -0.44080669 -0.03278470
v 4.21940756 -0.44786581 -0.00711273
v 4.23846149 -0.43146816 -0.02827337
v 4.23783207 -0.43196952 -0.02693490
v 4.22536612 -0.43988246 -0.00327853
v 4.22475767 -0.44026193 -0.00213333
v 4.20139408 -0.39734510 -0.03946316
v 4.19007683 -0.40440187 -0.01816605
v 4.25014734 -0.42189291 -0.05350079
v 4.24953175 -0.42251888 -0.05199973
v 3.20512509 -0.38673988 -0.95489222
v 3.20734572 -0.34824058 -0.95440078
v 3.20016170 -0.38551524 -0.90515429
v 3.20220137 -0.35015154 -0.90470284
v 3.20931697 -0.30983388 -0.95150113
v 3.21103120 -0.27167135 -0.94620484
v 3.20401216 -0.31487292 -0.90203941
v 3.20558667 -0.27981856 -0.89717442
v 3.20691895 -0.24512686 -0.89012712
v 3.39801455 -0.38535669 -0.91141415
v 3.39543271 -0.34790188 -0.91160131
v 3.39243984 -0.31053805 -0.90946776
v 3.38904762 -0.27341267 -0.90502191
v 3.38908625 -0.38415211 -0.86223251
v 3.38672042 -0.34983090 -0.86240399
v 3.38397789 -0.31559303 -0.86044896
v 3.38086963 -0.28157371 -0.85637504
v 3.37740779 -0.24790713 -0.85019839
v 3.21248174 -0.23390362 -0.93853265
v 3.20800352 -0.21093468 -0.88092536
v 3.21366262 -0.19667971 -0.92851496
v 3.21456909 -0.16014653 -0.91619128
v 3.21519804 -0.12444828 -0.90161026
v 3.38526988 -0.23667227 -0.89828128
v 3.38112116 -0.20046182 -0.88927251
v 3.37661815 -0.16492426 -0.87803119
v 3.20883632 -0.17737699 -0.86960536
v 3.20941401 -0.14458621 -0.85621190
v 3.20973420 -0.11269176 -0.84079772
v 3.37360620 -0.21472618 -0.84194332
v 3.36947989 -0.18216182 -0.83164245
v 3.36504483 -0.15034254 -0.81933641
v 3.36662078 -0.09642554 -0.84903675
v 3.37177825 -0.13019982 -0.86460161
v 3.36031890 -0.11939394 -0.80507386
v 3.58399081 -0.35926002 -0.85380763
v 3.57696819 -0.32343888 -0.85498321
v 3.57118678 -0.35858288 -0.80547959
v 3.56476831 -0.32584256 -0.80655408
v 3.56938577 -0.28772804 -0.85393655
v 3.56127357 -0.25226846 -0.85067171
v 3.55783796 -0.29320306 -0.80559742
v 3.55042338 -0.26079315 -0.80261338
v 3.77877784 -0.37674403 -0.77213061
v 3.76927733 -0.34318510 -0.77874637
v 3.75900030 -0.30950871 -0.78327495
v 3.74798679 -0.27584776 -0.78569841
v 3.55266333 -0.21720004 -0.84520161
v 3.54358912 -0.18266119 -0.83754784
v 3.54255366 -0.22874080 -0.79761374
v 3.53425980 -0.19717248 -0.79061824
v 3.53408694 -0.14878823 -0.82774061
v 3.52419424 -0.11571483 -0.81581861
v 3.52557492 -0.16621275 -0.78165448
v 3.51653290 -0.13598384 -0.77075779
v 3.50716949 -0.10660502 -0.75797129
v 3.73628068 -0.24233508 -0.78600729
v 3.72392797 -0.20910293 -0.78420025
v 3.71097755 -0.17628248 -0.78028452
v 3.69748044 -0.14400326 -0.77427554
v 3.68348980 -0.11239263 -0.76619697
v 3.76052260 -0.37114099 -0.72592080
v 3.75186276 -0.34055141 -0.73195118
v 3.74249482 -0.30985478 -0.73607904
v 3.73245573 -0.27917218 -0.73828810
v 3.72178555 -0.24862477 -0.73856962
v 3.71052575 -0.21833307 -0.73692250
v 3.69872117 -0.18841663 -0.73335326
v 3.68641829 -0.15899353 -0.72787595
v 3.67366576 -0.13017987 -0.72051215
v 3.66051364 -0.10208937 -0.71129107
v 3.82674885 -0.10135930 -0.65488750
v 3.21554661 -0.08972584 -0.88482934
v 3.17879725 -0.06874810 -0.82378531
v 3.20979571 -0.08181951 -0.82342374
v 3.18576360 -0.04317800 -0.86604786
v 3.21561360 -0.05611623 -0.86591488
v 3.27822208 -0.03001992 -0.83204615
v 3.29372120 -0.02342044 -0.82316411
v 3.29584861 -0.02477135 -0.82352430
v 3.27407193 -0.05793600 -0.79054087
v 3.32266736 -0.08039658 -0.79200995
v 3.29028177 -0.05309548 -0.78270227
v 3.28812814 -0.05174286 -0.78234738
v 3.27430606 -0.02999682 -0.76994163
v 3.28135657 -0.02450360 -0.76356620
v 3.28088140 -0.02391438 -0.76322716
v 3.29533768 -0.04792722 -0.77752650
v 3.16364288 -0.00394316 -0.84659648
v 3.15940881 0.02896522 -0.82308722
v 3.30160570 -0.01926673 -0.81790251
v 3.27895260 0.00036082 -0.80950862
v 3.28666282 0.00632750 -0.80255872
v 3.28620052 0.00691575 -0.80221701
v 3.29163408 0.01229105 -0.79612339
v 3.28585076 -0.01895435 -0.75762218
v 3.27661228 0.02955931 -0.78568000
v 3.28141379 0.03545687 -0.77890044
v 3.28122401 0.03581615 -0.77862668
v 3.28518391 0.04148019 -0.77201098
v 3.36116600 -0.06373473 -0.83139813
v 3.32967401 -0.05467707 -0.83417231
v 3.35532045 -0.08943816 -0.78891093
v 3.41402316 -0.05786600 -0.75205588
v 3.41784453 -0.03017685 -0.79374814
v 3.43354607 -0.02282835 -0.78428626
v 3.43123651 -0.02175308 -0.78412014
v 3.47097278 -0.04756472 -0.79130179
v 3.40536666 0.02770019 -0.75021112
v 3.43791604 -0.01670948 -0.77852684
v 3.41301417 -0.00048478 -0.77251691
v 3.41861558 0.00684229 -0.76504385
v 3.41917706 0.00631316 -0.76533538
v 3.42272449 0.01278170 -0.75884354
v 3.15855646 0.05897001 -0.79751086
v 3.15863514 0.08685856 -0.77008772
v 3.27344680 0.05725034 -0.76017833
v 3.27683520 0.06289175 -0.75329208
v 3.27673388 0.06313970 -0.75306416
v 3.51394987 -0.08357152 -0.80182886
v 3.50339437 -0.05248515 -0.78582662
v 3.66906118 -0.08157537 -0.75608075
v 3.27202487 -0.00319043 -0.74810612
v 3.27639580 0.00223976 -0.74189013
v 3.27619672 0.00259984 -0.74161816
v 3.27980280 0.00783051 -0.73553032
v 3.26905704 0.02222220 -0.72472334
v 3.27212596 0.02741953 -0.71840972
v 3.27201748 0.02766820 -0.71818316
v 3.27476454 0.03286156 -0.71167010
v 3.26570868 0.04611539 -0.69982147
v 3.26799536 0.05100384 -0.69332993
v 3.26792645 0.05118618 -0.69313520
v 3.46395254 -0.07344232 -0.74924141
v 3.42840624 -0.05112042 -0.74338615
v 3.42607093 -0.05004683 -0.74322724
v 3.43215609 -0.04543302 -0.73812038
v 3.40913916 -0.03068739 -0.73274851
v 3.41475034 -0.02445539 -0.72618401
v 3.41417623 -0.02392699 -0.72589612
v 3.40200043 -0.00489368 -0.71237379
v 3.40479112 0.00128297 -0.70591187
v 3.40505719 0.00094770 -0.70615917
v 3.40714955 0.00684399 -0.69986385
v 3.40848994 0.03440686 -0.74315912
v 3.39428139 0.01949247 -0.69051534
v 3.41791606 -0.01846709 -0.72021097
v 3.40874672 0.03407120 -0.74340892
v 3.41110134 0.04045148 -0.73656613
v 3.39594936 0.02518771 -0.68408513
v 3.39610767 0.02495201 -0.68429661
v 3.39745235 0.03061301 -0.67768717
v 3.38627672 0.04238721 -0.66717952
v 3.38726687 0.04763107 -0.66065472
v 3.38737488 0.04745653 -0.66083908
v 3.38819122 0.05280433 -0.65391332
v 3.15896153 0.11277258 -0.74095929
v 3.27976799 0.06876101 -0.74598700
v 3.26983666 0.08328971 -0.73302579
v 3.27237678 0.08859131 -0.72594678
v 3.27231383 0.08877297 -0.72575092
v 3.27471018 0.09418532 -0.71824467
v 3.26591063 0.10756346 -0.70430529
v 3.26787663 0.11247548 -0.69700783
v 3.26783323 0.11261294 -0.69683582
v 3.26975870 0.11771476 -0.68892866
v 3.27008033 0.05618842 -0.68622696
v 3.26208401 0.06838667 -0.67347902
v 3.26384068 0.07292095 -0.66678506
v 3.26379204 0.07305905 -0.66661406
v 3.26550674 0.07777639 -0.65933663
v 3.25823450 0.08894449 -0.64579195
v 3.25960326 0.09309323 -0.63889444
v 3.25956631 0.09319965 -0.63874209
v 3.26093888 0.09756719 -0.63112193
v 3.15926814 0.13670789 -0.71025342
v 3.15942764 0.15861626 -0.67809737
v 3.15937138 0.17843594 -0.64462137
v 3.26173162 0.12997079 -0.67412013
v 3.26327801 0.13445890 -0.66660386
v 3.26324582 0.13456470 -0.66645068
v 3.26480484 0.13928559 -0.65817142
v 3.25733948 0.15042046 -0.64258474
v 3.25856185 0.15445918 -0.63486201
v 3.25853658 0.15454116 -0.63472420
v 3.25979924 0.15882821 -0.62610322
v 3.39700413 0.05434807 -0.72630507
v 3.39889336 0.06053568 -0.71928471
v 3.39904475 0.06029978 -0.71949816
v 3.40058041 0.06643099 -0.71231097
v 3.38829827 0.07936665 -0.70079261
v 3.38944507 0.08506379 -0.69366765
v 3.38954711 0.08488914 -0.69385362
v 3.39050817 0.09068401 -0.68631977
v 3.37809944 0.06370370 -0.64243394
v 3.37863517 0.06850343 -0.63576508
v 3.37871552 0.06837047 -0.63592839
v 3.37914276 0.07335274 -0.62869215
v 3.37938833 0.10266085 -0.67374349
v 3.38011432 0.10774032 -0.66662574
v 3.38003922 0.10787332 -0.66646105
v 3.38065410 0.11314048 -0.65875196
v 3.37035370 0.12413995 -0.64525145
v 3.49066424 0.11268358 -0.63437790
v 3.49008465 0.11788719 -0.62738198
v 3.49019003 0.11776293 -0.62753695
v 3.37065077 0.12886511 -0.63779479
v 3.37070942 0.12876233 -0.63794231
v 3.37092924 0.13372371 -0.62974316
v 3.25419426 0.10770565 -0.61686563
v 3.25526309 0.11144544 -0.60977525
v 3.25523329 0.11152802 -0.60963821
v 3.25632811 0.11549694 -0.60170317
v 3.24998951 0.12459469 -0.58681244
v 3.15906000 0.19610316 -0.60995948
v 3.25081682 0.12790748 -0.57954609
v 3.25079179 0.12797150 -0.57942212
v 3.25165391 0.13150315 -0.57120174
v 3.25276518 0.16882992 -0.60982102
v 3.25372720 0.17239974 -0.60191131
v 3.25370598 0.17246322 -0.60178655
v 3.25472093 0.17627446 -0.59285593
v 3.24803448 0.18512508 -0.57595724
v 3.24878049 0.18821117 -0.56788391
v 3.24876213 0.18825990 -0.56777054
v 3.24564362 0.13954389 -0.55574995
v 3.24627018 0.14241573 -0.54832864
v 3.24624825 0.14246495 -0.54821599
v 3.24691010 0.14552771 -0.53974140
v 3.24117756 0.15249340 -0.52380061
v 3.24163318 0.15491368 -0.51624727
v 3.24161339 0.15495089 -0.51614481
v 3.24209929 0.15751855 -0.50744867
v 3.24956393 0.19156106 -0.55856413
v 3.24317217 0.19924048 -0.54112667
v 3.24373388 0.20183183 -0.53291535
v 3.24371719 0.20186859 -0.53281218
v 3.36981559 0.08335900 -0.61636633
v 3.37002635 0.08771324 -0.60953689
v 3.37008953 0.08761046 -0.60968322
v 3.37021995 0.09218751 -0.60214961
v 3.36147451 0.10127589 -0.58907461
v 3.36144304 0.10517998 -0.58208495
v 3.36149454 0.10510013 -0.58221716
v 3.36139274 0.10923973 -0.57440454
v 3.49181962 0.07427025 -0.60240024
v 3.49122930 0.07903872 -0.59601808
v 3.49133968 0.07891516 -0.59617138
v 3.49057698 0.08385776 -0.58924228
v 3.48943257 0.12314364 -0.61997247
v 3.47952080 0.09247612 -0.57822800
v 3.47866058 0.09677830 -0.57170475
v 3.47874856 0.09668268 -0.57184309
v 3.47772717 0.10120130 -0.56463969
v 3.35311866 0.11738361 -0.56066418
v 3.35290098 0.12083203 -0.55352396
v 3.35294461 0.12077015 -0.55364394
v 3.35265756 0.12444512 -0.54557478
v 3.46728706 0.10901762 -0.55283886
v 3.46623659 0.11285926 -0.54616833
v 3.46630931 0.11278510 -0.54629403
v 3.46509600 0.11685652 -0.53882861
v 3.45517540 0.12383053 -0.52633005
v 3.45405102 0.12715597 -0.51963180
v 3.45398974 0.12721317 -0.51951724
v 3.36125159 0.14371949 -0.61542296
v 3.36133313 0.14787179 -0.60792649
v 3.36128545 0.14795163 -0.60779327
v 3.36130333 0.15235874 -0.59942228
v 3.35212970 0.16132209 -0.58437240
v 3.35196257 0.16505490 -0.57658112
v 3.35200238 0.16499305 -0.57670212
v 3.35177422 0.16897555 -0.56791747
v 3.47720695 0.13263376 -0.60788602
v 3.47633266 0.13732612 -0.60073632
v 3.47641635 0.13722992 -0.60087621
v 3.47537851 0.14215067 -0.59301054
v 3.46381617 0.15075974 -0.58006239
v 3.46273470 0.15494666 -0.57275301
v 3.46280336 0.15487199 -0.57288009
v 3.46155882 0.15930691 -0.56472701
v 3.34478688 0.13161840 -0.53124577
v 3.34442353 0.13460588 -0.52397031
v 3.34446120 0.13455844 -0.52407950
v 3.34402418 0.13774547 -0.51577944
v 3.33651590 0.14392377 -0.50093502
v 3.34303236 0.17687795 -0.55222070
v 3.34270787 0.18010572 -0.54428524
v 3.34274197 0.18005830 -0.54439545
v 3.34235382 0.18351071 -0.53535843
v 3.33400011 0.19032528 -0.51909399
v 3.33355117 0.19304352 -0.51103544
v 3.33358121 0.19300786 -0.51113588
v 3.33306265 0.19590813 -0.50187737
v 3.45269608 0.13075961 -0.51192212
v 3.45055532 0.16699138 -0.55101293
v 3.44932771 0.17067428 -0.54355007
v 3.44938564 0.17061661 -0.54366589
v 3.44798899 0.17454289 -0.53524482
v 3.43748379 0.18126525 -0.52085024
v 3.43615460 0.18444385 -0.51324719
v 3.43620420 0.18439990 -0.51335299
v 3.43469787 0.18779722 -0.50468773
v 3.49752188 -0.07819225 -0.74334532
v 3.54954147 -0.03955742 -0.70305109
v 3.55939436 -0.03043352 -0.69381011
v 3.56185842 -0.03120391 -0.69376546
v 3.56427646 -0.02519323 -0.68853307
v 3.64701414 -0.07483289 -0.70024896
v 3.60651731 -0.02218650 -0.73807853
v 3.65425134 -0.05167309 -0.74396676
v 3.63911843 -0.02280381 -0.72990286
v 3.59951210 -0.04822756 -0.69611961
v 3.63322043 -0.04851802 -0.68742943
v 3.55308270 -0.01214023 -0.74495119
v 3.56414652 -0.00222313 -0.73481059
v 3.56658626 -0.00299851 -0.73477501
v 3.54308414 0.01614624 -0.72541058
v 3.56952786 0.00352879 -0.72900951
v 3.53057575 0.04265601 -0.70497012
v 3.53220773 0.04960470 -0.69804680
v 3.53252602 0.04930161 -0.69826800
v 3.54763412 0.02355077 -0.71814376
v 3.54698610 0.02400756 -0.71790874
v 3.54973960 0.03032363 -0.71172047
v 3.52837658 0.01037418 -0.66678160
v 3.53012013 0.01644167 -0.66068125
v 3.53993583 -0.01380229 -0.68538642
v 3.54405737 -0.00704272 -0.67876899
v 3.54339671 -0.00658832 -0.67853850
v 3.54588628 -0.00080375 -0.67288309
v 3.52979326 0.01674322 -0.66046327
v 3.53091455 0.02246191 -0.65455896
v 3.51634574 0.03314713 -0.64674503
v 3.51695418 0.03869757 -0.64072257
v 3.51674962 0.03891362 -0.64052969
v 3.51703763 0.04440136 -0.63434637
v 3.82153821 -0.05683482 -0.69452107
v 3.81049275 -0.07515249 -0.64932746
v 3.80317426 -0.02879460 -0.68644601
v 3.77674198 -0.02500304 -0.63289827
v 3.79380202 -0.04966687 -0.64198810
v 3.67756009 -0.00357457 -0.64429164
v 3.68510199 0.00651378 -0.63486296
v 3.68763947 0.00606398 -0.63461179
v 3.68873811 0.01220279 -0.62953031
v 3.72633171 -0.00549515 -0.63351136
v 3.68087745 0.02353211 -0.68641549
v 3.68946409 0.03458796 -0.67600006
v 3.69197893 0.03413002 -0.67575967
v 3.66621685 0.04976441 -0.66889244
v 3.69349122 0.04085857 -0.67011476
v 3.73329234 0.02071112 -0.67537165
v 3.66373467 0.02016311 -0.62856406
v 3.78440428 -0.00165854 -0.67644507
v 3.76530242 0.02446628 -0.66455775
v 3.64827943 0.04219213 -0.61198068
v 3.64836454 0.04856557 -0.60591495
v 3.64874530 0.04830589 -0.60609972
v 3.66562486 0.02760663 -0.62185687
v 3.66635656 0.02723773 -0.62202495
v 3.66687584 0.03354252 -0.61633539
v 3.75938058 -0.00125833 -0.62209398
v 3.79517412 0.04912365 -0.57676107
v 3.53347445 0.05584402 -0.69158953
v 3.51746774 0.06761718 -0.68299031
v 3.51798058 0.07391131 -0.67617804
v 3.51817846 0.07369414 -0.67637336
v 3.51834416 0.07989749 -0.66941625
v 3.50412059 0.05446957 -0.62526554
v 3.50411510 0.09098499 -0.65944064
v 3.50396609 0.09671532 -0.65257132
v 3.50410509 0.09655297 -0.65274447
v 3.50373197 0.10236361 -0.64548671
v 3.64939117 0.07401288 -0.65060037
v 3.64956784 0.08100042 -0.64392501
v 3.64994049 0.08073810 -0.64411354
v 3.64952683 0.08725370 -0.63770866
v 3.63208413 0.09671990 -0.63081801
v 3.66841197 0.05792037 -0.66150928
v 3.66913223 0.05754751 -0.66168278
v 3.66981506 0.06442618 -0.65544653
v 3.50406766 0.05955785 -0.61917007
v 3.50392294 0.05971934 -0.61899894
v 3.50365806 0.06489758 -0.61252028
v 3.63246107 0.06283971 -0.59400654
v 3.64829040 0.05427529 -0.60025042
v 3.61653328 0.08208977 -0.57461733
v 3.61521649 0.08718817 -0.56869572
v 3.61539483 0.08704466 -0.56885105
v 3.63166022 0.06850803 -0.58810139
v 3.63190675 0.06831782 -0.58827257
v 3.63079166 0.07389715 -0.58222306
v 3.61462522 0.11788252 -0.60949516
v 3.61341882 0.12332931 -0.60313517
v 3.61324573 0.12347441 -0.60297745
v 3.63151598 0.10274419 -0.62449288
v 3.63127565 0.10293639 -0.62431884
v 3.63037133 0.10883807 -0.61786848
v 3.61383104 0.09221528 -0.56256568
v 3.60061765 0.09988616 -0.55386037
v 3.59897470 0.10447532 -0.54784554
v 3.59911251 0.10436521 -0.54798669
v 3.59723711 0.10911268 -0.54144901
v 3.58480120 0.11616661 -0.53180569
v 3.58305645 0.12019137 -0.52579272
v 3.58294559 0.12027644 -0.52566409
v 3.58096337 0.12450151 -0.51900017
v 3.61178112 0.12898026 -0.59625101
v 3.59716487 0.13744369 -0.58667630
v 3.59555912 0.14236501 -0.58019942
v 3.59542584 0.14247645 -0.58005631
v 3.59358048 0.14755648 -0.57303745
v 3.57572389 0.16447237 -0.54836446
v 3.56915903 0.13087058 -0.50853443
v 3.56716514 0.13451654 -0.50225443
v 3.56725717 0.13445091 -0.50237209
v 3.56263137 0.17149664 -0.53685975
v 3.56050873 0.17549202 -0.52995038
v 3.56059718 0.17542538 -0.53006965
v 3.55821872 0.17964977 -0.52235353
v 3.54572105 0.18586168 -0.51004648
v 3.54358125 0.18930447 -0.50309688
v 3.54350662 0.18935551 -0.50298756
v 3.57980514 0.15533693 -0.56243527
v 3.57793975 0.15975648 -0.55580711
v 3.57783294 0.15984270 -0.55567670
v 3.79832911 0.07588873 -0.61911929
v 3.80436397 0.08771578 -0.60866475
v 3.80689645 0.08758569 -0.60822099
v 3.77771711 0.07033198 -0.56320304
v 3.80035973 0.05982764 -0.56736499
v 3.80291295 0.05970863 -0.56690896
v 3.77960873 0.09950089 -0.60387725
v 3.78013492 0.10771665 -0.59675121
v 3.78091073 0.10743738 -0.59685951
v 3.80701828 0.09431277 -0.60281533
v 3.75909019 0.12098926 -0.58795232
v 3.75830150 0.12760806 -0.58178580
v 3.78022575 0.11423068 -0.59091961
v 3.73994732 0.10786271 -0.53309923
v 3.72089958 0.12462363 -0.51597458
v 3.73831296 0.11311739 -0.52773476
v 3.73803020 0.11327617 -0.52758801
v 3.73608994 0.11841796 -0.52209377
v 3.75896215 0.08976824 -0.54883111
v 3.77887011 0.07751369 -0.55686527
v 3.77808380 0.07778754 -0.55676311
v 3.77813959 0.08370777 -0.55147171
v 3.80274224 0.06578671 -0.56208706
v 3.75779152 0.09596892 -0.54311585
v 3.75821686 0.09575828 -0.54326421
v 3.75659156 0.10151325 -0.53777707
v 3.73820567 0.14096193 -0.57057506
v 3.73643994 0.14676717 -0.56463224
v 3.73616290 0.14692873 -0.56448221
v 3.75788307 0.12782235 -0.58163321
v 3.75660253 0.13391846 -0.57575297
v 3.71725535 0.15945111 -0.55168027
v 3.73407531 0.15258250 -0.55843139
v 3.71473932 0.16474620 -0.54559821
v 3.71494269 0.16462292 -0.54573822
v 3.71855807 0.12942705 -0.51047277
v 3.71876597 0.12930603 -0.51061016
v 3.71614599 0.13416052 -0.50476557
v 3.69638872 0.17641781 -0.53130138
v 3.71213865 0.16995251 -0.53931290
v 3.69374609 0.18103665 -0.52526397
v 3.69358802 0.18113151 -0.52513456
v 3.69064927 0.18588360 -0.51858521
v 3.67571592 0.19180885 -0.50950181
v 3.67274427 0.19598821 -0.50320649
v 3.67287230 0.19591513 -0.50332588
v 3.96805024 -0.36143389 -0.66621023
v 3.95733333 -0.33080298 -0.67785454
v 3.93391633 -0.32416072 -0.63417935
v 3.94560194 -0.29988435 -0.68760687
v 3.93290234 -0.26879999 -0.69542879
v 3.92325377 -0.29605892 -0.64304316
v 3.91171122 -0.26780653 -0.65015244
v 3.95243692 -0.37946990 -0.61133468
v 3.94365692 -0.35200101 -0.62359589
v 4.16063929 -0.36668473 -0.50218230
v 4.15259218 -0.34044987 -0.52131921
v 4.12062788 -0.25851470 -0.56939960
v 4.14321566 -0.31360561 -0.53894645
v 4.13254690 -0.28625792 -0.55499434
v 4.11247635 -0.30162853 -0.50137448
v 4.10280895 -0.27684850 -0.51591569
v 4.09200954 -0.25171006 -0.52896845
v 3.90480328 -0.20662501 -0.70516557
v 3.88951468 -0.17577977 -0.70704198
v 3.91928506 -0.23767260 -0.70128936
v 3.88617206 -0.21129601 -0.65900218
v 3.89933443 -0.23951499 -0.65547913
v 3.87227631 -0.18326093 -0.66070765
v 3.87347913 -0.14525861 -0.70691127
v 3.85676026 -0.11518196 -0.70477396
v 3.85770154 -0.15552039 -0.66058886
v 3.84250593 -0.12818390 -0.65864629
v 4.07786608 -0.17401205 -0.60222471
v 4.10750628 -0.23048545 -0.58210534
v 4.09323359 -0.20228079 -0.59306145
v 4.06718731 -0.20075589 -0.55040872
v 4.05326223 -0.17514126 -0.55871171
v 4.08012009 -0.22631244 -0.54048127
v 4.06146431 -0.14579076 -0.60955894
v 4.03840065 -0.14956963 -0.56535733
v 4.04409266 -0.11772831 -0.61503518
v 4.02266026 -0.12414195 -0.57031941
v 4.00610352 -0.09895853 -0.57357836
v 3.83942366 -0.08566854 -0.70063847
v 3.98879576 -0.07411879 -0.57512134
v 3.98686504 -0.03559577 -0.62013710
v 3.95220351 -0.02586068 -0.57304180
v 3.97080541 -0.04972074 -0.57494223
v 3.94521213 0.01637133 -0.61405092
v 3.96633577 -0.00926339 -0.61803973
v 3.93306327 -0.00263277 -0.56942749
v 3.92357802 0.04120724 -0.60818636
v 3.91346025 0.01987131 -0.56411356
v 3.84159040 0.05362794 -0.56249136
v 3.89347196 0.04156277 -0.55712104
v 4.02582073 -0.08993546 -0.61863184
v 4.00671959 -0.06252188 -0.62033474
v 4.16295910 -0.01152732 -0.51715046
v 4.14234257 0.01291848 -0.52255940
v 4.12083435 0.03692086 -0.52619070
v 3.84847689 0.07999741 -0.60425824
v 3.90151858 0.06514630 -0.60046929
v 3.87912083 0.08809405 -0.59093010
v 3.87317705 0.06235598 -0.54847747
v 3.89970446 0.11720430 -0.50164014
v 3.90276384 0.14360498 -0.54423755
v 3.88066316 0.16412537 -0.53147191
v 3.90624475 0.15583348 -0.53397089
v 3.90873742 0.15603425 -0.53332990
v 3.90754414 0.16256712 -0.52827096
v 3.85713625 0.18245117 -0.51806581
v 3.83335304 0.19930491 -0.50323522
v 3.85464883 0.18895113 -0.51219803
v 3.85510349 0.18879102 -0.51231229
v 3.85222459 0.19473258 -0.50673687
v 3.87959933 0.17217699 -0.52472913
v 3.88041306 0.17199881 -0.52477008
v 3.87844801 0.17852762 -0.51922387
v 3.94950461 0.15418233 -0.52599943
v 3.97802138 0.16648759 -0.51034129
v 4.07548666 0.08321860 -0.52807009
v 4.02763081 0.12663575 -0.52275902
v 4.05182552 0.10533123 -0.52631080
v 4.09851980 0.06038510 -0.52803004
v 4.00299692 0.14704806 -0.51742887
v 4.20119667 -0.06136188 -0.50109196
v 4.18260288 -0.03632005 -0.50998521
v 3.23661232 0.16339138 -0.49109063
v 3.23691893 0.16535239 -0.48342946
v 3.23690081 0.16537975 -0.48333633
v 3.23722863 0.16743055 -0.47445267
v 3.23196793 0.17219426 -0.45774955
v 3.23214269 0.17369083 -0.45000529
v 3.23212552 0.17371006 -0.44992080
v 3.23230910 0.17522608 -0.44088492
v 3.32029748 0.16255878 -0.43811801
v 3.22726464 0.17886685 -0.42390975
v 3.22732019 0.17989606 -0.41610709
v 3.22730398 0.17990857 -0.41603068
v 3.22735381 0.18087548 -0.40687901
v 3.22252250 0.18338260 -0.38970578
v 3.22246909 0.18394342 -0.38186890
v 3.22245359 0.18395045 -0.38180026
v 3.31965208 0.16414249 -0.43055612
v 3.31967878 0.16412453 -0.43063831
v 3.31893659 0.16573900 -0.42182353
v 3.31241798 0.16881441 -0.40586054
v 3.31171274 0.16992758 -0.39824712
v 3.31173706 0.16991626 -0.39832145
v 3.31092620 0.17097965 -0.38940045
v 3.33603716 0.14644602 -0.49354291
v 3.33607030 0.14641033 -0.49364239
v 3.33551097 0.14908937 -0.48513976
v 3.32834125 0.15425090 -0.46985143
v 3.32777023 0.15630478 -0.46236348
v 3.32779980 0.15627879 -0.46245402
v 3.32714009 0.15843269 -0.45377919
v 3.32507229 0.20161059 -0.48512289
v 3.44323826 0.13685691 -0.49880472
v 3.44201064 0.13973676 -0.49196568
v 3.44195795 0.13978027 -0.49186110
v 3.44055319 0.14285430 -0.48403344
v 3.43152642 0.14804554 -0.47037077
v 3.42869949 0.15309182 -0.45527747
v 3.43018246 0.15050887 -0.46331191
v 3.43022847 0.15047656 -0.46340743
v 3.42008877 0.15735233 -0.44114012
v 3.42465782 0.19352527 -0.48969239
v 3.42326093 0.19619893 -0.48196670
v 3.42330384 0.19616622 -0.48206338
v 3.42172146 0.19901665 -0.47318128
v 3.40756917 0.16628292 -0.40399516
v 3.40760493 0.16626756 -0.40407434
v 3.40600514 0.16783810 -0.39563343
v 3.39822268 0.17018113 -0.38075376
v 3.41870546 0.15935510 -0.43398425
v 3.41874599 0.15933207 -0.43407136
v 3.41717076 0.16143095 -0.42577112
v 3.40897250 0.16474056 -0.41122830
v 3.22237730 0.18435723 -0.37257013
v 3.21776128 0.18572366 -0.35527369
v 3.21760654 0.18581671 -0.34742621
v 3.21759152 0.18581928 -0.34736502
v 3.21739554 0.18565817 -0.33809456
v 3.21300077 0.18588099 -0.32075059
v 3.21275067 0.18550821 -0.31291521
v 3.21273637 0.18550727 -0.31286129
v 3.30473495 0.17299308 -0.37320709
v 3.30400348 0.17363071 -0.36563140
v 3.30398130 0.17363657 -0.36556464
v 3.30313635 0.17413411 -0.35663930
v 3.29727983 0.17507839 -0.34028751
v 3.29648733 0.17525424 -0.33263820
v 3.29650760 0.17525280 -0.33269766
v 3.29559350 0.17519003 -0.32367054
v 3.21242476 0.18477368 -0.30358917
v 3.20826030 0.18385449 -0.28627405
v 3.20791960 0.18301876 -0.27847248
v 3.20790601 0.18301520 -0.27842572
v 3.20748234 0.18170762 -0.26919097
v 3.20355892 0.17965293 -0.25198123
v 3.29008341 0.17506243 -0.30723271
v 3.28925920 0.17477363 -0.29959822
v 3.28927779 0.17477566 -0.29965055
v 3.28832507 0.17414331 -0.29062533
v 3.28232479 0.17219611 -0.26657563
v 3.28234148 0.17220072 -0.26662096
v 3.28135681 0.17099819 -0.25763518
v 3.28317428 0.17294578 -0.27417424
v 3.39681530 0.17126399 -0.37346393
v 3.39684701 0.17125501 -0.37353557
v 3.39524078 0.17228742 -0.36498538
v 3.38788342 0.17365266 -0.34983736
v 3.38648462 0.17427783 -0.34251180
v 3.38651299 0.17427407 -0.34257621
v 3.38491535 0.17476089 -0.33394960
v 3.37799621 0.17514168 -0.31860191
v 3.49141479 0.18178909 -0.36244074
v 3.48259711 0.18326479 -0.34869361
v 3.48058534 0.18421863 -0.34184593
v 3.48054671 0.18422423 -0.34177747
v 3.47825098 0.18511513 -0.33372152
v 3.46993852 0.18570724 -0.31966418
v 3.46794939 0.18622811 -0.31270215
v 3.46798348 0.18622732 -0.31276372
v 3.37661672 0.17531179 -0.31126159
v 3.37664199 0.17531225 -0.31131893
v 3.37506652 0.17524837 -0.30265000
v 3.36860108 0.17464270 -0.28717154
v 3.36573005 0.17374763 -0.27121148
v 3.35973573 0.17215823 -0.25567126
v 3.36724973 0.17436112 -0.27983719
v 3.36727214 0.17436488 -0.27988762
v 3.46571851 0.18660073 -0.30455333
v 3.45792913 0.18630365 -0.29025090
v 3.45601296 0.18638942 -0.28326255
v 3.45604277 0.18639249 -0.28331745
v 3.44661689 0.18505210 -0.26057059
v 3.44478393 0.18470672 -0.25357556
v 3.44480991 0.18471274 -0.25362387
v 3.45386362 0.18623918 -0.27505293
v 3.56501389 0.13830960 -0.49533105
v 3.55375934 0.14394197 -0.48413551
v 3.55168033 0.14713226 -0.47771761
v 3.55175805 0.14708215 -0.47782543
v 3.54941702 0.15047559 -0.47054890
v 3.53421187 0.16094708 -0.44476020
v 3.53866744 0.15533021 -0.45870346
v 3.53654337 0.15806942 -0.45215562
v 3.53660989 0.15803188 -0.45225450
v 3.52914667 0.19837674 -0.48209894
v 3.52694821 0.20133568 -0.47500005
v 3.52688456 0.20137405 -0.47489980
v 3.54109740 0.19302191 -0.49512160
v 3.65875816 0.17324309 -0.44445667
v 3.52394629 0.16499096 -0.43233779
v 3.52180743 0.16728190 -0.42567265
v 3.52186513 0.16725470 -0.42576328
v 3.51944423 0.16967967 -0.41807261
v 3.50965548 0.17288640 -0.40514216
v 3.50757766 0.17471264 -0.39845827
v 3.50752735 0.17473125 -0.39837542
v 3.50516224 0.17663671 -0.39059561
v 3.49585390 0.17898564 -0.37722397
v 3.64649653 0.17740828 -0.43459529
v 3.64361906 0.18029350 -0.42862859
v 3.64371133 0.18025269 -0.42872858
v 3.64048672 0.18331201 -0.42194679
v 3.62875581 0.18680102 -0.41140500
v 3.61150885 0.19459197 -0.38724962
v 3.60866332 0.19660993 -0.38102829
v 3.60873175 0.19658947 -0.38111323
v 3.62587929 0.18924946 -0.40530604
v 3.62595844 0.18921979 -0.40539828
v 3.62272048 0.19181441 -0.39840040
v 3.79719186 0.12757805 -0.37761450
v 3.81816602 0.12155915 -0.39007664
v 3.70194125 0.14000903 -0.49749559
v 3.69934273 0.14428493 -0.49191672
v 3.69950509 0.14419197 -0.49204379
v 3.69661880 0.14860354 -0.48596960
v 3.68041253 0.15775938 -0.47202727
v 3.68054414 0.15768796 -0.47214460
v 3.68316627 0.15396795 -0.47772327
v 3.67748260 0.16165459 -0.46583107
v 3.66958356 0.20027682 -0.49638289
v 3.66465831 0.16644998 -0.45672992
v 3.66181803 0.16978110 -0.45090023
v 3.66192722 0.16972664 -0.45100856
v 3.81475616 0.18110560 -0.45026439
v 3.81173897 0.18539290 -0.44536152
v 3.81150627 0.18548746 -0.44524392
v 3.80818224 0.18980157 -0.44002044
v 3.73502326 0.17808636 -0.38687542
v 3.80589104 0.16100623 -0.43358815
v 3.78177071 0.16792797 -0.41925669
v 3.79337192 0.19376180 -0.43417278
v 3.79011822 0.19753516 -0.42919689
v 3.78993487 0.19760765 -0.42908531
v 3.78634357 0.20148781 -0.42364439
v 3.75811696 0.17362884 -0.40366527
v 3.49375629 0.18038656 -0.37037316
v 3.49380040 0.18037505 -0.37044865
v 3.59482551 0.20075092 -0.36222407
v 3.60551643 0.19871187 -0.37391716
v 3.65003014 0.18320592 -0.30912232
v 3.63104653 0.18128292 -0.28741935
v 3.61312461 0.17808636 -0.26497671
v 3.73702669 0.13919106 -0.33387253
v 3.71815443 0.14086322 -0.31736520
v 3.69087768 0.18320592 -0.34996995
v 3.71258068 0.18128292 -0.36895341
v 3.67000008 0.18384777 -0.33000001
v 3.77662349 0.13253534 -0.36405677
v 3.75654197 0.13641143 -0.34945688
v 3.70000005 0.14142136 -0.30000001
v 3.68263483 0.14086322 -0.28184551
v 3.66612744 0.13919106 -0.26297334
v 3.20313144 0.17835784 -0.24423440
v 3.20311904 0.17835248 -0.24419467
v 3.20258546 0.17647249 -0.23503654
v 3.19891620 0.17329395 -0.21800850
v 3.19839311 0.17153710 -0.21030381
v 3.19840455 0.17154348 -0.21033658
v 3.19775224 0.16908929 -0.20126148
v 3.27032781 0.16245539 -0.20857161
v 3.26944184 0.16079725 -0.20110551
v 3.26945496 0.16080457 -0.20113716
v 3.26842308 0.15847112 -0.19234370
v 3.27658033 0.16873756 -0.24124359
v 3.27571034 0.16753131 -0.23370130
v 3.27572536 0.16753769 -0.23373973
v 3.27471447 0.16576716 -0.22483115
v 3.19435024 0.16480400 -0.18449074
v 3.19375682 0.16260228 -0.17691338
v 3.19374681 0.16259567 -0.17688745
v 3.19300032 0.15958758 -0.16799988
v 3.18987966 0.15421809 -0.15156065
v 3.18920588 0.15156934 -0.14409730
v 3.18919778 0.15156324 -0.14407809
v 3.18834805 0.14800531 -0.13538383
v 3.18733573 0.20108618 -0.13537435
v 3.18663764 0.19818658 -0.12728241
v 3.18662977 0.19818030 -0.12726241
v 3.26444197 0.15412529 -0.17628795
v 3.26354313 0.15202011 -0.16891749
v 3.26355433 0.15202756 -0.16894247
v 3.26250625 0.14913909 -0.16030186
v 3.25894570 0.14378150 -0.14452043
v 3.25803757 0.14123426 -0.13726492
v 3.25804639 0.14124104 -0.13728337
v 3.25698638 0.13780831 -0.12883292
v 3.25531197 0.20145471 -0.16432613
v 3.25437760 0.19914216 -0.15631233
v 3.25438857 0.19914976 -0.15633823
v 3.25329638 0.19599280 -0.14691529
v 3.24931765 0.19014890 -0.12962075
v 3.32079077 0.19887802 -0.15181971
v 3.31954980 0.19663142 -0.14405662
v 3.31956172 0.19663994 -0.14408144
v 3.31816483 0.19357303 -0.13495526
v 3.34873176 0.16481231 -0.20841844
v 3.34373355 0.16128300 -0.19296136
v 3.35841966 0.17142895 -0.24836315
v 3.35843945 0.17143512 -0.24840683
v 3.35694075 0.17026439 -0.23975922
v 3.35143566 0.16769882 -0.22422622
v 3.35017848 0.16653402 -0.21700127
v 3.35016131 0.16652627 -0.21696427
v 3.43604755 0.18195808 -0.23074117
v 3.43430567 0.18118596 -0.22375891
v 3.43432832 0.18119411 -0.22380072
v 3.44273043 0.18403131 -0.24533822
v 3.43236136 0.17998534 -0.21552777
v 3.42626262 0.17703456 -0.20088117
v 3.42461944 0.17584045 -0.19393082
v 3.42463875 0.17584990 -0.19396624
v 3.34250617 0.15967196 -0.18576504
v 3.34252095 0.15968049 -0.18579547
v 3.34113359 0.15741295 -0.17731386
v 3.33666039 0.15293722 -0.16200070
v 3.33024359 0.14269565 -0.13146684
v 3.33548474 0.15089267 -0.15488920
v 3.33549666 0.15090114 -0.15491317
v 3.33417583 0.14809561 -0.14656912
v 3.40777111 0.15976468 -0.13471320
v 3.40778399 0.15977429 -0.13473614
v 3.40621614 0.15701239 -0.12670888
v 3.40919852 0.16178739 -0.14154318
v 3.42279530 0.17411698 -0.18574044
v 3.41576314 0.16869076 -0.16420962
v 3.41577888 0.16870068 -0.16423875
v 3.41730118 0.17030180 -0.17110914
v 3.41406918 0.16644923 -0.15609482
v 3.48910189 0.18978609 -0.14311238
v 3.48729181 0.18813360 -0.13653195
v 3.48730874 0.18814512 -0.13655974
v 3.48531651 0.18586607 -0.12877449
v 3.18129420 0.12694041 -0.08798021
v 3.18046498 0.12341008 -0.08080428
v 3.18046165 0.12340722 -0.08079793
v 3.17941308 0.11879223 -0.07260307
v 3.25188494 0.12452395 -0.09806180
v 3.32344890 0.12770411 -0.09459572
v 3.32345557 0.12771004 -0.09460732
v 3.24920726 0.11723007 -0.08303271
v 3.24828982 0.11381394 -0.07606559
v 3.24829316 0.11381709 -0.07607166
v 3.24722171 0.10933906 -0.06811053
v 3.32228470 0.12386288 -0.08664584
v 3.31947780 0.11669969 -0.07215951
v 3.31848216 0.11338612 -0.06541723
v 3.31848550 0.11338959 -0.06542302
v 3.17231989 0.08750971 -0.02146083
v 3.17231846 0.08751380 -0.02146614
v 3.16973734 0.07241888 -0.00110589
v 3.17129230 0.08279700 -0.01502018
v 3.24034834 0.07896890 -0.01847764
v 3.24034977 0.07896515 -0.01847220
v 3.23945284 0.07437630 -0.01221372
v 3.17630887 0.10639503 -0.05057840
v 3.17630863 0.10639485 -0.05057805
v 3.17533708 0.10203055 -0.04382006
v 3.17721343 0.11035971 -0.05757954
v 3.17346001 0.09262575 -0.02934934
v 3.23021150 0.12474670 -0.00028799
v 3.24141765 0.08393817 -0.02613493
v 3.31174517 0.08440663 -0.01701034
v 3.31074572 0.07958505 -0.00957530
v 3.31074715 0.07958164 -0.00956972
v 3.30997539 0.07513148 -0.00348682
v 3.24500299 0.10113032 -0.05355420
v 3.24317384 0.09304831 -0.04020165
v 3.24408555 0.09728773 -0.04676155
v 3.24408579 0.09728793 -0.04676188
v 3.31739759 0.10904408 -0.05770508
v 3.31424284 0.09732536 -0.03703943
v 3.31424308 0.09732558 -0.03703974
v 3.31517053 0.10105067 -0.04361935
v 3.31338906 0.09321566 -0.03067604
v 3.18552184 0.14157970 -0.11934823
v 3.18476963 0.13848805 -0.11201852
v 3.18476367 0.13848323 -0.11200585
v 3.18381310 0.13438874 -0.10354279
v 3.18574405 0.19429618 -0.11780243
v 3.18259716 0.18730640 -0.10027473
v 3.18078780 0.17945808 -0.08309053
v 3.17800069 0.17134719 -0.06609800
v 3.18180442 0.18392886 -0.09231736
v 3.18179846 0.18392389 -0.09230413
v 3.25386071 0.13146636 -0.11339451
v 3.25294662 0.12848210 -0.10627331
v 3.25295281 0.12848745 -0.10628545
v 3.32450867 0.13060009 -0.10148039
v 3.24377298 0.17668994 -0.09561883
v 3.24836373 0.18735744 -0.12172543
v 3.24837255 0.18736437 -0.12174462
v 3.24725413 0.18361436 -0.11252584
v 3.31126189 0.18130584 -0.10179812
v 3.31377196 0.18765624 -0.11837276
v 3.31258297 0.18494277 -0.11071786
v 3.31259227 0.18495046 -0.11073622
v 3.24280238 0.17342396 -0.08786088
v 3.24280858 0.17342943 -0.08787353
v 3.24166703 0.16910069 -0.07889867
v 3.30750036 0.17440411 -0.08552764
v 3.30636692 0.17122850 -0.07799994
v 3.30637360 0.17123452 -0.07801201
v 3.30511475 0.16702613 -0.06930070
v 3.17597699 0.16246127 -0.04936088
v 3.17356443 0.15327376 -0.03297762
v 3.23771477 0.15739664 -0.05485305
v 3.23771834 0.15739986 -0.05485939
v 3.23870015 0.16113305 -0.06245404
v 3.23655725 0.15250960 -0.04616737
v 3.17152071 0.14419480 -0.01798138
v 3.16948557 0.13393614 -0.00220708
v 3.17258430 0.14894898 -0.02534949
v 3.17258406 0.14894879 -0.02534913
v 3.23212004 0.13470663 -0.01566079
v 3.23411846 0.14354169 -0.03025614
v 3.23312140 0.13933882 -0.02283286
v 3.23312163 0.13933901 -0.02283321
v 3.17711377 0.16749465 -0.05829471
v 3.17711043 0.16749173 -0.05828806
v 3.30200052 0.15917584 -0.05341356
v 3.30092621 0.15554263 -0.04603266
v 3.30092978 0.15554616 -0.04603869
v 3.29974723 0.15079086 -0.03759204
v 3.29729366 0.14203335 -0.02215637
v 3.29534149 0.13344216 -0.00796470
v 3.29628205 0.13794714 -0.01494281
v 3.29628229 0.13794737 -0.01494313
v 3.39034390 0.12593630 -0.05524443
v 3.38927889 0.12271212 -0.04873540
v 3.38928223 0.12271591 -0.04874092
v 3.38818169 0.11849627 -0.04126877
v 3.38502359 0.10709878 -0.02129220
v 3.38502383 0.10709902 -0.02129250
v 3.38268471 0.09462053 -0.00185725
v 3.38422537 0.10312320 -0.01512404
v 3.38595819 0.11071131 -0.02765599
v 3.32788467 0.13689739 -0.11630640
v 3.32912397 0.14022274 -0.12445918
v 3.32913327 0.14023034 -0.12447686
v 3.39926648 0.14584388 -0.09769943
v 3.40198660 0.15152608 -0.11230036
v 3.40067506 0.14909713 -0.10555857
v 3.40068483 0.14910561 -0.10557547
v 3.39569354 0.13955955 -0.08349626
v 3.39450288 0.13673003 -0.07686136
v 3.39450955 0.13673657 -0.07687244
v 3.39324737 0.13298810 -0.06918169
v 3.38378859 0.20024307 -0.11734628
v 3.37766719 0.19154435 -0.09411515
v 3.37765741 0.19153582 -0.09409762
v 3.37906218 0.19420500 -0.10149118
v 3.37088418 0.17795633 -0.06258092
v 3.37087750 0.17794971 -0.06256941
v 3.37215948 0.18105920 -0.06985139
v 3.37614369 0.18797299 -0.08547453
v 3.48014784 0.18097560 -0.11499453
v 3.47850084 0.17894061 -0.10846476
v 3.47851396 0.17895147 -0.10848664
v 3.47673106 0.17619872 -0.10079256
v 3.47080398 0.16818115 -0.08062457
v 3.47081375 0.16819055 -0.08064071
v 3.47228169 0.17059277 -0.08708562
v 3.46924877 0.16497497 -0.07307078
v 3.36514235 0.16255350 -0.03167475
v 3.36513877 0.16254967 -0.03166900
v 3.36046410 0.14539674 -0.00151926
v 3.36046386 0.14539650 -0.00151895
v 3.36394215 0.15792567 -0.02347646
v 3.36148643 0.14937104 -0.00851881
v 3.36629343 0.16609433 -0.03882001
v 3.36951971 0.17384844 -0.05414312
v 3.45993209 0.14528434 -0.03233448
v 3.46553445 0.15867965 -0.05949598
v 3.46423149 0.15589748 -0.05312184
v 3.46423793 0.15590462 -0.05313242
v 3.46289849 0.15223935 -0.04571928
v 3.45880938 0.14213802 -0.02606564
v 3.45881271 0.14214212 -0.02607092
v 3.45770478 0.13804252 -0.01884658
v 3.45549655 0.13046081 -0.00570803
v 3.43601346 0.19704120 -0.04859315
v 3.43315220 0.18995839 -0.03342480
v 3.43460131 0.19397622 -0.04156997
v 3.43460774 0.19398344 -0.04158094
v 3.42985082 0.18228433 -0.01866919
v 3.42862725 0.17881516 -0.01175639
v 3.42863059 0.17881931 -0.01176186
v 3.42741823 0.17431226 -0.00381431
v 3.55690718 0.05219780 -0.03072596
v 3.55458117 0.03886937 -0.00955074
v 3.62238550 0.12757805 -0.20280810
v 3.60992336 0.12155915 -0.18183395
v 3.59860611 0.11450239 -0.16053684
v 3.58847809 0.10643560 -0.13900082
v 3.56641197 0.16100623 -0.19410904
v 3.50801373 0.20168270 -0.19290157
v 3.50803828 0.20169321 -0.19294140
v 3.65054321 0.13641143 -0.24345802
v 3.63594317 0.13253534 -0.22337651
v 3.59633470 0.17362884 -0.24188298
v 3.58074331 0.16792797 -0.21822931
v 3.55339694 0.15289094 -0.16961737
v 3.54174995 0.14361414 -0.14485094
v 3.50565982 0.20038506 -0.18507287
v 3.49910927 0.19698848 -0.17132778
v 3.49714231 0.19572413 -0.16471483
v 3.49716306 0.19573554 -0.16474859
v 3.49497175 0.19393876 -0.15690526
v 3.57194591 0.08740321 -0.09555262
v 3.56560659 0.07651270 -0.07381192
v 3.52273774 0.12172689 -0.09488552
v 3.51544762 0.10920281 -0.06988370
v 3.57957959 0.09739064 -0.11731088
v 3.56058717 0.06476211 -0.05217456
v 3.50544310 0.08124068 -0.02033485
v 3.50967526 0.09568962 -0.04500075
v 3.53151655 0.13321245 -0.11990751
v 3.53917980 0.19995107 -0.05605652
v 3.53757453 0.19754477 -0.04990315
v 3.53756475 0.19753441 -0.04988775
v 3.53588963 0.19435433 -0.04264808
v 3.52930236 0.18169376 -0.01647723
v 3.52630806 0.17482570 -0.00364535
v 3.53209090 0.18803188 -0.02970242
v 3.53070283 0.18528883 -0.02360766
v 3.53069663 0.18528107 -0.02359755
v 4.13432312 -0.37284982 -0.44942239
v 4.12097263 -0.32595241 -0.48540232
v 4.12826443 -0.34972411 -0.46806213
v 4.15554571 -0.10597176 -0.40567905
v 4.32071209 -0.36496899 -0.25270039
v 4.31890154 -0.32507685 -0.30377665
v 4.28146315 -0.32167691 -0.25864518
v 4.32060432 -0.34550849 -0.27864605
v 4.31074381 -0.28162625 -0.35119969
v 4.31560993 -0.30375475 -0.32799307
v 4.26675701 -0.24334681 -0.34413654
v 4.30432129 -0.25877878 -0.37330496
v 4.27255774 -0.26398155 -0.32417214
v 4.27878666 -0.25535393 -0.31766161
v 4.27906895 -0.25638226 -0.31648946
v 4.23660564 -0.24554271 -0.28935561
v 4.24107981 -0.26184994 -0.27076787
v 4.24420786 -0.27768186 -0.25150621
v 4.27992535 -0.30322406 -0.28134194
v 4.27695274 -0.28396693 -0.30321303
v 4.28746843 -0.29267904 -0.27355772
v 4.28760195 -0.29383469 -0.27205712
v 4.28946972 -0.31044033 -0.25044098
v 4.28412151 -0.27540109 -0.29464573
v 4.28390265 -0.27429348 -0.29599327
v 4.24117947 -0.17837149 -0.39729512
v 4.24349594 -0.17591280 -0.39471769
v 4.24328423 -0.17552698 -0.39505163
v 4.28691530 -0.21128990 -0.41386709
v 4.29636812 -0.23530243 -0.39422160
v 4.27600050 -0.18683591 -0.43216389
v 4.25103712 -0.20045714 -0.38077033
v 4.25435400 -0.19594291 -0.37724909
v 4.25464201 -0.19653833 -0.37669498
v 4.23494291 -0.11179692 -0.47826841
v 4.20131016 -0.11320210 -0.44121814
v 4.20091057 -0.11269901 -0.44152999
v 4.26366711 -0.16203703 -0.44903982
v 4.24996328 -0.13699107 -0.46442825
v 4.23004007 -0.15597431 -0.41253662
v 4.23090458 -0.15507847 -0.41159070
v 4.23081589 -0.15493371 -0.41170675
v 4.21682549 -0.13414328 -0.42711845
v 4.21671629 -0.13399418 -0.42722008
v 4.22337627 -0.14379451 -0.42001998
v 4.18284273 -0.14142136 -0.38284272
v 4.16972637 -0.12366152 -0.39484268
v 4.22369480 -0.21176147 -0.32421872
v 4.20567894 -0.17687094 -0.35554576
v 4.21530914 -0.19442080 -0.34035653
v 4.25957394 -0.22214411 -0.36302745
v 4.26430655 -0.21687633 -0.35759687
v 4.26398468 -0.21610375 -0.35836762
v 4.27245712 -0.23684950 -0.33750126
v 4.27213860 -0.23593263 -0.33847967
v 4.23080301 -0.22882456 -0.30719599
v 4.19484282 -0.15918119 -0.36972648
v 4.41350365 -0.10925400 -0.25899500
v 4.24541903 -0.32171208 -0.19044925
v 4.31922483 -0.38338155 -0.22604211
v 4.28021717 -0.35588202 -0.21113583
v 4.28156090 -0.33925268 -0.23521231
v 4.28989983 -0.32750946 -0.22673166
v 4.28982019 -0.32867390 -0.22500505
v 4.28855991 -0.34495056 -0.20072626
v 4.28875685 -0.34382114 -0.20252056
v 4.23439360 -0.35935542 -0.12618808
v 4.24309301 -0.33504051 -0.16927405
v 4.23941278 -0.34760481 -0.14782543
v 4.27323437 -0.38604286 -0.16143426
v 4.27743816 -0.37149930 -0.18651076
v 4.28604555 -0.35931295 -0.17790048
v 4.28208780 -0.37286282 -0.15477999
v 4.28177643 -0.37392560 -0.15296569
v 4.27638006 -0.38663203 -0.12959979
v 4.27596521 -0.38760307 -0.12781172
v 4.24597740 -0.29297605 -0.23164664
v 4.24638176 -0.30767214 -0.21126752
v 4.28950214 -0.31161427 -0.24881308
v 4.22805405 -0.37024590 -0.10444738
v 4.22042036 -0.38023335 -0.08268912
v 4.21152163 -0.38927832 -0.06099918
v 4.41006756 -0.28603071 -0.00555922
v 4.37726212 -0.26314825 -0.00511448
v 4.38455248 -0.25062415 -0.03011629
v 4.41799164 -0.27241758 -0.03273510
v 4.42426634 -0.25772932 -0.05978179
v 4.43025970 -0.17032565 -0.18938278
v 4.39833879 -0.19118840 -0.12795764
v 4.39787388 -0.17428792 -0.15139364
v 4.43297720 -0.20781347 -0.13908438
v 4.43247175 -0.18944338 -0.16455831
v 4.39224148 -0.13849285 -0.19638306
v 4.38042307 -0.10051369 -0.23827541
v 4.38709641 -0.11973955 -0.21775894
v 4.42634964 -0.15053572 -0.21345985
v 4.42075682 -0.13015169 -0.23669448
v 4.39583874 -0.15669960 -0.17423216
v 4.39723158 -0.20733434 -0.10401665
v 4.39455700 -0.22266203 -0.07966515
v 4.43177366 -0.22536342 -0.11306157
v 4.42886591 -0.24202394 -0.08659256
v 4.39032459 -0.23711099 -0.05499925
v 3.96927404 0.05219780 -0.44309288
v 3.99044919 0.03886937 -0.44541886
v 4.07076788 -0.02099279 -0.44107959
v 4.11687851 -0.02090956 -0.48730811
v 4.14569712 -0.04921101 -0.47610238
v 4.14741087 -0.05095160 -0.47535419
v 4.12490606 -0.02845600 -0.48466328
v 4.12721634 -0.03065400 -0.48386520
v 4.13302803 -0.02363608 -0.47858459
v 4.13501883 -0.02367777 -0.47741383
v 4.13981771 -0.02096474 -0.47378397
v 4.14035654 -0.08842192 -0.41530904
v 4.12421894 -0.07108124 -0.42369467
v 4.10719585 -0.05401815 -0.43080279
v 4.08935547 -0.03730001 -0.43660542
v 4.07423210 0.01527824 -0.49583885
v 4.03164673 0.01013335 -0.44597736
v 4.05150604 -0.00516084 -0.44420770
v 4.02795744 0.04976704 -0.49833885
v 4.05139351 0.03286655 -0.49787396
v 4.01126766 0.02482942 -0.44638160
v 4.09638309 -0.00292850 -0.49224153
v 4.12046576 0.00203707 -0.47893596
v 4.12116861 -0.01685948 -0.48368633
v 4.13908577 -0.02004120 -0.47405088
v 4.13989449 -0.01931418 -0.47326466
v 4.13988256 -0.01903161 -0.47319052
v 4.12959194 -0.00494774 -0.47526345
v 4.12937069 0.00986179 -0.47047383
v 4.12904739 0.01278358 -0.46967742
v 4.10104084 0.02371486 -0.48221558
v 4.11761522 0.02709831 -0.47100937
v 4.08088732 0.04490663 -0.48387676
v 4.11683941 0.03728636 -0.46755806
v 4.11596155 0.04217149 -0.46614099
v 3.90511441 0.12172689 -0.47726229
v 3.97966504 0.08124068 -0.49455681
v 3.94782543 0.06476211 -0.43941289
v 3.93011618 0.10920281 -0.48455238
v 3.94272208 0.12765563 -0.48431844
v 3.95499921 0.09568962 -0.49032483
v 3.99461555 0.12317643 -0.47430229
v 3.90444732 0.08740321 -0.42805418
v 3.86099911 0.10643560 -0.41152185
v 3.88268924 0.09739064 -0.42042029
v 3.83946323 0.11450239 -0.40139398
v 3.92618799 0.07651270 -0.43439338
v 3.85786653 0.15195508 -0.47838390
v 3.85600543 0.15766551 -0.47321343
v 3.85554457 0.15782106 -0.47310382
v 3.87927341 0.13546415 -0.49041811
v 3.87902522 0.14255510 -0.48439345
v 3.90255880 0.12817711 -0.49248606
v 3.90506983 0.12839162 -0.49183151
v 3.90371370 0.13423163 -0.48736608
v 3.87820244 0.14272653 -0.48435920
v 3.87713456 0.14847469 -0.47938353
v 3.85514903 0.14361414 -0.45825014
v 3.85331416 0.16305751 -0.46816471
v 3.83038259 0.15289094 -0.44660309
v 3.88009238 0.13321245 -0.46848333
v 3.83629441 0.16716035 -0.46501169
v 3.83368635 0.17205626 -0.46008483
v 3.83337402 0.17217875 -0.45996454
v 3.83046985 0.17694028 -0.45492077
v 3.97205901 0.14073329 -0.46790114
v 3.98403454 0.16644631 -0.44620532
v 3.98170471 0.18152392 -0.43533802
v 3.98710918 0.18229140 -0.43368953
v 3.97449875 0.18543732 -0.43366632
v 3.98862314 0.19194402 -0.42604551
v 3.99270415 0.18972774 -0.42699224
v 3.98506093 0.19720545 -0.42266193
v 3.98147130 0.19960923 -0.42120680
v 3.98088884 0.20039393 -0.42070451
v 4.00401688 0.06591298 -0.49723169
v 4.06008482 0.06552874 -0.48391297
v 4.03871536 0.08549982 -0.48232406
v 4.01686335 0.10474102 -0.47911629
v 4.06988144 0.10905603 -0.45641521
v 4.06955385 0.11032184 -0.45587656
v 4.06642532 0.11840358 -0.45274046
v 4.10344267 0.05658791 -0.46662849
v 4.10254908 0.06310550 -0.46427718
v 4.10097504 0.06943470 -0.46228346
v 4.08743143 0.08383175 -0.46183613
v 4.08672047 0.08742552 -0.46043599
v 4.08437967 0.09479256 -0.45787558
v 4.03098392 0.15381621 -0.44323817
v 4.03277683 0.15268776 -0.44343510
v 4.02728891 0.16080688 -0.43977705
v 4.05099964 0.13235672 -0.45024887
v 4.05147457 0.13203639 -0.45027083
v 4.04733038 0.14038150 -0.44674206
v 4.01013279 0.17366053 -0.43519107
v 4.01312733 0.17190641 -0.43570483
v 4.00647831 0.17973565 -0.43176860
v 4.15139341 0.17428792 -0.39787397
v 4.12795782 0.19118840 -0.39833885
v 4.21866608 -0.08655398 -0.49050575
v 4.18376541 -0.09141511 -0.45448488
v 4.18452644 -0.09230379 -0.45398927
v 4.16653776 -0.07152744 -0.46538264
v 4.16533995 -0.07022490 -0.46602675
v 4.31943226 0.04431199 -0.38209882
v 4.32526922 -0.00000000 -0.32526913
v 4.29387760 0.04076703 -0.35153091
v 4.31018543 0.02042382 -0.33906910
v 4.30939198 0.03320513 -0.25615385
v 4.31456900 0.02767358 -0.25056374
v 4.31276178 0.02935665 -0.25250715
v 4.31103373 0.03120293 -0.25437298
v 4.30784273 0.03535534 -0.25784272
v 4.30625248 0.03764509 -0.25929338
v 4.30339289 0.04260651 -0.26187623
v 4.30476713 0.04006533 -0.26063967
v 4.30213451 0.04525861 -0.26299822
v 4.30099773 0.04801115 -0.26400122
v 4.29998636 0.05085328 -0.26488122
v 4.36855316 -0.02219980 -0.33715811
v 4.38209867 -0.04431199 -0.31943220
v 4.39413643 -0.06624930 -0.30044565
v 4.37224865 -0.08089114 -0.25785151
v 4.36260557 -0.06094936 -0.27641001
v 4.40461826 -0.08792515 -0.28027338
v 4.35153103 -0.04076703 -0.29387763
v 4.35355330 -0.00000000 -0.35355338
v 4.33715820 0.02219980 -0.36855337
v 4.33906889 -0.02042382 -0.31018546
v 4.35181856 0.03320513 -0.29858026
v 4.36081886 0.02482295 -0.28890139
v 4.36281967 0.02366664 -0.28677222
v 4.36487007 0.02269599 -0.28459767
v 4.36696148 0.02191484 -0.28238630
v 4.35518837 0.02935665 -0.29493356
v 4.35699558 0.02767358 -0.29299015
v 4.35887480 0.02616035 -0.29097676
v 4.35346031 0.03120293 -0.29679939
v 4.34867907 0.03764509 -0.30171978
v 4.35026932 0.03535534 -0.30026913
v 4.34581900 0.04260651 -0.30430263
v 4.34719372 0.04006533 -0.30306607
v 4.34456110 0.04525861 -0.30542463
v 4.34342384 0.04801115 -0.30642760
v 4.34241247 0.05085328 -0.30730763
v 4.37110043 0.02093258 -0.27775481
v 4.36867189 0.02144081 -0.28058270
v 4.36906290 0.02132626 -0.28012428
v 4.37315941 0.02073535 -0.27538064
v 4.37523222 0.02073535 -0.27301109
v 4.37730980 0.02093258 -0.27065557
v 4.37938499 0.02132626 -0.26832330
v 4.38144875 0.02191484 -0.26602358
v 4.38349295 0.02269599 -0.26376539
v 4.38550997 0.02366664 -0.26155770
v 4.38749170 0.02482295 -0.25940922
v 4.38943052 0.02616035 -0.25732842
v 4.39131832 0.02767358 -0.25532350
v 4.39314747 0.02935665 -0.25340238
v 4.39491177 0.03120293 -0.25157264
v 4.23827553 0.10051369 -0.38042322
v 4.21775913 0.11973955 -0.38709623
v 4.28027344 0.08792515 -0.40461832
v 4.30044556 0.06624930 -0.39413631
v 4.25899506 0.10925400 -0.41350350
v 4.23669434 0.13015169 -0.42075676
v 4.21345997 0.15053572 -0.42634949
v 4.19638300 0.13849285 -0.39224154
v 4.17423201 0.15669960 -0.39583886
v 4.18938255 0.17032565 -0.43025962
v 4.16455841 0.18944338 -0.43247169
v 4.27641010 0.06094936 -0.36260542
v 4.25785160 0.08089114 -0.37224886
v 4.29910469 0.05377378 -0.26563480
v 4.29835606 0.05676112 -0.26625896
v 4.29812288 0.05791851 -0.26644623
v 4.29766893 0.05980352 -0.26667649
v 4.29707909 0.06288896 -0.26691902
v 4.29663467 0.06600526 -0.26703149
v 4.29633760 0.06914014 -0.26701349
v 4.29618931 0.07228122 -0.26686502
v 4.29618979 0.07541610 -0.26658672
v 4.29633951 0.07853240 -0.26617965
v 4.29663754 0.08161784 -0.26564544
v 4.29708338 0.08466023 -0.26498622
v 4.29767418 0.08764757 -0.26420456
v 4.29840851 0.09056807 -0.26330355
v 4.29928303 0.09341020 -0.26228672
v 4.30029440 0.09616275 -0.26115814
v 4.30143881 0.09881485 -0.25992224
v 4.30271149 0.10135603 -0.25858387
v 4.30410767 0.10377627 -0.25714836
v 4.30562115 0.10606602 -0.25562131
v 4.30724716 0.10821623 -0.25400883
v 4.30897808 0.11021843 -0.25231722
v 4.31080770 0.11206470 -0.25055316
v 4.34078217 0.05676112 -0.30868536
v 4.34016991 0.05980352 -0.30917764
v 4.33978844 0.06228845 -0.30946633
v 4.33967352 0.06288896 -0.30951354
v 4.34153080 0.05377378 -0.30806121
v 4.33922911 0.06600526 -0.30962601
v 4.33893204 0.06914014 -0.30960798
v 4.33878374 0.07228122 -0.30945954
v 4.33878422 0.07541610 -0.30918121
v 4.33893394 0.07853240 -0.30877417
v 4.33923244 0.08161784 -0.30823997
v 4.33967781 0.08466023 -0.30758074
v 4.34026861 0.08764757 -0.30679905
v 4.34100294 0.09056807 -0.30589804
v 4.34187746 0.09341020 -0.30488124
v 4.34288883 0.09616275 -0.30375266
v 4.34403324 0.09881485 -0.30251673
v 4.34530592 0.10135603 -0.30117840
v 4.34670210 0.10377627 -0.29974285
v 4.34821606 0.10606602 -0.29821584
v 4.34984159 0.10821623 -0.29660332
v 4.35157251 0.11021843 -0.29491171
v 4.35340261 0.11206470 -0.29314768
v 4.35532331 0.11374778 -0.29131815
v 4.35732841 0.11526100 -0.28943038
v 4.35940933 0.11659841 -0.28749183
v 4.36155748 0.11775472 -0.28551009
v 4.36376524 0.11872536 -0.28349304
v 4.36602354 0.11950652 -0.28144863
v 4.36832333 0.12009510 -0.27938491
v 4.37065554 0.12048878 -0.27731001
v 4.39858007 0.10821623 -0.25181845
v 4.40026903 0.10606602 -0.25026911
v 4.37301111 0.12068601 -0.27523217
v 4.37538052 0.12068601 -0.27315956
v 4.37775469 0.12048878 -0.27110034
v 4.38012409 0.12009510 -0.26906270
v 4.38058281 0.11998054 -0.26867187
v 4.38238621 0.11950652 -0.26696125
v 4.38677216 0.11775472 -0.26281986
v 4.39097691 0.11526100 -0.25887477
v 4.38890123 0.11659841 -0.26081881
v 4.39299011 0.11374778 -0.25699547
v 4.38459778 0.11872536 -0.26487002
v 4.39493370 0.11206470 -0.25518829
v 4.39679956 0.11021843 -0.25346032
v 4.39387751 0.18218839 -0.25153092
v 4.31839228 0.02482295 -0.24647500
v 4.32039356 0.02366664 -0.24434583
v 4.32850599 0.02093258 -0.23516031
v 4.32244349 0.02269599 -0.24217127
v 4.32323933 0.02239883 -0.24133001
v 4.32446003 0.02191484 -0.23988515
v 4.32646799 0.02132626 -0.23752977
v 4.31644821 0.02616035 -0.24855036
v 4.33056498 0.02073535 -0.23278612
v 4.33263779 0.02073535 -0.23041660
v 4.33471537 0.02093258 -0.22806105
v 4.33679056 0.02132626 -0.22572881
v 4.33885431 0.02191484 -0.22342905
v 4.34089851 0.02269599 -0.22117089
v 4.34291553 0.02366664 -0.21896321
v 4.39660311 0.03320513 -0.24984153
v 4.39821577 0.03535534 -0.24821582
v 4.39974308 0.03764509 -0.24670200
v 4.40117836 0.04006533 -0.24530599
v 4.40251684 0.04260651 -0.24403331
v 4.40375280 0.04525861 -0.24288900
v 4.40488148 0.04801115 -0.24187757
v 4.40589809 0.05085328 -0.24100299
v 4.34489727 0.02482295 -0.21681471
v 4.34683609 0.02616035 -0.21473391
v 4.34872389 0.02767358 -0.21272899
v 4.35055304 0.02935665 -0.21080787
v 4.35231733 0.03120293 -0.20897815
v 4.35400867 0.03320513 -0.20724702
v 4.35562134 0.03535534 -0.20562132
v 4.35714817 0.03764509 -0.20410749
v 4.35858393 0.04006533 -0.20271148
v 4.35992241 0.04260651 -0.20143880
v 4.36115837 0.04525861 -0.20029449
v 4.36228657 0.04801115 -0.19928306
v 4.36330366 0.05085328 -0.19840848
v 4.48042345 0.04090767 -0.13827540
v 4.49723148 -0.06591298 -0.00401665
v 4.49787378 -0.03286655 -0.05139364
v 4.44638157 -0.02482942 -0.01126751
v 4.49833870 -0.04976704 -0.02795764
v 4.49224138 0.00292850 -0.09638306
v 4.49583864 -0.01527824 -0.07423215
v 4.48709631 0.02168181 -0.11775893
v 4.44107962 0.02099279 -0.07076788
v 4.43660545 0.03730001 -0.08935560
v 4.44597721 -0.01013335 -0.03164664
v 4.44420767 0.00516084 -0.05150623
v 4.31272888 0.11374778 -0.24872366
v 4.31473398 0.11526100 -0.24683589
v 4.31681490 0.11659841 -0.24489731
v 4.31896305 0.11775472 -0.24291559
v 4.32117081 0.11872536 -0.24089853
v 4.32342911 0.11950652 -0.23885411
v 4.32572889 0.12009510 -0.23679039
v 4.32806110 0.12048878 -0.23471551
v 4.33041668 0.12068601 -0.23263766
v 4.40679884 0.05377378 -0.24026875
v 4.40758085 0.05676112 -0.23967771
v 4.40823984 0.05980352 -0.23923223
v 4.40877438 0.06288896 -0.23893405
v 4.40918112 0.06600526 -0.23878436
v 4.40945959 0.06914014 -0.23878375
v 4.40960789 0.07228122 -0.23893221
v 4.40962601 0.07541610 -0.23922916
v 4.40951347 0.07853240 -0.23967342
v 4.40946627 0.07913291 -0.23978822
v 4.40730762 0.09056807 -0.24241258
v 4.40917778 0.08161784 -0.24016990
v 4.40868521 0.08466023 -0.24078234
v 4.40806103 0.08764757 -0.24153088
v 4.36420441 0.05377378 -0.19767424
v 4.36498642 0.05676112 -0.19708320
v 4.36564541 0.05980352 -0.19663772
v 4.36617947 0.06288896 -0.19633955
v 4.36658669 0.06600526 -0.19618985
v 4.36686516 0.06914014 -0.19618924
v 4.36701345 0.07228122 -0.19633770
v 4.36703157 0.07541610 -0.19663465
v 4.36691904 0.07853240 -0.19707891
v 4.36644602 0.08350284 -0.19812295
v 4.36667633 0.08161784 -0.19766875
v 4.36625910 0.08466023 -0.19835593
v 4.36488104 0.09056807 -0.19998617
v 4.36563492 0.08764757 -0.19910447
v 4.34434605 0.11775472 -0.22039343
v 4.33278608 0.12068601 -0.23056504
v 4.33516026 0.12048878 -0.22850585
v 4.33752966 0.12009510 -0.22646818
v 4.33988523 0.11950652 -0.22446010
v 4.34133005 0.11902253 -0.22323915
v 4.34217119 0.11872536 -0.22244361
v 4.40642738 0.09341020 -0.24342394
v 4.40542459 0.09616275 -0.24456097
v 4.40430260 0.09881485 -0.24581921
v 4.40306616 0.10135603 -0.24719366
v 4.40171957 0.10377627 -0.24867892
v 4.36187601 0.09881485 -0.20339280
v 4.36063957 0.10135603 -0.20476726
v 4.35929346 0.10377627 -0.20625252
v 4.35615396 0.10821623 -0.20939204
v 4.35784292 0.10606602 -0.20784271
v 4.36400127 0.09341020 -0.20099753
v 4.36299801 0.09616275 -0.20213456
v 4.35056353 0.11374778 -0.21456906
v 4.34855032 0.11526100 -0.21644838
v 4.34647512 0.11659841 -0.21839240
v 4.35437298 0.11021843 -0.21103393
v 4.35250711 0.11206470 -0.21276186
v 4.45153093 0.10065433 -0.19387764
v 4.43906927 0.12099754 -0.21018545
v 4.39484262 0.12366152 -0.16972648
v 4.40567923 0.10597176 -0.15554577
v 4.47224903 0.06053022 -0.15785152
v 4.46260548 0.08047200 -0.17641000
v 4.41530895 0.08842192 -0.14035653
v 4.41018534 0.16184518 -0.23906909
v 4.36972666 0.15918119 -0.19484270
v 4.35554600 0.17687094 -0.20567906
v 4.34035635 0.19442080 -0.21530905
v 4.42526913 0.14142136 -0.22526912
v 4.38284254 0.14142136 -0.18284272
v 4.42369461 0.07108124 -0.12421871
v 4.43080282 0.05401815 -0.10719600
v 2.70601392 -0.83837122 0.00204598
v 2.52912092 -0.79444754 0.01266514
v 2.53503752 -0.78605056 0.02588951
v 2.53573132 -0.78512746 0.02763512
v 2.54321337 -0.77529812 0.04684145
v 2.54937816 -0.76615685 0.05938829
v 2.55013037 -0.76510113 0.06110682
v 2.55001354 -0.74593925 0.00003505
v 2.55688405 -0.73695576 0.01780745
v 2.56261873 -0.72841650 0.02936482
v 2.56332445 -0.72742575 0.03097696
v 2.57057452 -0.71739680 0.04800112
v 2.57651210 -0.70821065 0.05888344
v 2.57727194 -0.70709336 0.06046041
v 2.55802083 -0.75414306 0.07949903
v 2.56440639 -0.74430001 0.09131670
v 2.56521773 -0.74310720 0.09300089
v 2.57348490 -0.73106581 0.11050897
v 2.58487201 -0.69606066 0.07667147
v 2.58006239 -0.72056723 0.12154916
v 2.58093405 -0.71923268 0.12319113
v 2.71493435 -0.81680775 0.03528280
v 2.72561622 -0.77815455 0.00541935
v 2.72439981 -0.79327196 0.06699584
v 2.73437285 -0.76785678 0.09705997
v 2.73434949 -0.75643915 0.03467953
v 2.74355125 -0.73298973 0.06241832
v 2.75318503 -0.70789886 0.08852623
v 2.58954477 -0.70615745 0.13974890
v 2.59628391 -0.69505322 0.14996690
v 2.59721684 -0.69357216 0.15155809
v 2.74481416 -0.74066257 0.12535650
v 2.75568271 -0.71179658 0.15177378
v 2.89546585 -0.84916848 0.02244326
v 3.07820010 -0.85852259 0.02394175
v 2.89932299 -0.82486212 0.05345269
v 2.90707397 -0.78747123 0.02117513
v 2.91098022 -0.76338112 0.04824607
v 2.90356565 -0.79869598 0.08285663
v 2.90817738 -0.77077323 0.11053902
v 2.91522574 -0.73767388 0.07373206
v 2.91979432 -0.71045083 0.09753253
v 3.07661033 -0.83418626 0.05381789
v 3.08211374 -0.79651892 0.02140053
v 3.08089852 -0.77248818 0.04740051
v 3.07528734 -0.80802470 0.08212321
v 3.07423615 -0.78014123 0.10874601
v 3.07993293 -0.74687564 0.07185499
v 3.07922077 -0.71978253 0.09466747
v 3.07876515 -0.69131565 0.11574792
v 2.91313934 -0.74120408 0.13639063
v 2.91843271 -0.71010530 0.16030940
v 3.07296491 -0.71965486 0.15653083
v 3.07346106 -0.75064582 0.13358122
v 2.59098601 -0.68627000 0.08683444
v 2.59180069 -0.68502259 0.08836877
v 2.59972000 -0.67303157 0.10370535
v 2.60598302 -0.66268218 0.11310802
v 2.60685301 -0.66130090 0.11459165
v 2.76321292 -0.68126553 0.11290025
v 2.60613680 -0.67951638 0.16710344
v 2.61300659 -0.66785979 0.17645839
v 2.61400151 -0.66622728 0.17798948
v 2.61506033 -0.64840043 0.12899607
v 2.62144375 -0.63754106 0.13760106
v 2.62236953 -0.63602227 0.13902529
v 2.63083220 -0.62226444 0.15244384
v 2.62319565 -0.65124762 0.19246460
v 2.63016391 -0.63909537 0.20091988
v 2.63122201 -0.63730639 0.20238070
v 2.64065409 -0.62146276 0.21573232
v 2.63730669 -0.61094683 0.16021764
v 2.63828850 -0.60928679 0.16157302
v 2.64697337 -0.59472680 0.17395608
v 2.65350914 -0.58300537 0.18086930
v 2.64768767 -0.60887474 0.22325575
v 2.64857626 -0.60732985 0.22434874
v 2.64880967 -0.60692400 0.22463515
v 2.64913225 -0.60635662 0.22501116
v 2.77359533 -0.65319484 0.13544418
v 2.76693559 -0.68137270 0.17620754
v 2.78429127 -0.62379760 0.15606903
v 2.77852798 -0.64951110 0.19856137
v 2.65486956 -0.58063304 0.18252166
v 2.65454698 -0.58120042 0.18214564
v 2.65844297 -0.59027940 0.23681475
v 2.66342020 -0.56589609 0.19344792
v 2.67086291 -0.55227852 0.20047325
v 2.67140293 -0.55130810 0.20103808
v 2.66701698 -0.57463413 0.24504101
v 2.66643047 -0.57568848 0.24442755
v 2.68010759 -0.53588617 0.21084243
v 2.68757939 -0.52190351 0.21691287
v 2.68814588 -0.52085990 0.21742500
v 2.69696999 -0.50481546 0.22607096
v 2.70443940 -0.49052703 0.23116457
v 2.70503187 -0.48940921 0.23161767
v 2.71394062 -0.47280651 0.23907341
v 2.72137642 -0.45827365 0.24317278
v 2.72199440 -0.45708069 0.24356008
v 2.73095274 -0.43998575 0.24979846
v 2.92466736 -0.68181950 0.11955353
v 2.89620686 -0.63816935 0.14806134
v 2.92982626 -0.65189290 0.13970816
v 2.92403603 -0.67759955 0.18220098
v 2.89160776 -0.66403115 0.19046840
v 2.85192895 -0.63179654 0.20976122
v 2.87059331 -0.62820232 0.21169725
v 2.86935353 -0.62677598 0.21250570
v 2.87932372 -0.62299341 0.21439806
v 2.85842991 -0.60844088 0.16584566
v 2.87569523 -0.60510600 0.16765009
v 2.87443233 -0.60367435 0.16846105
v 2.88361549 -0.60017329 0.17021641
v 2.86969471 -0.57757640 0.18221539
v 2.87926435 -0.57210082 0.18467328
v 2.87906790 -0.57143945 0.18499693
v 2.88652611 -0.56606621 0.18723127
v 2.86448455 -0.59841347 0.22745730
v 2.87487888 -0.59249896 0.23010156
v 2.87469482 -0.59184051 0.23042373
v 2.88279152 -0.58604902 0.23282528
v 2.87913823 -0.54526252 0.19676767
v 2.87484622 -0.56338578 0.24322538
v 2.88262606 -0.55660713 0.24571250
v 2.88260651 -0.55617648 0.24588941
v 2.88957047 -0.54930639 0.24820563
v 3.04254222 -0.65211511 0.14049499
v 3.03795290 -0.67782295 0.18299420
v 3.07274985 -0.68729073 0.17750426
v 3.00086117 -0.62790906 0.15429233
v 3.01543355 -0.62127358 0.15792543
v 3.01693225 -0.62254494 0.15724377
v 3.02370167 -0.61674535 0.16022877
v 3.07856774 -0.66158748 0.13501315
v 3.14520741 -0.62932658 0.15401325
v 2.99391675 -0.65135944 0.19809192
v 3.00987315 -0.64428377 0.20195979
v 3.01134849 -0.64555281 0.20127878
v 3.01887822 -0.63937199 0.20445482
v 3.00051451 -0.61731225 0.21550108
v 3.13784671 -0.65293080 0.19766447
v 3.15202904 -0.64404625 0.20246437
v 3.15370727 -0.64512694 0.20192532
v 3.13863254 -0.61901498 0.21432197
v 3.00658512 -0.59654111 0.17033611
v 3.01492953 -0.59005082 0.17330885
v 3.01462340 -0.58941519 0.17360219
v 3.02097082 -0.58327991 0.17620638
v 3.01060081 -0.56403446 0.18444546
v 3.01652336 -0.55707395 0.18708366
v 3.01642442 -0.55664563 0.18724960
v 3.14555550 -0.59819901 0.16930036
v 3.15255141 -0.59088314 0.17265598
v 3.15214229 -0.59028774 0.17291108
v 3.14435911 -0.56620967 0.18256332
v 3.14899325 -0.55874181 0.18540724
v 3.14882612 -0.55832744 0.18555565
v 3.00960994 -0.61027473 0.21871524
v 3.00931621 -0.60964042 0.21900813
v 3.01623058 -0.60300440 0.22181964
v 3.00500798 -0.58198231 0.23083237
v 3.02163768 -0.54967088 0.18968122
v 3.01148367 -0.57443339 0.23368256
v 3.01139379 -0.57400614 0.23384808
v 3.01708674 -0.56646556 0.23647045
v 3.00920367 -0.54570389 0.24391860
v 3.14589095 -0.61045676 0.21822175
v 3.14628744 -0.61105245 0.21796612
v 3.15152550 -0.60315114 0.22132333
v 3.13746405 -0.58414876 0.22877753
v 3.15279651 -0.55092555 0.18814908
v 3.14255571 -0.57601964 0.23186412
v 3.14239764 -0.57560515 0.23201282
v 3.14675570 -0.56757623 0.23482150
v 3.13608217 -0.54843134 0.24101077
v 3.13994789 -0.54016113 0.24354742
v 3.13987064 -0.53984278 0.24363987
v 2.88628268 -0.53898895 0.19908169
v 2.88625431 -0.53855616 0.19925976
v 2.89265752 -0.53218001 0.20141767
v 2.88829374 -0.51198882 0.20922914
v 2.89426994 -0.50493771 0.21131232
v 2.89425254 -0.50526041 0.21120395
v 2.90001822 -0.49790895 0.21317612
v 2.89741421 -0.47795337 0.21951057
v 2.90269828 -0.47066742 0.22113417
v 2.90266657 -0.47092456 0.22106653
v 2.90800452 -0.46317238 0.22259337
v 2.90655684 -0.44331235 0.22755808
v 2.91136980 -0.43586302 0.22869600
v 2.91133451 -0.43607602 0.22865500
v 2.91635466 -0.42802104 0.22968543
v 2.91572595 -0.40821207 0.23333405
v 2.92019010 -0.40065393 0.23397221
v 2.92015529 -0.40083477 0.23394978
v 2.92492509 -0.39255214 0.23444967
v 3.01440167 -0.53066611 0.19648448
v 3.01915264 -0.52341586 0.19869749
v 3.01911879 -0.52309191 0.19879985
v 3.02364230 -0.51557010 0.20088410
v 3.01441193 -0.53784221 0.24630514
v 3.01438522 -0.53751922 0.24640709
v 3.01933837 -0.52938873 0.24865228
v 3.01824951 -0.49659520 0.20639066
v 3.02231503 -0.48914582 0.20813990
v 3.02230692 -0.48888567 0.20820417
v 3.02637696 -0.48097217 0.20985338
v 3.14303064 -0.53344178 0.19378671
v 3.14653444 -0.52584285 0.19612707
v 3.14645004 -0.52552456 0.19621935
v 3.14971471 -0.51768315 0.19841364
v 3.14346933 -0.53133857 0.24601476
v 3.14183164 -0.50001705 0.20293273
v 3.14468670 -0.49231499 0.20476985
v 3.14463925 -0.49205714 0.20482752
v 3.14745092 -0.48389831 0.20655820
v 3.14085007 -0.46606511 0.20996711
v 3.02221823 -0.46196514 0.21411979
v 3.02583575 -0.45437807 0.21538526
v 3.02583909 -0.45416158 0.21542424
v 3.02959108 -0.44595763 0.21658650
v 3.02633047 -0.42691675 0.21963899
v 3.02963138 -0.41924074 0.22040987
v 3.02964020 -0.41905645 0.22043099
v 3.03058887 -0.39159071 0.22292508
v 3.03315711 -0.41063794 0.22107252
v 3.14329338 -0.45828995 0.21130030
v 3.14326501 -0.45807427 0.21133463
v 3.14577055 -0.44967970 0.21256344
v 3.14012504 -0.43171918 0.21486267
v 3.14228988 -0.42390168 0.21569213
v 3.14227223 -0.42371750 0.21570978
v 3.14456344 -0.41515067 0.21641168
v 3.13967681 -0.39711478 0.21760027
v 2.67649221 -0.55782056 0.25562871
v 2.68451142 -0.54283410 0.26220906
v 2.68512869 -0.54169649 0.26276693
v 2.69473052 -0.52421433 0.27209994
v 2.70274734 -0.50889719 0.27762371
v 2.70339537 -0.50767428 0.27811879
v 2.71308613 -0.48959339 0.28616342
v 2.72106600 -0.47401255 0.29061139
v 2.72174454 -0.47270244 0.29103583
v 2.73148632 -0.45409435 0.29776368
v 2.73939514 -0.43831879 0.30112171
v 2.74010348 -0.43691981 0.30146703
v 2.73832345 -0.42527130 0.25289086
v 2.73896599 -0.42400262 0.25320512
v 2.74793887 -0.40648264 0.25820380
v 2.75521326 -0.39165083 0.26028135
v 2.74985862 -0.41785726 0.30685493
v 2.75766158 -0.40195763 0.30911425
v 2.75839925 -0.40046841 0.30937129
v 2.88483763 -0.52729774 0.25673613
v 2.89133835 -0.52002889 0.25885350
v 2.89136267 -0.51970792 0.25896090
v 2.89762616 -0.51213592 0.26095772
v 2.89476705 -0.49037531 0.26788592
v 2.90050554 -0.48278490 0.26954696
v 2.90054321 -0.48252934 0.26961368
v 2.90633535 -0.47445634 0.27117211
v 2.90470910 -0.45279163 0.27661404
v 2.90993524 -0.44498146 0.27777514
v 2.90997577 -0.44476989 0.27781531
v 2.91542673 -0.43632475 0.27886492
v 2.91467285 -0.41470695 0.28287861
v 2.91952348 -0.40675014 0.28351596
v 2.91956306 -0.40657058 0.28353760
v 2.92474961 -0.39784759 0.28403288
v 3.01342416 -0.50865662 0.25468794
v 3.01789165 -0.50058216 0.25656855
v 3.01788974 -0.50032288 0.25663242
v 3.02235794 -0.49177018 0.25840583
v 3.01776361 -0.47099870 0.26309103
v 3.13481402 -0.51199669 0.25097993
v 3.13797665 -0.50361711 0.25296664
v 3.13793516 -0.50335932 0.25302440
v 3.14104819 -0.49451181 0.25489590
v 3.13376880 -0.47498646 0.25864741
v 3.13648605 -0.46653140 0.26008347
v 3.13646293 -0.46631578 0.26011783
v 3.02174687 -0.46277928 0.26444396
v 3.02175570 -0.46256354 0.26448256
v 3.02588534 -0.45369825 0.26572806
v 3.02225137 -0.43288419 0.26909149
v 3.02589345 -0.42457360 0.26990518
v 3.02590680 -0.42439002 0.26992592
v 3.02978754 -0.41529429 0.27060696
v 3.02689409 -0.39446655 0.27266380
v 3.13924932 -0.45721355 0.26144451
v 3.13299513 -0.43754622 0.26398352
v 3.13541222 -0.42904988 0.26486930
v 3.13539934 -0.42886579 0.26488695
v 3.13795829 -0.41957772 0.26564166
v 3.13251901 -0.39982370 0.26696730
v 3.13472414 -0.39132029 0.26730496
v 2.92490506 -0.37279606 0.23681255
v 2.92909312 -0.36517501 0.23694400
v 2.92906046 -0.36533108 0.23693511
v 2.93362212 -0.35688326 0.23688097
v 2.93406892 -0.33720741 0.23797794
v 2.93802643 -0.32956383 0.23760074
v 2.93799663 -0.32970002 0.23760198
v 2.94237542 -0.32114181 0.23697777
v 2.94318867 -0.30158892 0.23682436
v 2.94694376 -0.29395944 0.23594041
v 2.94691706 -0.29407915 0.23594931
v 2.95112753 -0.28546056 0.23474468
v 2.95223236 -0.26608315 0.23335555
v 2.95580316 -0.25850141 0.23196979
v 2.95577955 -0.25860706 0.23198453
v 2.95982885 -0.24997473 0.23019381
v 3.03365278 -0.38386789 0.22319630
v 3.03366351 -0.38370863 0.22320430
v 3.03699827 -0.37513795 0.22330211
v 3.03498769 -0.35612813 0.22396426
v 3.03786445 -0.34839645 0.22373478
v 3.03787565 -0.34825745 0.22373290
v 3.04106236 -0.33958933 0.22327131
v 3.03951573 -0.32067034 0.22275177
v 3.14164519 -0.38928568 0.21792765
v 3.14163399 -0.38912621 0.21793294
v 3.14377093 -0.38044122 0.21809085
v 3.13951755 -0.36238873 0.21816906
v 3.14134216 -0.35457838 0.21799776
v 3.14133501 -0.35443905 0.21799371
v 3.14335871 -0.34568465 0.21759607
v 3.13965368 -0.32767859 0.21656676
v 3.14137053 -0.31991658 0.21590191
v 3.14136577 -0.31979415 0.21589069
v 3.04223824 -0.31296480 0.22202383
v 3.04224920 -0.31284267 0.22201444
v 3.04530954 -0.30412701 0.22098324
v 3.04416013 -0.28535858 0.21929201
v 3.04674959 -0.27771169 0.21807051
v 3.04675984 -0.27760398 0.21805538
v 3.04970741 -0.26888746 0.21644886
v 3.04890513 -0.25033355 0.21359843
v 3.14330411 -0.31101596 0.21493034
v 3.14008927 -0.29312208 0.21279965
v 3.14172268 -0.28543693 0.21164808
v 3.14171934 -0.28532904 0.21163140
v 3.14359140 -0.27657056 0.21010479
v 3.14082527 -0.25885639 0.20688267
v 3.14239192 -0.25127545 0.20525275
v 3.14238954 -0.25118029 0.20523195
v 2.96116757 -0.23083209 0.22758466
v 2.96456480 -0.22332896 0.22570461
v 2.96454453 -0.22342245 0.22572371
v 2.96843386 -0.21482052 0.22334540
v 2.97319102 -0.18858051 0.21716949
v 2.97317386 -0.18866323 0.21719180
v 2.97690034 -0.18013394 0.21422808
v 2.96996117 -0.19597660 0.21953422
v 2.86633873 -0.15034822 0.24567001
v 2.86711168 -0.14851889 0.24509417
v 2.88044906 -0.11665916 0.23422098
v 2.88122344 -0.11477857 0.23349363
v 2.87499714 -0.13008171 0.23992182
v 2.88883281 -0.09653559 0.22708166
v 2.97857976 -0.16165599 0.20923606
v 2.98164511 -0.15439294 0.20639795
v 2.98163080 -0.15446597 0.20642243
v 2.98518896 -0.14604987 0.20287903
v 2.98699069 -0.12800746 0.19673112
v 3.14465809 -0.18444456 0.18614550
v 3.14465570 -0.18437093 0.18611965
v 3.14638853 -0.17591898 0.18290491
v 3.05137610 -0.24277551 0.21189049
v 3.05138493 -0.24268040 0.21187103
v 3.05422711 -0.23400740 0.20968740
v 3.05373406 -0.21573484 0.20569347
v 3.05609536 -0.20829371 0.20350809
v 3.05610275 -0.20820975 0.20348546
v 3.05884242 -0.19962288 0.20072642
v 3.05862975 -0.18170041 0.19560851
v 3.06088662 -0.17440206 0.19295621
v 3.06089258 -0.17432816 0.19293138
v 3.05779529 -0.18584862 0.24849193
v 3.14186096 -0.22501779 0.19883932
v 3.14420843 -0.24248353 0.20313883
v 3.14337254 -0.21756698 0.19674082
v 3.14337039 -0.21748313 0.19671701
v 3.14514422 -0.20888890 0.19406021
v 3.13493419 -0.21221575 0.24651206
v 3.14319372 -0.19174087 0.18870170
v 3.13664699 -0.20415689 0.24421032
v 3.13664746 -0.20407277 0.24418633
v 3.13866711 -0.19476119 0.24129465
v 3.13639283 -0.17594016 0.23545966
v 3.06357384 -0.14836597 0.18338379
v 3.06572914 -0.14123420 0.18027622
v 3.06573367 -0.14116949 0.18025009
v 3.06826329 -0.13287659 0.17635851
v 2.99516129 -0.09516543 0.18206944
v 3.06854796 -0.11586452 0.16906826
v 3.07060218 -0.10892105 0.16551785
v 3.07060504 -0.10886479 0.16549122
v 3.07302237 -0.10077695 0.16104871
v 3.14481950 -0.15915811 0.17651033
v 3.14624119 -0.15203905 0.17350824
v 3.14623880 -0.15197477 0.17348120
v 3.14793205 -0.14370379 0.16971712
v 3.14976430 -0.11237050 0.15454902
v 3.14892650 -0.09659064 0.14616975
v 3.14673281 -0.12739924 0.16231403
v 3.14811444 -0.12047854 0.15887851
v 3.14811182 -0.12042289 0.15885104
v 3.06352901 -0.16586846 0.18960197
v 3.05742812 -0.16619810 0.24294662
v 3.05993748 -0.15834692 0.24004547
v 3.05994606 -0.15827295 0.24002017
v 3.06289768 -0.14914437 0.23639756
v 2.98989177 -0.12090106 0.19343221
v 2.98988056 -0.12096527 0.19345801
v 2.99326205 -0.11270138 0.18934397
v 2.99021840 -0.13042291 0.24978429
v 2.99205709 -0.11064885 0.24314140
v 2.99523234 -0.10311539 0.23957261
v 2.99524617 -0.10305121 0.23954603
v 3.06281114 -0.12994610 0.22964935
v 3.06520772 -0.12228115 0.22625759
v 3.06521463 -0.12221618 0.22623092
v 3.06805015 -0.11326833 0.22199909
v 3.13805294 -0.16805536 0.23266225
v 3.13805318 -0.16798134 0.23263614
v 3.14002919 -0.15882453 0.22913852
v 3.13817120 -0.14042209 0.22216828
v 3.13978314 -0.13273510 0.21888876
v 3.13978291 -0.13267031 0.21886139
v 3.14171529 -0.12370979 0.21476702
v 3.14182925 -0.09833574 0.20294377
v 3.14182854 -0.09827946 0.20291591
v 3.14026356 -0.10580335 0.20669129
v 2.75587940 -0.39030623 0.26051491
v 2.76483202 -0.37242943 0.26425624
v 2.77197909 -0.35754547 0.26531613
v 2.77266765 -0.35612518 0.26546082
v 2.78156590 -0.33796051 0.26793191
v 2.78855515 -0.32309023 0.26797640
v 2.78926420 -0.32159510 0.26802376
v 2.76813054 -0.38102522 0.31340125
v 2.77579355 -0.36507335 0.31455857
v 2.77655935 -0.36349294 0.31471753
v 2.78622985 -0.34374350 0.31737688
v 2.79371905 -0.32781228 0.31743458
v 2.79451180 -0.32614028 0.31748495
v 2.79807425 -0.30321190 0.26921627
v 2.80487537 -0.28842148 0.26825300
v 2.80560303 -0.28685296 0.26819408
v 2.81429172 -0.26832074 0.26810429
v 2.82087588 -0.25367618 0.26614618
v 2.82161975 -0.25203651 0.26597187
v 2.80408525 -0.30615932 0.31876606
v 2.81136751 -0.29032207 0.31773248
v 2.81218505 -0.28855875 0.31766304
v 2.82162619 -0.26842093 0.31756333
v 2.92464375 -0.37627795 0.28665090
v 2.92919850 -0.36823297 0.28675193
v 2.92923546 -0.36807808 0.28676006
v 2.93420458 -0.35915276 0.28667024
v 2.93459582 -0.33766034 0.28791356
v 2.93890429 -0.32957694 0.28747305
v 2.93893790 -0.32944182 0.28747109
v 2.94371748 -0.32037878 0.28677517
v 2.94449830 -0.29900944 0.28666002
v 2.94859076 -0.29093155 0.28567806
v 2.94862127 -0.29081279 0.28566846
v 2.95322680 -0.28166965 0.28435263
v 2.96267867 -0.24317205 0.27941576
v 2.95431757 -0.26048031 0.28289407
v 2.95821333 -0.25244728 0.28137493
v 2.95824003 -0.25234240 0.28135949
v 2.82866907 -0.25275114 0.31545272
v 2.82950950 -0.25089759 0.31525180
v 3.03028011 -0.38611132 0.27293310
v 3.03029537 -0.38595271 0.27294073
v 3.03398395 -0.37669423 0.27303240
v 3.03168654 -0.35589951 0.27379268
v 3.03487062 -0.34754154 0.27351701
v 3.03488612 -0.34740308 0.27351478
v 3.03841925 -0.33804113 0.27300012
v 3.03661823 -0.31733710 0.27247283
v 3.13471723 -0.39116088 0.26731023
v 3.13711405 -0.38174570 0.26747441
v 3.13235450 -0.36196816 0.26758683
v 3.13440537 -0.35349125 0.26738057
v 3.13440204 -0.35335198 0.26737645
v 3.13668036 -0.34386265 0.26693758
v 3.13251042 -0.32412964 0.26583958
v 3.03963566 -0.30901480 0.27165526
v 3.03965020 -0.30889314 0.27164549
v 3.04305100 -0.29948169 0.27051350
v 3.04167509 -0.27893308 0.26870888
v 3.04454851 -0.27068207 0.26735550
v 3.04456186 -0.27057472 0.26733997
v 3.04784441 -0.26116425 0.26558447
v 3.13444519 -0.31571186 0.26509553
v 3.13444400 -0.31558946 0.26508427
v 3.13663387 -0.30607545 0.26403451
v 3.13299155 -0.28645837 0.26173231
v 3.13483644 -0.27813110 0.26045865
v 3.13483644 -0.27802315 0.26044187
v 3.13695812 -0.26853165 0.25877735
v 3.13379955 -0.24910419 0.25528127
v 2.83015442 -0.23342475 0.26460034
v 2.83649397 -0.21899132 0.26166570
v 2.83725119 -0.21728376 0.26136672
v 2.84555578 -0.21524793 0.31060624
v 2.84641600 -0.21330629 0.31026161
v 2.84560013 -0.19866163 0.25871825
v 2.85166788 -0.18450353 0.25483081
v 2.85243511 -0.18273233 0.25439793
v 2.85548925 -0.19307740 0.30741137
v 2.86283803 -0.17593400 0.30271330
v 2.86196113 -0.17796035 0.30321410
v 2.96401882 -0.22222732 0.27662987
v 2.96772885 -0.21427463 0.27458110
v 2.96775222 -0.21418177 0.27456129
v 2.97202468 -0.20503367 0.27198648
v 2.97709656 -0.17656334 0.26532352
v 2.97711658 -0.17648107 0.26530051
v 2.97356629 -0.18440372 0.26789171
v 2.83878326 -0.23067731 0.31377345
v 2.86056733 -0.16416858 0.25048125
v 2.87167788 -0.15576960 0.29850221
v 2.87782145 -0.14103501 0.29330760
v 2.87871051 -0.13892883 0.29263806
v 2.89307451 -0.10461660 0.28092790
v 2.89397097 -0.10243716 0.28007740
v 2.88728523 -0.11890114 0.28708109
v 2.98121881 -0.16740192 0.26209590
v 2.98292422 -0.14716113 0.25671408
v 2.98627710 -0.13946158 0.25363871
v 2.98629379 -0.13938878 0.25361347
v 3.04684091 -0.24084081 0.26251534
v 3.04958510 -0.23269387 0.26063478
v 3.04959726 -0.23259896 0.26061490
v 3.05276847 -0.22323729 0.25823396
v 3.05209804 -0.20321235 0.25391656
v 3.05472255 -0.19519959 0.25151953
v 3.05473280 -0.19511572 0.25149643
v 3.13557243 -0.24089715 0.25348786
v 3.13557291 -0.24080181 0.25346690
v 3.13763976 -0.23137824 0.25118732
v 3.15269613 -0.06038819 0.12387870
v 3.15269256 -0.06034809 0.12385263
v 3.08252835 -0.03975610 0.12448131
v 3.08345628 -0.02463297 0.11419224
v 3.15425372 -0.05284097 0.11851962
v 3.15412092 -0.03830990 0.10830436
v 3.15538430 -0.03209632 0.10364611
v 3.15538073 -0.03206329 0.10362180
v 3.15688801 -0.02488023 0.09780105
v 3.09644246 0.04205905 0.05590514
v 3.02014303 0.00351594 0.12077056
v 3.02014112 0.00348144 0.12079395
v 3.02270651 0.01077615 0.11455043
v 3.02919793 0.03855899 0.09106077
v 3.03133273 0.05250603 0.07876247
v 3.02481961 0.02557676 0.10315859
v 3.02686715 0.03161716 0.09776284
v 3.02686667 0.03158916 0.09778386
v 3.08835649 0.00328373 0.09216917
v 3.09187722 0.01623210 0.08047983
v 3.08999109 0.00929092 0.08697774
v 3.08998919 0.00931825 0.08695640
v 3.15710139 -0.01106888 0.08673548
v 3.08519864 -0.01833305 0.10936787
v 3.08723283 -0.01107564 0.10336886
v 3.08519959 -0.01836701 0.10939159
v 3.09319019 0.02976514 0.06842221
v 3.09471226 0.03549846 0.06285256
v 3.09470987 0.03551951 0.06283430
v 3.09161091 0.04139775 0.12480855
v 3.09160995 0.04142580 0.12478651
v 3.09372234 0.04889709 0.11775044
v 3.15159893 0.02098300 0.12430135
v 3.15460491 0.03482805 0.11195946
v 3.15297103 0.02739583 0.11882149
v 3.15296817 0.02742298 0.11879906
v 3.15511870 0.04912769 0.09899933
v 2.90201950 -0.06366256 0.21201143
v 2.89394426 -0.08356784 0.22053032
v 2.89471507 -0.08164434 0.21964367
v 2.90677190 -0.05120297 0.20465320
v 2.90753341 -0.04924646 0.20360066
v 2.91450524 -0.03159238 0.19477060
v 2.92152548 -0.03386585 0.24896179
v 2.92241859 -0.03156757 0.24771574
v 2.91888285 -0.01968990 0.18665317
v 2.91962886 -0.01771192 0.18542968
v 2.93023038 0.01084980 0.16660167
v 2.93095446 0.01283611 0.16520411
v 2.92624092 -0.00045162 0.17542721
v 2.93718004 0.02963683 0.15405762
v 2.94146657 0.04227877 0.14300534
v 2.94077158 0.04029879 0.14457770
v 2.93001747 -0.01237476 0.23824537
v 2.93461418 0.00019257 0.22950473
v 2.93549514 0.00253195 0.22804712
v 2.94271064 0.02130719 0.21732350
v 2.94687724 0.03319734 0.20783237
v 2.94773793 0.03556240 0.20615700
v 2.99789739 -0.08823707 0.17832318
v 2.99788880 -0.08829314 0.17834948
v 3.00108361 -0.08021899 0.17367709
v 3.00305963 -0.06326108 0.16530982
v 3.00861955 -0.04873011 0.15594083
v 3.01065516 -0.03242162 0.14651966
v 3.01305389 -0.02590528 0.14192078
v 3.01305008 -0.02594659 0.14194585
v 3.00562859 -0.05653002 0.16113017
v 3.00562239 -0.05657849 0.16115622
v 3.07353234 -0.08432556 0.15271933
v 3.07548499 -0.07759025 0.14873907
v 3.07548642 -0.07754188 0.14871268
v 3.07778478 -0.06969593 0.14373340
v 3.15187526 -0.08204292 0.13746062
v 3.15026927 -0.08988789 0.14231366
v 3.15026617 -0.08984027 0.14228652
v 3.15139246 -0.06685484 0.12814237
v 3.14418197 -0.06499331 0.18488972
v 3.14418054 -0.06494498 0.18486212
v 3.07850838 -0.05387470 0.13440275
v 3.08035755 -0.04736569 0.13000576
v 3.08035779 -0.04732473 0.12998034
v 3.07840753 -0.04456057 0.18652752
v 3.07907391 -0.02719469 0.17637312
v 3.14535832 -0.03981224 0.16943832
v 3.14601541 -0.05649628 0.17961355
v 3.14683104 -0.03283982 0.16479741
v 3.14682889 -0.03279896 0.16477081
v 3.14860606 -0.02466291 0.15897048
v 3.00747228 -0.05899673 0.21810544
v 3.07051110 -0.08714460 0.21020992
v 3.07051611 -0.08708794 0.21018270
v 3.06822705 -0.09460136 0.21407804
v 3.07322812 -0.07836132 0.20535375
v 2.99898243 -0.09424073 0.23510125
v 3.00392556 -0.06766799 0.22318041
v 3.00393629 -0.06761175 0.22315329
v 3.00092936 -0.07501332 0.22722806
v 3.00950694 -0.04039738 0.20903809
v 3.01565027 -0.02482887 0.19886449
v 3.01232100 -0.03325925 0.20452650
v 3.01232910 -0.03321043 0.20449959
v 3.07365489 -0.06030522 0.19629537
v 3.14371467 -0.08955544 0.19823693
v 3.14266229 -0.07222210 0.18909098
v 3.07582498 -0.05307608 0.19196540
v 3.07582831 -0.05302717 0.19193836
v 3.01583743 -0.01835853 0.13620581
v 3.01791811 -0.00276980 0.12577471
v 3.02038407 -0.00002509 0.18368413
v 3.02038980 0.00001672 0.18365817
v 3.02348137 0.00812881 0.17745480
v 3.03093219 0.03974671 0.15396124
v 3.02564359 0.02522653 0.16613135
v 3.02808213 0.03190309 0.16073525
v 3.02808547 0.03193820 0.16071098
v 3.08446264 0.00459829 0.15439187
v 3.08639693 0.01132261 0.14918061
v 3.08639717 0.01135728 0.14915617
v 3.14834118 -0.00870273 0.14781266
v 3.14976501 -0.00200268 0.14274576
v 3.14976239 -0.00196886 0.14272089
v 3.15147352 0.00581877 0.13638932
v 3.08112764 -0.02021031 0.17159562
v 3.08112931 -0.02016871 0.17156951
v 3.08356476 -0.01199916 0.16559497
v 3.08979988 0.03494744 0.13044058
v 3.08867717 0.01919448 0.14263897
v 3.01775575 -0.00693957 0.18864499
v 2.95046592 0.06854426 0.12066736
v 2.95112491 0.07050192 0.11892223
v 2.95649910 0.08618643 0.10558481
v 2.95989227 0.09739655 0.09305067
v 2.96773577 0.12285905 0.06549312
v 2.96717095 0.12099788 0.06756515
v 2.96480298 0.11242441 0.07867289
v 2.95927691 0.09547826 0.09496347
v 2.97853565 0.16030937 0.02002865
v 2.97411776 0.14500539 0.03857753
v 2.97215819 0.13716461 0.05011660
v 2.97462511 0.14679156 0.03635805
v 2.98053479 0.16910206 0.00575950
v 2.98009038 0.16740845 0.00811141
v 2.98441958 0.14339428 0.11267371
v 2.98680377 0.15224220 0.10081044
v 2.98749065 0.15451102 0.09827460
v 3.04094219 0.08963554 0.03895890
v 3.03911185 0.08341974 0.04654494
v 3.03911328 0.08340394 0.04655919
v 3.03743196 0.07791214 0.05268457
v 3.04458284 0.10691571 0.01853709
v 3.04458451 0.10690560 0.01854704
v 3.04309368 0.10169574 0.02502964
v 3.04614711 0.11272693 0.01055386
v 3.10090947 0.06630295 0.02974245
v 3.10525990 0.08886774 0.00209578
v 3.10386658 0.08315271 0.00985566
v 3.10386443 0.08316229 0.00984551
v 3.10258102 0.07801215 0.01614474
v 3.09934115 0.06016679 0.03709676
v 3.09934354 0.06015167 0.03711129
v 3.09793782 0.05470714 0.04304679
v 3.10670757 0.12171537 0.04094737
v 3.10670543 0.12172537 0.04093684
v 3.10529280 0.11616760 0.04777207
v 3.03319860 0.05828700 0.07298836
v 3.03319955 0.05826524 0.07300632
v 3.03528500 0.06488018 0.06583016
v 3.04021358 0.08517832 0.11511587
v 3.05069804 0.12534276 0.07194765
v 3.04683805 0.11272775 0.08682075
v 3.04867792 0.11861645 0.08019294
v 3.04867673 0.11863284 0.08017806
v 3.04456854 0.09846999 0.10110285
v 3.04225826 0.09134161 0.10888738
v 3.04225802 0.09136404 0.10886867
v 3.09867883 0.07699103 0.09102802
v 3.15643620 0.05523904 0.09311880
v 3.15643311 0.05525988 0.09309956
v 3.09674788 0.06989586 0.09857547
v 3.09674621 0.06991759 0.09855656
v 3.09506464 0.06373285 0.10461615
v 3.10023570 0.09084146 0.07702293
v 3.10178709 0.09670387 0.07058488
v 3.10178494 0.09671958 0.07056982
v 3.10352635 0.10336483 0.06257776
v 3.05863738 0.16243753 0.02522607
v 3.05461645 0.14411525 0.04980030
v 3.05461502 0.14412582 0.04978992
v 3.05298710 0.13851398 0.05681730
v 3.05633402 0.15041153 0.04112716
v 3.06145477 0.17357624 0.00876404
v 3.06004953 0.16773687 0.01782975
v 3.06004834 0.16774185 0.01782447
v 2.99927282 0.19518681 0.04924390
v 3.11148930 0.14483106 0.00978022
v 3.11148787 0.14483571 0.00977484
v 3.11021614 0.13961335 0.01698095
v 3.11281657 0.15053958 0.00095253
v 3.10824513 0.12791359 0.03251271
v 2.99431658 0.17819768 0.06948698
v 2.99493670 0.18038462 0.06676149
v 2.99237490 0.17015335 0.08178713
v 2.94727921 0.05855422 0.13074616
v 2.95910025 0.06739555 0.18213412
v 2.95826888 0.06502262 0.18403029
v 2.96546602 0.08512810 0.16899632
v 2.96953869 0.09790847 0.15607536
v 2.97901416 0.12698402 0.12808509
v 2.97826958 0.12465750 0.13041614
v 2.97543812 0.11501519 0.14178173
v 2.96874595 0.09554775 0.15819156
v 2.95454240 0.05385096 0.19421008
v 3.03538346 0.06239892 0.13577020
v 3.03538489 0.06242759 0.13574834
v 3.03797102 0.06990019 0.12847692
v 3.03313947 0.05597303 0.14158846
v 2.90225005 -0.08261754 0.27319312
v 2.90855932 -0.06660306 0.26508281
v 2.90766120 -0.06884726 0.26612589
v 2.91651273 -0.04706196 0.25689310
v 3.26600313 -0.86650723 0.00953789
v 3.25912476 -0.84471202 0.03932414
v 3.45730186 -0.84729797 0.01070063
v 3.26181650 -0.80507618 0.00896373
v 3.25562978 -0.78339112 0.03494562
v 3.23935747 -0.76848871 0.11964846
v 3.25237322 -0.82104707 0.06767824
v 3.24577546 -0.79560584 0.09448828
v 3.24958396 -0.76007837 0.05951264
v 3.23800945 -0.70894396 0.10402022
v 3.24370289 -0.73522997 0.08256783
v 3.44582462 -0.82863677 0.03992195
v 3.44490361 -0.78759080 0.01138460
v 3.43437505 -0.76881301 0.03689586
v 3.43430519 -0.80809200 0.06783377
v 3.42278910 -0.78574485 0.09432594
v 3.42384934 -0.74838781 0.06110956
v 3.40297246 -0.70292389 0.10526755
v 3.41336799 -0.72639585 0.08393014
v 3.41132164 -0.76168352 0.11929390
v 3.23314428 -0.73980278 0.14305949
v 3.22716069 -0.70966113 0.16462898
v 3.39994788 -0.73600286 0.14263910
v 3.38871312 -0.70880437 0.16426943
v 3.64643669 -0.80025905 0.02732165
v 3.63116002 -0.78518516 0.05559934
v 3.61565161 -0.76824939 0.08267146
v 3.63989115 -0.75718266 0.00279453
v 3.62596607 -0.74344254 0.02857016
v 3.61183000 -0.72800529 0.05324689
v 3.59997272 -0.74951869 0.10843115
v 3.59753823 -0.71093190 0.07672732
v 3.58314776 -0.69228971 0.09891879
v 3.82772684 -0.72567075 0.05873100
v 3.80951881 -0.71448427 0.08578700
v 3.79087973 -0.70149583 0.11172120
v 3.56835151 -0.70697469 0.15561222
v 3.58418536 -0.72906685 0.13277677
v 3.23252654 -0.68132406 0.12378512
v 3.22727537 -0.65247935 0.14178455
v 3.18501496 -0.67316550 0.18687481
v 3.22143006 -0.67818278 0.18427178
v 3.18962049 -0.64761591 0.14428449
v 3.15977812 -0.62214589 0.15794080
v 3.15807605 -0.62106574 0.15847866
v 3.16529059 -0.61565888 0.16122058
v 3.15991282 -0.63815963 0.20544668
v 3.28056407 -0.63625330 0.20820294
v 3.29272532 -0.62584281 0.21372917
v 3.29456973 -0.62670839 0.21334340
v 3.29936695 -0.61915326 0.21707760
v 3.15729451 -0.58355612 0.17577258
v 3.28830433 -0.61243951 0.16472894
v 3.29925370 -0.60282975 0.16982938
v 3.30112147 -0.60369176 0.16944659
v 3.30530930 -0.59670776 0.17289594
v 3.28356910 -0.58225739 0.17887008
v 3.28913379 -0.57431692 0.18247488
v 3.28863072 -0.57377547 0.18268465
v 3.29253793 -0.56662035 0.18569125
v 3.27582073 -0.60322767 0.22368523
v 3.28144598 -0.59400910 0.22782780
v 3.28193665 -0.59455246 0.22761655
v 3.28573918 -0.58621758 0.23109901
v 3.27749395 -0.55144876 0.19092773
v 3.28057814 -0.54326612 0.19398706
v 3.28080964 -0.54365748 0.19386120
v 3.26932406 -0.56954581 0.23687130
v 3.27276778 -0.56064004 0.24019596
v 3.27299047 -0.56103259 0.24006912
v 3.27576256 -0.55230916 0.24307342
v 3.39270401 -0.67806458 0.12503755
v 3.38260269 -0.65191609 0.14316215
v 3.37766147 -0.68019527 0.18409953
v 3.33425474 -0.62458658 0.15904449
v 3.37270880 -0.62458146 0.15956980
v 3.32960653 -0.64997679 0.20172283
v 3.36683655 -0.65028852 0.20205110
v 3.42700863 -0.57740086 0.18591480
v 3.47331309 -0.58334893 0.18414897
v 3.41893482 -0.60147494 0.22918697
v 3.42889142 -0.58984971 0.23522541
v 3.43086123 -0.59047800 0.23500080
v 3.43420696 -0.58254087 0.23881653
v 3.46859479 -0.60858196 0.22691019
v 3.43787742 -0.56736422 0.19122696
v 3.43588543 -0.56674248 0.19144693
v 3.44071174 -0.56007874 0.19472292
v 3.41759801 -0.54881340 0.19857047
v 3.42110419 -0.53998029 0.20245109
v 3.42168975 -0.54045534 0.20229271
v 3.40906978 -0.57004380 0.24312082
v 3.41301727 -0.56039804 0.24735816
v 3.41359067 -0.56087655 0.24719740
v 3.27137518 -0.51992863 0.20098715
v 3.27349377 -0.51184922 0.20342645
v 3.27362657 -0.51215518 0.20334809
v 3.27549839 -0.50386184 0.20562480
v 3.28328633 -0.53561157 0.19663338
v 3.26270676 -0.53509378 0.24786872
v 3.26546717 -0.48778421 0.20903243
v 3.26703453 -0.47974589 0.21090513
v 3.26712012 -0.47999614 0.21085708
v 3.26859832 -0.47151330 0.21261410
v 3.25986791 -0.45513046 0.21503933
v 3.26109409 -0.44711688 0.21637218
v 3.26115346 -0.44732746 0.21634501
v 3.26237154 -0.43870047 0.21756719
v 3.25463104 -0.42209145 0.21898708
v 3.25563812 -0.41410613 0.21979643
v 3.25568128 -0.41428667 0.21978436
v 3.25672674 -0.40555614 0.22046128
v 3.40708184 -0.51978725 0.20911579
v 3.39661217 -0.49010003 0.21771456
v 3.39745975 -0.48203513 0.22005706
v 3.39763737 -0.48232222 0.21999611
v 3.39823484 -0.47407085 0.22216053
v 3.42375016 -0.53257680 0.20549390
v 3.40908384 -0.51185578 0.21202792
v 3.40879345 -0.51149601 0.21212675
v 3.41025257 -0.50376117 0.21472268
v 3.38643026 -0.45980820 0.22436966
v 3.38679767 -0.45185772 0.22612464
v 3.38691926 -0.45209530 0.22608905
v 3.38715506 -0.44371709 0.22771657
v 3.37664104 -0.42901200 0.22906645
v 3.37681413 -0.42133501 0.23025733
v 3.37672544 -0.42113364 0.23027501
v 3.37682247 -0.41285723 0.23134416
v 3.36731052 -0.39782497 0.23179120
v 3.56871510 -0.67215222 0.11973371
v 3.81611776 -0.68305403 0.03529945
v 3.79956841 -0.67288667 0.05989050
v 3.78262758 -0.66108155 0.08346196
v 3.76536179 -0.64768523 0.10592079
v 3.55253410 -0.68332928 0.17684737
v 3.55429721 -0.65059906 0.13908996
v 3.53995085 -0.62771517 0.15691112
v 3.53679514 -0.65822411 0.19639844
v 3.52119708 -0.63175803 0.21418826
v 3.52573299 -0.60359091 0.17312686
v 3.51169944 -0.57832152 0.18767320
v 3.50580120 -0.60403574 0.23014663
v 3.73311877 -0.65226579 0.18179403
v 3.73012900 -0.61633658 0.14715080
v 3.77188325 -0.68675673 0.13643125
v 3.75260425 -0.67032510 0.15981963
v 3.74783921 -0.63275063 0.12717837
v 3.71350384 -0.63265008 0.20226775
v 3.69442582 -0.57933509 0.18293029
v 3.71230102 -0.59850800 0.16575925
v 3.69383693 -0.61155540 0.22115996
v 3.67419529 -0.58906496 0.23839614
v 3.67657351 -0.55889368 0.19859615
v 3.55826879 -0.52476782 0.21681210
v 3.56498337 -0.51337552 0.22257259
v 3.56705546 -0.51374036 0.22251952
v 3.56854606 -0.50634843 0.22594465
v 3.53025913 -0.47163734 0.23648317
v 3.54469109 -0.49835360 0.22769971
v 3.54665375 -0.48938754 0.23151521
v 3.54730821 -0.48978519 0.23141307
v 3.54805493 -0.48190823 0.23449130
v 3.60378599 -0.52462411 0.21874498
v 3.65881515 -0.53726435 0.21269502
v 3.64122033 -0.51453245 0.22517122
v 3.53064346 -0.46342289 0.23933905
v 3.53098583 -0.46374318 0.23927112
v 3.53089786 -0.45577371 0.24178948
v 3.51596212 -0.44429353 0.24338165
v 3.51559997 -0.43641108 0.24553348
v 3.51581836 -0.43667334 0.24549301
v 3.51520538 -0.42863044 0.24745244
v 3.50202346 -0.41635302 0.24841322
v 3.50126052 -0.40864667 0.24996491
v 3.50141478 -0.40886673 0.24994428
v 3.82037210 -0.49062353 0.23546885
v 3.79964161 -0.47300163 0.24883547
v 3.41594386 -0.55230814 0.25068125
v 3.26508951 -0.52629471 0.25051895
v 3.26521516 -0.52660155 0.25043988
v 3.26732492 -0.51760292 0.25290886
v 3.25629091 -0.49996227 0.25666314
v 3.25806952 -0.49120581 0.25869560
v 3.25814915 -0.49145675 0.25864699
v 3.25983119 -0.48224792 0.26055324
v 3.23921847 -0.39178014 0.26959315
v 3.25019789 -0.46427536 0.26322901
v 3.25160432 -0.45554596 0.26467219
v 3.25165844 -0.45575714 0.26464456
v 3.25305939 -0.44638857 0.26597092
v 3.24449253 -0.42816806 0.26754412
v 3.24566078 -0.41947106 0.26841554
v 3.24569941 -0.41965210 0.26840308
v 3.24691582 -0.41016877 0.26913780
v 3.39769244 -0.53820527 0.25469694
v 3.39964747 -0.52914292 0.25798586
v 3.39992929 -0.52950501 0.25788543
v 3.38629150 -0.50566053 0.26412892
v 3.40128541 -0.52069581 0.26081985
v 3.38729167 -0.49684131 0.26668754
v 3.38746262 -0.49713019 0.26662537
v 3.38818908 -0.48814481 0.26898444
v 3.37517667 -0.47246045 0.27142680
v 3.36447716 -0.43871111 0.27657682
v 3.36463809 -0.43009418 0.27789441
v 3.36472178 -0.43029675 0.27787590
v 3.37564802 -0.46376461 0.27334264
v 3.37576365 -0.46400362 0.27330607
v 3.37609506 -0.45487592 0.27508208
v 3.36480641 -0.42105725 0.27906427
v 3.35427213 -0.40453538 0.27956486
v 3.35425043 -0.39598536 0.28031120
v 3.35431361 -0.39615986 0.28030595
v 3.48881936 -0.42974451 0.29475251
v 3.48819900 -0.42150211 0.29643506
v 3.48804998 -0.42127991 0.29645705
v 3.48725033 -0.41263035 0.29798394
v 3.47404408 -0.39847293 0.29822984
v 3.54991531 -0.54914677 0.25986272
v 3.59897113 -0.54970556 0.26158190
v 3.65465665 -0.56526750 0.25390822
v 3.63529825 -0.54025704 0.26763502
v 3.55755019 -0.53663641 0.26619706
v 3.55960131 -0.53701061 0.26613781
v 3.56149268 -0.52889889 0.26990843
v 3.53544569 -0.51994401 0.27193296
v 3.53771567 -0.51010478 0.27612281
v 3.53835893 -0.51050735 0.27601749
v 3.53928566 -0.50190270 0.27938563
v 3.51973271 -0.49053189 0.28161818
v 3.52057242 -0.48183727 0.28468448
v 3.52023792 -0.48151356 0.28475460
v 3.52055883 -0.47313026 0.28744078
v 3.50409389 -0.46046019 0.28921446
v 3.50398040 -0.45206836 0.29153591
v 3.50376844 -0.45180351 0.29157805
v 3.50338507 -0.44327712 0.29368326
v 3.50048089 -0.40075359 0.25135446
v 3.65215516 -0.45378670 0.30921462
v 3.64428735 -0.40778077 0.27217707
v 3.64342189 -0.39981735 0.27478242
v 3.64380813 -0.40009126 0.27474850
v 3.64254332 -0.39240932 0.27700245
v 3.65279126 -0.44398206 0.31322411
v 3.65348935 -0.44429943 0.31317785
v 3.65304732 -0.43584809 0.31632268
v 3.61347556 -0.40017682 0.32234609
v 3.61191201 -0.39185295 0.32442299
v 3.61215997 -0.39208829 0.32440352
v 3.63273120 -0.42729685 0.31679228
v 3.63186002 -0.41851279 0.31967041
v 3.63223910 -0.41879109 0.31963381
v 3.63093472 -0.41036353 0.32211471
v 3.67062044 -0.48021135 0.29925925
v 3.67588377 -0.46715447 0.30567694
v 3.67797017 -0.46726346 0.30578354
v 3.71791553 -0.47445592 0.30467486
v 3.82084417 -0.52218378 0.27424678
v 3.79796576 -0.50273597 0.28899843
v 3.77515769 -0.48203826 0.30206183
v 3.67919230 -0.45549005 0.25644457
v 3.66203928 -0.43174475 0.26534358
v 3.68372011 -0.44368371 0.26223582
v 3.68582535 -0.44378078 0.26234990
v 3.68601871 -0.43647143 0.26559547
v 3.72285247 -0.44951692 0.26177144
v 3.67844343 -0.45918027 0.30939031
v 3.66251040 -0.42285663 0.26897272
v 3.66321850 -0.42316768 0.26893038
v 3.66271424 -0.41546711 0.27178764
v 3.77897501 -0.45424724 0.26067239
v 3.75845385 -0.43443432 0.27093288
v 3.75251007 -0.46017238 0.31338549
v 3.77838778 -0.39598256 0.34620959
v 3.86256433 -0.74246860 0.00168474
v 3.84543204 -0.73501116 0.03065999
v 3.83220983 -0.69154346 0.00978585
v 3.97879124 -0.58353937 0.08095779
v 3.96044922 -0.57705307 0.10420523
v 4.05184221 -0.63573611 0.02143812
v 4.03395700 -0.63382888 0.04964704
v 4.01521111 -0.63015449 0.07711235
v 3.99567842 -0.62472737 0.10372566
v 4.02968168 -0.59351450 0.00639614
v 4.01347589 -0.59178638 0.03195655
v 3.99649024 -0.58845699 0.05684317
v 3.97543573 -0.61756891 0.12938194
v 3.90229869 -0.54846781 0.16784631
v 3.95456314 -0.60870743 0.15397994
v 3.93314314 -0.59817785 0.17742258
v 3.94153643 -0.56902355 0.12649375
v 3.92212725 -0.55948257 0.14773539
v 3.91125989 -0.58602178 0.19961734
v 3.86645126 -0.55702811 0.23991814
v 3.88899994 -0.57228714 0.22047664
v 4.14945698 -0.41925415 0.04345801
v 4.15915489 -0.46215487 0.09201366
v 4.15987873 -0.46125832 0.09243928
v 4.15977812 -0.46127623 0.09256491
v 4.15176630 -0.46216106 0.10182804
v 4.14026737 -0.46327546 0.11490282
v 4.14045191 -0.46326837 0.11470826
v 4.11736536 -0.42370594 0.08184551
v 4.13387251 -0.42203376 0.06297335
v 4.09999990 -0.42426407 0.10000000
v 4.08184528 -0.42370594 0.11736519
v 3.88212872 -0.53602272 0.18674715
v 3.86169720 -0.52219641 0.20436330
v 3.84108448 -0.50704336 0.22062527
v 3.99410915 -0.44384894 0.23358814
v 3.96961737 -0.43573365 0.24660307
v 3.96053696 -0.39734510 0.20139398
v 3.98183393 -0.40440187 0.19007665
v 4.14518404 -0.49949819 0.16061868
v 4.12379169 -0.49635074 0.18479212
v 4.07863951 -0.48537508 0.23000577
v 4.10158110 -0.49163681 0.20795162
v 4.07459545 -0.46100503 0.17736402
v 4.07610989 -0.46120727 0.17613581
v 4.06297350 -0.42203376 0.13387254
v 4.04345798 -0.41925415 0.14945689
v 4.02337646 -0.41537803 0.16405675
v 4.00280809 -0.41042078 0.17761451
v 4.11937571 -0.46386573 0.13662954
v 4.11993456 -0.46387893 0.13608912
v 4.09745884 -0.46311054 0.15747853
v 4.09846067 -0.46319133 0.15659101
v 4.02911711 -0.45338067 0.21206000
v 4.03049469 -0.45201451 0.21288826
v 4.02782011 -0.45308214 0.21293497
v 4.05296659 -0.45793331 0.19464903
v 4.05086899 -0.45754910 0.19620310
v 4.04365826 -0.44163474 0.21779595
v 4.01822948 -0.45077068 0.21925668
v 4.03126860 -0.43233022 0.23229605
v 4.01984310 -0.43258798 0.23727608
v 4.04163504 -0.44096676 0.21958600
v 4.04358292 -0.43885159 0.22061726
v 4.04350805 -0.43840289 0.22109820
v 4.03016233 -0.42164433 0.24266955
v 4.02958250 -0.41934979 0.24500833
v 4.23704910 -0.49152267 0.02799986
v 4.22093821 -0.49626887 0.05574546
v 4.20362568 -0.49944896 0.08298640
v 4.18518019 -0.50105035 0.10961517
v 4.20599985 -0.45354989 0.01830264
v 4.21090698 -0.44709897 0.02138625
v 4.21035814 -0.44736406 0.02231007
v 4.19144964 -0.45783642 0.04336113
v 4.19513464 -0.45308506 0.04562427
v 4.19468832 -0.45324835 0.04630175
v 4.17761469 -0.41042078 0.00280810
v 4.16405678 -0.41537803 0.02337651
v 4.17581415 -0.46070853 0.06796383
v 4.17810488 -0.45781273 0.06933998
v 4.17780685 -0.45789185 0.06974994
v 4.16567373 -0.50106680 0.13552669
v 3.84370279 -0.54030502 0.25786513
v 3.89488554 -0.40456960 0.27726230
v 3.86988378 -0.39204553 0.28455240
v 3.98141479 -0.44543341 0.30550069
v 3.94485092 -0.42645687 0.25825012
v 3.91990757 -0.41605514 0.26848334
v 3.97512364 -0.41192430 0.26892802
v 3.95237207 -0.39972094 0.28276494
v 3.90547013 -0.40101951 0.34675613
v 3.95622349 -0.43192145 0.32082140
v 3.93087530 -0.41709733 0.33459133
v 4.03093004 -0.46831295 0.27045459
v 4.05505848 -0.47759020 0.25086755
v 4.00634956 -0.45757988 0.28868964
v 3.99764371 -0.42289439 0.25374508
v 4.01636171 -0.41237915 0.25584063
v 4.01505852 -0.40486708 0.26274467
v 4.01381111 -0.40108502 0.26636297
v 3.99969792 -0.39319327 0.27668369
v 3.24979281 -0.38879550 0.22086151
v 3.25065756 -0.38085160 0.22115935
v 3.25069022 -0.38100830 0.22115855
v 3.25162339 -0.37221301 0.22128306
v 3.24538207 -0.35537305 0.22065592
v 3.24142146 -0.32195580 0.21837150
v 3.24615526 -0.34748888 0.22045262
v 3.24618053 -0.34762597 0.22046039
v 3.24704456 -0.33880389 0.22002809
v 3.23793054 -0.28867579 0.21401756
v 3.23861694 -0.28097501 0.21284252
v 3.23863339 -0.28108126 0.21286185
v 3.23944354 -0.27231809 0.21131259
v 3.23492575 -0.25566480 0.20761156
v 3.23559952 -0.24808924 0.20596686
v 3.23561311 -0.24818289 0.20598994
v 3.24213862 -0.31415227 0.21767713
v 3.24215889 -0.31427282 0.21769145
v 3.24298453 -0.30546147 0.21670043
v 3.35848951 -0.36636651 0.23253545
v 3.35831285 -0.35861105 0.23271827
v 3.35836601 -0.35876206 0.23272361
v 3.36722732 -0.39000663 0.23247816
v 3.36729503 -0.39018008 0.23247361
v 3.36716580 -0.38163105 0.23301712
v 3.35816240 -0.35017169 0.23272221
v 3.35022068 -0.33475882 0.23129749
v 3.35000110 -0.32707724 0.23099032
v 3.35004377 -0.32720965 0.23100318
v 3.34981155 -0.31860921 0.23045662
v 3.34254169 -0.30312586 0.22808297
v 3.34231472 -0.29553366 0.22729848
v 3.34234977 -0.29565021 0.22731711
v 3.34212375 -0.28707206 0.22622670
v 3.33548617 -0.27159214 0.22290508
v 3.33530736 -0.26421010 0.22167853
v 3.33527827 -0.26410732 0.22165553
v 3.33511400 -0.25568742 0.22004734
v 3.45050335 -0.29317906 0.24929704
v 3.45056248 -0.29330438 0.24931629
v 3.44931531 -0.28506389 0.24858238
v 3.45164132 -0.30053174 0.24977434
v 3.44069242 -0.27111050 0.24543032
v 3.43959403 -0.26384956 0.24449323
v 3.43964291 -0.26396012 0.24451725
v 3.43844509 -0.25574741 0.24325790
v 3.23111105 -0.18371287 0.18620570
v 3.23112106 -0.18378508 0.18623327
v 3.23196745 -0.17538893 0.18303634
v 3.23642445 -0.23950513 0.20388535
v 3.23242092 -0.22305375 0.19917913
v 3.23309493 -0.21562558 0.19707645
v 3.23310661 -0.21570797 0.19710223
v 3.23393130 -0.20715266 0.19444762
v 3.22026992 -0.21064813 0.24589792
v 3.23042750 -0.19097216 0.18875396
v 3.22108006 -0.20258416 0.24359441
v 3.22108889 -0.20266716 0.24362013
v 3.22208023 -0.19336812 0.24073394
v 3.21809745 -0.17558834 0.23450452
v 3.32336402 -0.20932016 0.20675047
v 3.32319665 -0.19387759 0.20194051
v 3.32324719 -0.20210810 0.20460807
v 3.32326770 -0.20218775 0.20463653
v 3.31834841 -0.17882855 0.19583848
v 3.31829500 -0.17178217 0.19326894
v 3.31831241 -0.17185187 0.19329883
v 3.30611777 -0.19011270 0.24978594
v 3.30613613 -0.19019325 0.24981418
v 3.30614686 -0.18112521 0.24688262
v 3.22895455 -0.15954752 0.17637782
v 3.22965384 -0.15247768 0.17339690
v 3.22966290 -0.15254055 0.17342542
v 3.23053598 -0.14433981 0.16969635
v 3.22963881 -0.11412842 0.15448014
v 3.22759390 -0.09916563 0.14597854
v 3.22800851 -0.12890474 0.16210026
v 3.22872806 -0.12204384 0.15870003
v 3.22873616 -0.12209810 0.15872878
v 3.31405830 -0.14892840 0.18309246
v 3.31409144 -0.14212734 0.18013966
v 3.31407642 -0.14206675 0.18010914
v 3.31419182 -0.13416646 0.17641480
v 3.31051183 -0.11973847 0.16856347
v 3.31081700 -0.10539670 0.16099003
v 3.31060696 -0.11307986 0.16517997
v 3.31061983 -0.11313201 0.16521043
v 3.21732879 -0.13358209 0.21772206
v 3.21733570 -0.13364571 0.21775071
v 3.21891689 -0.16771296 0.23171701
v 3.21892452 -0.16778584 0.23174460
v 3.21993947 -0.15865904 0.22826810
v 3.21649408 -0.14124720 0.22097899
v 3.21837854 -0.12473042 0.21369462
v 3.21632099 -0.10032684 0.20166418
v 3.21632719 -0.10038192 0.20169315
v 3.21546698 -0.10776153 0.20537563
v 3.31832266 -0.16369928 0.19008283
v 3.30068064 -0.16456750 0.24017687
v 3.30069685 -0.15688737 0.23736437
v 3.30071235 -0.15695800 0.23739411
v 3.30081129 -0.14806078 0.23389503
v 3.29598641 -0.13180579 0.22621123
v 3.29210758 -0.09982312 0.21029218
v 3.29607916 -0.12433100 0.22294816
v 3.29609227 -0.12439255 0.22297867
v 3.29628825 -0.11570340 0.21892379
v 3.32908463 -0.24028227 0.21578473
v 3.32891512 -0.23292403 0.21408245
v 3.32893944 -0.23301461 0.21410866
v 3.32879925 -0.22458112 0.21194160
v 3.42946887 -0.23457640 0.23785502
v 3.42950964 -0.23467402 0.23788260
v 3.42839050 -0.22651768 0.23610350
v 3.43050146 -0.24173181 0.23923784
v 3.42111063 -0.21251139 0.23122196
v 3.41084647 -0.16879173 0.21641745
v 3.42016411 -0.20547743 0.22940701
v 3.42019820 -0.20556353 0.22943716
v 3.41918111 -0.19749342 0.22714539
v 3.41255856 -0.18356474 0.22141482
v 3.41171360 -0.17666915 0.21918134
v 3.41174245 -0.17674485 0.21921317
v 3.39226723 -0.09950541 0.18167369
v 3.40488052 -0.15500638 0.20985574
v 3.40414882 -0.14826652 0.20721740
v 3.40417314 -0.14833273 0.20725015
v 3.40341401 -0.14052792 0.20396090
v 3.38147640 -0.13523522 0.24954996
v 3.38145375 -0.13516787 0.24951749
v 3.39810753 -0.12694952 0.19659099
v 3.39749837 -0.12038268 0.19356161
v 3.39751887 -0.12044015 0.19359459
v 3.39690852 -0.11281522 0.18982409
v 3.38072634 -0.12668335 0.24596727
v 3.37358117 -0.09623470 0.23043910
v 3.37474847 -0.11172053 0.23783466
v 3.37417006 -0.10459071 0.23454903
v 3.37415123 -0.10453212 0.23451623
v 3.48790479 -0.11948081 0.23053020
v 3.48659825 -0.11319198 0.22782014
v 3.48515248 -0.10582686 0.22441305
v 3.48656797 -0.11313020 0.22778405
v 3.80955076 -0.32171208 0.24541885
v 3.72923207 -0.26184994 0.24107960
v 3.71064448 -0.24554271 0.23660542
v 3.76835346 -0.29297605 0.24597736
v 3.78873253 -0.30767214 0.24638161
v 3.74849367 -0.27768186 0.24420770
v 3.65964341 -0.19442080 0.21530905
v 3.64445424 -0.17687094 0.20567906
v 3.61715722 -0.14142136 0.18284272
v 3.59432101 -0.10597176 0.15554577
v 3.60515738 -0.12366152 0.16972648
v 3.50539470 -0.15831082 0.24915613
v 3.49784136 -0.14582038 0.24285531
v 3.49634624 -0.13933007 0.24048857
v 3.49638247 -0.13940069 0.24052432
v 3.49475002 -0.13190347 0.23758082
v 3.57473087 -0.14142136 0.22526912
v 3.56093097 -0.12099754 0.21018545
v 3.54846907 -0.10065433 0.19387764
v 3.63027358 -0.15918119 0.19484270
v 3.58981466 -0.16184518 0.23906909
v 3.69280410 -0.22882456 0.23080280
v 3.67578125 -0.21176147 0.22369467
v 3.24023247 -0.38313112 0.26990589
v 3.24026108 -0.38328826 0.26990479
v 3.23440790 -0.35525408 0.26936883
v 3.23532367 -0.34667385 0.26913446
v 3.23534536 -0.34681138 0.26914194
v 3.23637056 -0.33722556 0.26867205
v 3.23008752 -0.31873366 0.26687250
v 3.24135852 -0.37373286 0.27003971
v 3.23194695 -0.30079162 0.26503944
v 3.23094344 -0.31024575 0.26610237
v 3.23096037 -0.31036672 0.26611647
v 3.22627926 -0.28236330 0.26211435
v 3.22710252 -0.27399221 0.26082030
v 3.22711587 -0.27409893 0.26083946
v 3.22808814 -0.26457536 0.25915557
v 3.22300148 -0.24628703 0.25511348
v 3.31944060 -0.26621231 0.26983294
v 3.31928778 -0.25804022 0.26846042
v 3.31931376 -0.25814384 0.26848301
v 3.31918931 -0.24884625 0.26671252
v 3.35425019 -0.38684016 0.28090337
v 3.34462023 -0.37006319 0.28038213
v 3.34449744 -0.36158425 0.28057644
v 3.34454679 -0.36173621 0.28058115
v 3.34440422 -0.35236937 0.28058562
v 3.33557010 -0.33542812 0.27902699
v 3.33540201 -0.32703307 0.27868491
v 3.33544111 -0.32716635 0.27869725
v 3.33527017 -0.31778678 0.27810827
v 3.48855186 -0.38790137 0.25157243
v 3.48768377 -0.38049373 0.25257111
v 3.48756814 -0.38030559 0.25257719
v 3.48656034 -0.37232003 0.25343886
v 3.47562385 -0.35904071 0.25285277
v 3.47314191 -0.39031965 0.29932636
v 3.47303081 -0.39012969 0.29933363
v 3.47198629 -0.38137850 0.30028403
v 3.45985746 -0.36675501 0.29964083
v 3.45880580 -0.35866979 0.30018291
v 3.45871973 -0.35850516 0.30017915
v 3.47461629 -0.35169211 0.25334752
v 3.47452593 -0.35152906 0.25334278
v 3.47339296 -0.34347403 0.25367755
v 3.46330190 -0.32987997 0.25225207
v 3.46215963 -0.32244581 0.25224969
v 3.46223211 -0.32258832 0.25226265
v 3.44633198 -0.33470920 0.29898387
v 3.44521523 -0.32669017 0.29899347
v 3.44514656 -0.32654622 0.29898140
v 3.44391370 -0.31766987 0.29878235
v 3.45754194 -0.34967738 0.30055422
v 3.32716441 -0.30076569 0.27550572
v 3.32698965 -0.29247206 0.27464151
v 3.32702136 -0.29258949 0.27465966
v 3.32685947 -0.28323272 0.27347842
v 3.46097279 -0.31434685 0.25205877
v 3.43352985 -0.30245849 0.29626366
v 3.43240643 -0.29451412 0.29575831
v 3.43235087 -0.29438749 0.29573986
v 3.43111992 -0.28549284 0.29496875
v 3.42150784 -0.27012831 0.29149234
v 3.42041945 -0.26227280 0.29048741
v 3.42037368 -0.26216102 0.29046410
v 3.41918826 -0.25328010 0.28912419
v 3.22381139 -0.23805748 0.25330803
v 3.22382212 -0.23815165 0.25333101
v 3.22479796 -0.22872022 0.25104320
v 3.31243253 -0.23190445 0.26203158
v 3.31232238 -0.22387506 0.26016465
v 3.31234384 -0.22396651 0.26019055
v 3.31227899 -0.21476506 0.25783592
v 3.30617046 -0.19797798 0.25213298
v 3.40815067 -0.22116350 0.28126875
v 3.40000510 -0.20573676 0.27588314
v 3.39907122 -0.19811292 0.27392253
v 3.39903951 -0.19802566 0.27389291
v 3.39804006 -0.18927318 0.27143127
v 3.39061451 -0.17392936 0.26510835
v 3.41031718 -0.23784536 0.28468964
v 3.40929437 -0.23009615 0.28319970
v 3.40925646 -0.22999734 0.28317273
v 3.38978720 -0.16645062 0.26269150
v 3.38976049 -0.16637377 0.26266006
v 3.38888860 -0.15773761 0.25964901
v 3.38218403 -0.14254914 0.25240853
v 3.48186970 -0.16055641 0.29417673
v 3.48191023 -0.16063809 0.29421082
v 3.48360658 -0.16784315 0.29634225
v 3.48000789 -0.15227805 0.29152420
v 3.47154331 -0.13849752 0.28454453
v 3.46828270 -0.12317608 0.27877337
v 3.46059895 -0.10946850 0.27096346
v 3.45919561 -0.10247906 0.26794901
v 3.45922446 -0.10254215 0.26798469
v 3.46996641 -0.13135119 0.28194651
v 3.47000074 -0.13142318 0.28198174
v 3.60963917 -0.35803300 0.28043053
v 3.62675309 -0.38320670 0.27719620
v 3.62527013 -0.37566170 0.27907521
v 3.62552381 -0.37589368 0.27905783
v 3.62379217 -0.36821267 0.28073129
v 3.60802388 -0.35091147 0.28170171
v 3.60784078 -0.35071331 0.28170520
v 3.60601854 -0.34320965 0.28281885
v 3.59305596 -0.33233136 0.28188303
v 3.59110117 -0.32515129 0.28261638
v 3.59124088 -0.32532263 0.28262368
v 3.58908772 -0.31759313 0.28320092
v 3.57431555 -0.33615205 0.32834649
v 3.57445121 -0.33632576 0.32835233
v 3.57215905 -0.32783756 0.32899928
v 3.61033392 -0.38365936 0.32624912
v 3.59465480 -0.37241241 0.32592356
v 3.59273911 -0.36433625 0.32733408
v 3.59291744 -0.36453721 0.32732889
v 3.59078789 -0.35608232 0.32856616
v 3.57640529 -0.34407422 0.32753277
v 3.57507229 -0.29911232 0.28178480
v 3.57518268 -0.29926190 0.28180036
v 3.57296896 -0.29150921 0.28184918
v 3.56180573 -0.27971166 0.27944949
v 3.55979443 -0.27271751 0.27920312
v 3.55988383 -0.27284899 0.27922502
v 3.55767298 -0.26508531 0.27875432
v 3.54727674 -0.25299269 0.27557805
v 3.54531479 -0.24608140 0.27487549
v 3.54538822 -0.24619748 0.27490222
v 3.57708740 -0.30619174 0.28155452
v 3.55441761 -0.29908267 0.32751921
v 3.55882525 -0.31525776 0.32717663
v 3.55666947 -0.30744734 0.32743585
v 3.55677629 -0.30759901 0.32745013
v 3.54199743 -0.28606877 0.32486111
v 3.52599597 -0.25661820 0.32059792
v 3.52390122 -0.24899654 0.31982958
v 3.52397156 -0.24911432 0.31985533
v 3.53984690 -0.27835378 0.32459518
v 3.53993297 -0.27848715 0.32461596
v 3.53757834 -0.26995632 0.32411668
v 3.64885998 -0.25079420 0.36139661
v 3.64580560 -0.24354541 0.36131895
v 3.64593005 -0.24368134 0.36134511
v 3.82033491 -0.36408338 0.29455683
v 3.78711128 -0.37088969 0.30363950
v 3.78949046 -0.35898480 0.30927521
v 3.79158163 -0.35880920 0.30955294
v 3.76703906 -0.35021591 0.31039494
v 3.77204227 -0.33260974 0.29833886
v 3.79598331 -0.34875569 0.29723167
v 3.73415780 -0.34962264 0.35918722
v 3.73201585 -0.34124830 0.36171469
v 3.73243070 -0.34147519 0.36171404
v 3.71196294 -0.32583743 0.36255780
v 3.70927620 -0.31800038 0.36427000
v 3.70955420 -0.31820139 0.36427534
v 3.72994232 -0.33348924 0.36383536
v 3.75660896 -0.37279078 0.35386690
v 3.78129578 -0.38271689 0.35250771
v 3.78337002 -0.38255557 0.35277683
v 3.78249836 -0.37469429 0.35611197
v 3.75643110 -0.36346197 0.35759076
v 3.75569463 -0.36323723 0.35757568
v 3.75471067 -0.35534105 0.36041674
v 3.82285953 -0.38430059 0.35494143
v 3.76685309 -0.34182099 0.31374902
v 3.76610780 -0.34160379 0.31372941
v 3.74661374 -0.32935399 0.31515396
v 3.74460459 -0.32180044 0.31742665
v 3.74502563 -0.32202208 0.31742907
v 3.76518917 -0.33445862 0.31629932
v 3.79055786 -0.35176042 0.31252161
v 3.72576785 -0.29812095 0.29583883
v 3.68224096 -0.26116091 0.28709623
v 3.70361686 -0.27991420 0.29224154
v 3.74860644 -0.31570926 0.29787397
v 3.72648072 -0.30788445 0.31817704
v 3.74269056 -0.31477478 0.31934351
v 3.72427344 -0.30101231 0.31972229
v 3.72399044 -0.30081534 0.31971455
v 3.72153807 -0.29382995 0.32104224
v 3.70681930 -0.28580308 0.31950170
v 3.69026351 -0.30139706 0.36403885
v 3.68752384 -0.29402539 0.36509970
v 3.68732047 -0.29384965 0.36508632
v 3.68433714 -0.28613085 0.36595488
v 3.70661521 -0.31028634 0.36574295
v 3.70135283 -0.27200624 0.32121643
v 3.68773961 -0.26316860 0.31913838
v 3.68509126 -0.25667155 0.31956804
v 3.68493080 -0.25652024 0.31954589
v 3.68203092 -0.24950859 0.31979704
v 3.70430946 -0.27916786 0.32045442
v 3.70410180 -0.27899548 0.32043904
v 3.66919470 -0.27635565 0.36364800
v 3.66614842 -0.26898479 0.36410898
v 3.66630507 -0.26913893 0.36412945
v 3.66300273 -0.26124030 0.36439979
v 3.53356123 -0.22613871 0.26995659
v 3.53168249 -0.21931547 0.26881513
v 3.53174353 -0.21941817 0.26884550
v 3.52967429 -0.21168852 0.26735929
v 3.54322886 -0.23844026 0.27391985
v 3.50674820 -0.21110442 0.31157270
v 3.52071571 -0.19925483 0.26260811
v 3.51894617 -0.19252944 0.26104346
v 3.51899719 -0.19262032 0.26107642
v 3.50879288 -0.17244680 0.25356224
v 3.51704931 -0.18494201 0.25909472
v 3.49673986 -0.19738944 0.30630928
v 3.49485946 -0.18997796 0.30459252
v 3.49490809 -0.19007033 0.30462471
v 3.49284410 -0.18162729 0.30247104
v 3.64214849 -0.22231250 0.27224886
v 3.60612226 -0.18218839 0.25153092
v 3.62358999 -0.20237072 0.26260540
v 3.63483930 -0.19275761 0.30801901
v 3.64597011 -0.20304962 0.31209007
v 3.63225007 -0.18648879 0.30708331
v 3.63216400 -0.18638390 0.30704817
v 3.62929845 -0.17932066 0.30580449
v 3.51088905 -0.22701991 0.31440547
v 3.52167439 -0.24058840 0.31879610
v 3.50888729 -0.21949777 0.31315413
v 3.50894570 -0.21960205 0.31318358
v 3.65167284 -0.21655835 0.31338316
v 3.64901042 -0.21022439 0.31287849
v 3.64890623 -0.21010624 0.31284657
v 3.62935090 -0.22480491 0.35729849
v 3.64260435 -0.23577161 0.36104986
v 3.62635207 -0.21765316 0.35671535
v 3.62645340 -0.21777356 0.35674596
v 3.62317228 -0.20985705 0.35589987
v 3.59313631 -0.17193742 0.34364393
v 3.61075044 -0.19848558 0.35137257
v 3.60785389 -0.19142222 0.35030952
v 3.60793710 -0.19152915 0.35034350
v 3.60475373 -0.18361780 0.34895909
v 3.50715280 -0.16583186 0.25158930
v 3.50719571 -0.16591212 0.25162402
v 3.61641860 -0.16254699 0.29967654
v 3.61634707 -0.16245380 0.29963908
v 3.61359453 -0.15540095 0.29791826
v 3.60391831 -0.14462495 0.29242957
v 3.60157347 -0.13849786 0.29068470
v 3.60151339 -0.13841513 0.29064569
v 3.61889958 -0.16874854 0.30102500
v 3.58771896 -0.11436601 0.28010154
v 3.58776927 -0.11443926 0.28014141
v 3.58529186 -0.10739636 0.27745759
v 3.57706976 -0.09641347 0.27057898
v 3.58995628 -0.12048155 0.28226730
v 3.59890914 -0.13139273 0.28845790
v 3.57398558 -0.13838601 0.33218366
v 3.57404327 -0.13847049 0.33222178
v 3.56115103 -0.11856877 0.32291219
v 3.57117629 -0.13062482 0.32979593
v 3.55612874 -0.10409425 0.31764102
v 3.55874181 -0.11179797 0.32053030
v 3.55879045 -0.11187287 0.32056940
v 3.59037662 -0.16496345 0.34212247
v 3.59044600 -0.16505854 0.34215888
v 3.58740306 -0.15716954 0.34024790
v 3.57658052 -0.14526367 0.33414432
v 3.66172457 -0.24193504 0.28042322
v 3.66933107 -0.24005857 0.31709510
v 3.66664267 -0.23365326 0.31704333
v 3.66651464 -0.23351984 0.31701571
v 3.66356158 -0.22648250 0.31675684
v 3.82728124 -0.22576429 0.36676344
v 3.81729770 -0.21856491 0.36656541
v 3.81219792 -0.21094646 0.36765009
v 3.77275562 -0.17006487 0.36538044
v 3.77682519 -0.17638208 0.36544982
v 3.79688978 -0.19753933 0.36696079
v 3.79231501 -0.19060735 0.36740592
v 3.80754757 -0.20574708 0.36791050
v 3.78795123 -0.18552706 0.36725667
v 3.73830986 -0.13362715 0.35700849
v 3.73159790 -0.12357341 0.35500741
v 3.73517561 -0.12838477 0.35620606
v 3.72010994 -0.11205821 0.35021043
v 3.71740150 -0.10729536 0.34916061
v 3.71407175 -0.10255807 0.34765404
v 3.75725436 -0.15507607 0.36210954
v 3.76866388 -0.16508572 0.36485586
v 3.75366592 -0.14931826 0.36162966
v 3.74983501 -0.14442740 0.36075708
v 3.81061721 -0.17032565 0.43025962
v 3.74100494 -0.10925400 0.41350350
v 3.82576776 -0.15669960 0.39583886
v 3.80361700 -0.13849285 0.39224154
v 3.78654003 -0.15053572 0.42634949
v 3.78224111 -0.11973955 0.38709623
v 3.76172471 -0.10051369 0.38042322
v 3.76330543 -0.13015169 0.42075676
v 3.22847843 -0.06405941 0.12387957
v 3.22848511 -0.06409817 0.12390660
v 3.22836423 -0.04286667 0.10846870
v 3.22944808 -0.05669416 0.11866649
v 3.22915411 -0.03673888 0.10389264
v 3.22916031 -0.03677062 0.10391776
v 3.23015070 -0.02969908 0.09821061
v 3.30532074 -0.02479227 0.10481557
v 3.30446291 -0.03757146 0.11489546
v 3.30480695 -0.03162430 0.11039423
v 3.30481529 -0.03165442 0.11042034
v 3.23209047 0.01401698 0.05915828
v 3.23209524 0.01399790 0.05917751
v 3.16620469 0.05047472 0.02583515
v 3.23539305 0.04312982 0.02763733
v 3.16149926 0.02042042 0.05811338
v 3.16149545 0.02044057 0.05809469
v 3.16287661 0.02688015 0.05136664
v 3.16377020 0.03907716 0.03875838
v 3.16490030 0.04443690 0.03299282
v 3.16489697 0.04445123 0.03297795
v 3.23348117 0.03199871 0.04021670
v 3.23313022 0.02031206 0.05260555
v 3.23433852 0.03725073 0.03458724
v 3.23434258 0.03723729 0.03460252
v 3.30556059 0.02313295 0.05987107
v 3.30543566 0.03425884 0.04767767
v 3.30603671 0.03935449 0.04218255
v 3.30604124 0.03934200 0.04219827
v 3.30685115 0.04505954 0.03540884
v 3.15832281 -0.00512444 0.08169550
v 3.15831900 -0.00509806 0.08167365
v 3.15976667 0.00172861 0.07538708
v 3.16032219 0.01476067 0.06352243
v 3.23138022 -0.00399636 0.07616115
v 3.22954655 -0.01652992 0.08723117
v 3.23035979 -0.01067892 0.08229051
v 3.23036551 -0.01070410 0.08231302
v 3.23125458 0.00845797 0.06445007
v 3.21718168 0.01502252 0.12356048
v 3.22001004 0.04834856 0.09290233
v 3.22001433 0.04832880 0.09292202
v 3.21811676 0.02136297 0.11817755
v 3.21812153 0.02133700 0.11820054
v 3.21928835 0.02863883 0.11149812
v 3.21905756 0.04231964 0.09866859
v 3.30443335 -0.00666700 0.08903870
v 3.30444050 -0.00669075 0.08906201
v 3.30432844 0.01162960 0.07144906
v 3.30504942 -0.00018182 0.08303729
v 3.30400372 -0.01234528 0.09388492
v 3.30484390 0.01702398 0.06627154
v 3.30484962 0.01700611 0.06629138
v 3.28552938 0.02401381 0.12318110
v 3.28553605 0.02398925 0.12320481
v 3.28625774 0.03110099 0.11662903
v 3.28537607 0.04409252 0.10389596
v 3.28598118 0.04996979 0.09823924
v 3.28598666 0.04995125 0.09825949
v 3.37784791 0.04642468 0.06124253
v 3.37821174 0.05133265 0.05586750
v 3.37821674 0.05132117 0.05588369
v 3.38049102 -0.01621305 0.12318192
v 3.38050127 -0.01624127 0.12320917
v 3.38056040 -0.00964735 0.11767624
v 3.37864327 0.00201280 0.10676790
v 3.37896276 0.01370953 0.09609456
v 3.37871933 0.00747006 0.10199320
v 3.37872744 0.00744792 0.10201740
v 3.37773895 0.02482533 0.08460737
v 3.37795854 0.03001516 0.07952552
v 3.37796497 0.02999862 0.07954603
v 3.37837696 0.03590029 0.07325752
v 3.44953418 0.05329761 0.09884682
v 3.44954133 0.05328246 0.09886804
v 3.44957995 0.04834748 0.10384805
v 3.45129943 0.03201544 0.12106356
v 3.45130849 0.03199506 0.12108872
v 3.45120955 0.03796685 0.11524709
v 3.22927666 -0.08487453 0.13744777
v 3.22833586 -0.09253206 0.14217265
v 3.22834325 -0.09257831 0.14220090
v 3.22771263 -0.07044829 0.12807740
v 3.21589613 -0.06807906 0.18360621
v 3.21590185 -0.06812616 0.18363476
v 3.21700335 -0.05974844 0.17846203
v 3.21515942 -0.04388621 0.16819474
v 3.21605492 -0.03696667 0.16361889
v 3.21606040 -0.03700630 0.16364631
v 3.21718836 -0.02895257 0.15794176
v 3.30772352 -0.09137460 0.15230975
v 3.30820870 -0.07750446 0.14386913
v 3.30789948 -0.08493661 0.14853984
v 3.30791068 -0.08498091 0.14856952
v 3.30597353 -0.05778573 0.13028222
v 3.30596375 -0.05774877 0.13025399
v 3.30570436 -0.06394936 0.13439646
v 3.30637479 -0.05060066 0.12511963
v 3.28973317 -0.05362121 0.18327248
v 3.28720093 -0.03195177 0.16833262
v 3.28720975 -0.03198969 0.16836113
v 3.28772116 -0.02414325 0.16273259
v 3.28685570 -0.03870012 0.17285734
v 3.21739984 -0.09171662 0.19707078
v 3.21502137 -0.07526474 0.18775724
v 3.29259181 -0.08418176 0.20202748
v 3.29228163 -0.09257284 0.20659360
v 3.29229307 -0.09262596 0.20662412
v 3.28905988 -0.06874672 0.19248366
v 3.28931856 -0.06173895 0.18836461
v 3.28932858 -0.06178423 0.18839447
v 3.21588039 -0.01375063 0.14676704
v 3.21679640 -0.00711315 0.14178072
v 3.21680164 -0.00714574 0.14180629
v 3.21795154 0.00054887 0.13559100
v 3.28593636 -0.00332961 0.14657627
v 3.28594398 -0.00336062 0.14660273
v 3.28550434 -0.00980262 0.15149221
v 3.28656173 0.00413495 0.14048880
v 3.28501058 0.01783130 0.12847424
v 3.39180493 -0.09317793 0.17829974
v 3.39178729 -0.09312856 0.17826723
v 3.39135289 -0.08576442 0.17406225
v 3.38738322 -0.07278290 0.16516358
v 3.38703775 -0.06661253 0.16139404
v 3.38705254 -0.06665436 0.16142544
v 3.38676620 -0.05948357 0.15673721
v 3.38347483 -0.04688794 0.14712678
v 3.38326740 -0.04094002 0.14300820
v 3.38327980 -0.04097480 0.14303784
v 3.38316464 -0.03407747 0.13791712
v 3.38055778 -0.02192312 0.12763554
v 3.35869288 -0.02375482 0.18349013
v 3.46456671 -0.04321809 0.18437009
v 3.46296597 -0.03062152 0.17589585
v 3.46375585 -0.03737892 0.18057182
v 3.46377349 -0.03741781 0.18060517
v 3.36789632 -0.07463880 0.21774726
v 3.36788034 -0.07458832 0.21771479
v 3.36747766 -0.06651331 0.21312509
v 3.36833811 -0.08156595 0.22144525
v 3.36267853 -0.04549839 0.19921032
v 3.36266494 -0.04545550 0.19917883
v 3.36297917 -0.05220519 0.20330611
v 3.36243725 -0.03763780 0.19409308
v 3.47902393 -0.09353236 0.21663624
v 3.47785521 -0.08733687 0.21352504
v 3.47788048 -0.08739047 0.21356082
v 3.47663593 -0.08018606 0.20970376
v 3.47123408 -0.06807783 0.20122898
v 3.47024131 -0.06205288 0.19776708
v 3.47026253 -0.06209887 0.19780195
v 3.44832683 -0.06618256 0.24806204
v 3.46923161 -0.05508408 0.19351022
v 3.44223976 -0.05281863 0.23867622
v 3.44121146 -0.04619278 0.23487642
v 3.44123173 -0.04623998 0.23491116
v 3.44016767 -0.03852013 0.23022069
v 3.43489909 -0.02542246 0.22009958
v 3.35853696 -0.01728524 0.17901084
v 3.35852551 -0.01724945 0.17898102
v 3.35847712 -0.00972332 0.17341785
v 3.35549641 0.00367227 0.16207691
v 3.35548735 0.00988858 0.15722813
v 3.35547781 0.00991772 0.15720060
v 3.35340214 0.02996751 0.13915245
v 3.35561132 0.01711891 0.15118086
v 3.35384941 0.04278198 0.12746993
v 3.35354090 0.03591505 0.13394779
v 3.35353303 0.03593799 0.13392326
v 3.45393848 0.01599699 0.13668695
v 3.45470023 0.00432579 0.14657268
v 3.45426631 0.00974899 0.14214453
v 3.45427799 0.00972290 0.14217302
v 3.45842385 -0.01341318 0.16200666
v 3.45843840 -0.01344544 0.16203789
v 3.45904803 -0.01905165 0.16612700
v 3.45786190 -0.00689624 0.15692985
v 3.42056823 0.05175765 0.15554923
v 3.45153999 0.02682177 0.12578535
v 3.42404199 0.02696945 0.17845258
v 3.42361569 0.03293080 0.17359032
v 3.42362690 0.03290379 0.17361903
v 3.42330599 0.03981009 0.16760954
v 3.43326163 -0.01156257 0.21081303
v 3.43406796 -0.01900271 0.21593051
v 3.43408465 -0.01904274 0.21596384
v 3.42882514 0.00120876 0.19999817
v 3.42763424 0.01458232 0.18991522
v 3.42819500 0.00740683 0.19547503
v 3.42820883 0.00737354 0.19550636
v 3.16743159 0.06178541 0.01254258
v 3.16851211 0.06682963 0.00643305
v 3.16850948 0.06683860 0.00642266
v 3.23621774 0.05400009 0.01462804
v 3.23709488 0.05893007 0.00867444
v 3.23709774 0.05892174 0.00868511
v 3.23815942 0.06436653 0.00135567
v 3.16160345 0.08797549 0.05794791
v 3.22365427 0.08014432 0.05847447
v 3.16710377 0.12324625 0.01340106
v 3.16544151 0.11190260 0.02858069
v 3.22666478 0.10335532 0.02975419
v 3.22804523 0.11431646 0.01491243
v 3.22903728 0.11932203 0.00807246
v 3.22903895 0.11931809 0.00807806
v 3.16408443 0.10582390 0.03679047
v 3.16408205 0.10583327 0.03677973
v 3.16288662 0.10035893 0.04343767
v 3.22548151 0.09742559 0.03774080
v 3.22548437 0.09741689 0.03775177
v 3.22450066 0.09206348 0.04423550
v 3.30891562 0.06551108 0.00974772
v 3.30732059 0.05545372 0.02266578
v 3.30800653 0.06023582 0.01686690
v 3.30800962 0.06022817 0.01687786
v 3.29245043 0.11851137 0.01514586
v 3.29245210 0.11850779 0.01515160
v 3.29355049 0.12378789 0.00700988
v 3.29159236 0.11363941 0.02181397
v 3.28944898 0.09731264 0.04411469
v 3.28945184 0.09730464 0.04412592
v 3.29046321 0.10308326 0.03632904
v 3.28867412 0.09209020 0.05045893
v 3.15798640 0.06224991 0.08577770
v 3.16014576 0.08141639 0.06573907
v 3.16014266 0.08143129 0.06572374
v 3.15888643 0.07562079 0.07200859
v 3.22150064 0.06803344 0.07219151
v 3.22119212 0.05520581 0.08575858
v 3.22246838 0.07373639 0.06605474
v 3.22247195 0.07372240 0.06607042
v 3.28659916 0.06887781 0.07785608
v 3.28680921 0.05664770 0.09124775
v 3.28821301 0.08067358 0.06444561
v 3.28728962 0.07443515 0.07184903
v 3.28729391 0.07442214 0.07186511
v 3.16823602 0.12836461 0.00638748
v 3.16823459 0.12836890 0.00638200
v 3.37947774 0.07133780 0.03111262
v 3.37948108 0.07133083 0.03112387
v 3.38175154 0.08995114 0.00535875
v 3.38175321 0.08994808 0.00536447
v 3.38109803 0.08565012 0.01127735
v 3.38024211 0.07643608 0.02418423
v 3.37896919 0.06672606 0.03676667
v 3.37880421 0.05683681 0.04925567
v 3.35687065 0.12655425 0.02776641
v 3.35686898 0.12655747 0.02776055
v 3.35378885 0.10105041 0.06225909
v 3.35437369 0.10610055 0.05606571
v 3.35437059 0.10610785 0.05605420
v 3.35613704 0.12183438 0.03426301
v 3.35522652 0.11170152 0.04845949
v 3.44928432 0.08815332 0.05687808
v 3.45381355 0.12311955 0.00641067
v 3.45455933 0.12695713 0.00043675
v 3.45455956 0.12695739 0.00043647
v 3.45236635 0.11492719 0.01927977
v 3.45149565 0.11041394 0.02627944
v 3.45149708 0.11041120 0.02628528
v 3.45026517 0.09748245 0.04461607
v 3.44963264 0.09257489 0.05136092
v 3.44963598 0.09256862 0.05137246
v 3.45094872 0.10627735 0.03203258
v 3.35365748 0.09016741 0.07600717
v 3.35254741 0.07875234 0.08914344
v 3.35298347 0.08411689 0.08326659
v 3.35297871 0.08412886 0.08325008
v 3.35270524 0.06069067 0.10926151
v 3.35269904 0.06070787 0.10924064
v 3.35319757 0.06716380 0.10237888
v 3.35241795 0.05502706 0.11480878
v 3.44968510 0.05892585 0.09269508
v 3.44882727 0.06881813 0.08084839
v 3.44937015 0.07879066 0.06912025
v 3.44897795 0.07351088 0.07558198
v 3.44898295 0.07350045 0.07559865
v 3.41860533 0.08711586 0.11913210
v 3.41824937 0.10900551 0.09315222
v 3.41851497 0.12420113 0.07355964
v 3.41851807 0.12419456 0.07357142
v 3.41810942 0.11933137 0.07963432
v 3.41759682 0.09802952 0.10604116
v 3.41779280 0.10319374 0.10024822
v 3.41779757 0.10318284 0.10026519
v 3.35958147 0.14102373 0.00526662
v 3.35789824 0.13168077 0.01984532
v 3.42394400 0.16208749 0.01744671
v 3.42394423 0.16208774 0.01744641
v 3.42311692 0.15785137 0.02404082
v 3.42056823 0.14385842 0.04592270
v 3.42056966 0.14385556 0.04592868
v 3.41995215 0.13929784 0.05226461
v 3.42153072 0.14882401 0.03822507
v 3.42497349 0.16595480 0.01066397
v 3.48837614 0.20010526 0.02124178
v 3.48264909 0.17537275 0.06199692
v 3.48595595 0.19194102 0.03524047
v 3.48492432 0.18817718 0.04180326
v 3.48492455 0.18817745 0.04180297
v 3.48414874 0.18408160 0.04820665
v 3.41922593 0.12960210 0.06614745
v 3.48065925 0.15693294 0.08923583
v 3.47991896 0.13176031 0.12267433
v 3.47992373 0.13175051 0.12269176
v 3.48017979 0.13732246 0.11571452
v 3.48007751 0.15173805 0.09647217
v 3.48008060 0.15173218 0.09648420
v 3.47982764 0.14707544 0.10242359
v 3.48174834 0.17056862 0.06947955
v 3.48174953 0.17056608 0.06948563
v 3.48123622 0.16618228 0.07566471
v 3.42034817 0.05746763 0.15036245
v 3.42035699 0.05744646 0.15038788
v 3.42029285 0.06402009 0.14398403
v 3.41841722 0.07547546 0.13137986
v 3.41840458 0.08091971 0.12588291
v 3.41841125 0.08090393 0.12590443
v 3.48466182 0.08327748 0.17745759
v 3.48413467 0.08868524 0.17229655
v 3.48414421 0.08866598 0.17232296
v 3.48154306 0.10554165 0.15342163
v 3.47992992 0.12683551 0.12837701
v 3.48127294 0.11071482 0.14798245
v 3.48128009 0.11070052 0.14800467
v 3.48121262 0.11661904 0.14132789
v 3.48375440 0.09490497 0.16597438
v 3.48927474 0.06013072 0.20038888
v 3.48849249 0.06575927 0.19552073
v 3.48850489 0.06573459 0.19555071
v 3.48779631 0.07226674 0.18955643
v 3.57630539 -0.07108124 0.12421871
v 3.55892038 -0.02099279 0.07076788
v 3.56339455 -0.03730001 0.08935560
v 3.51290369 -0.02168181 0.11775893
v 3.56919718 -0.05401815 0.10719600
v 3.55579233 -0.00516084 0.05150623
v 3.55402255 0.01013335 0.03164664
v 3.50166106 0.04976704 0.02795764
v 3.55361843 0.02482942 0.01126751
v 3.50212598 0.03286655 0.05139364
v 3.50416112 0.01527824 0.07423215
v 3.50775838 -0.00292850 0.09638306
v 3.52775121 -0.06053022 0.15785152
v 3.53739452 -0.08047200 0.17641000
v 3.51957679 -0.04090767 0.13827540
v 3.58469105 -0.08842192 0.14035653
v 3.55472541 -0.04888287 0.24281700
v 3.55310512 -0.04317253 0.23963569
v 3.55307579 -0.04312345 0.23959680
v 3.54535723 -0.02560841 0.22685432
v 3.55131483 -0.03646011 0.23566069
v 3.52944827 0.02474994 0.18697582
v 3.52943230 0.02477940 0.18694291
v 3.52847457 0.03090023 0.18185824
v 3.52490067 0.04115202 0.17141986
v 3.52347922 0.05213347 0.16157214
v 3.52416301 0.04622254 0.16703036
v 3.52415037 0.04624631 0.16700055
v 3.53724313 -0.00278455 0.20958708
v 3.53479552 0.00899800 0.20101781
v 3.53605175 0.00263416 0.20577359
v 3.53603196 0.00266973 0.20573814
v 3.50290465 0.01155843 0.24257527
v 3.54394770 -0.02003676 0.22334985
v 3.54392338 -0.01999466 0.22331241
v 3.54241824 -0.01348553 0.21897545
v 3.53041530 0.01949834 0.19108430
v 3.49432969 0.04202814 0.21756348
v 3.49434519 0.04199763 0.21759646
v 3.49332261 0.04879468 0.21198080
v 3.50031328 0.02458261 0.23315908
v 3.50162292 0.01758632 0.23833810
v 3.50164199 0.01754958 0.23837349
v 3.49536347 0.03619279 0.22212377
v 3.50276828 0.06591298 0.00401665
v 3.51762414 0.08689926 0.12401464
v 3.51761675 0.08691296 0.12399271
v 3.51653695 0.12401756 0.07740418
v 3.51653409 0.12402316 0.07739235
v 3.51632595 0.11980840 0.08277843
v 3.51639605 0.10594153 0.10111398
v 3.51639104 0.10595091 0.10109682
v 3.51642561 0.10149661 0.10626311
v 3.51753521 0.09225663 0.11794484
v 3.51660800 0.11098665 0.09477621
v 3.52185369 0.16038559 0.02201201
v 3.52091861 0.15698779 0.02793521
v 3.52091837 0.15698752 0.02793549
v 3.51885819 0.14541180 0.04618756
v 3.51804638 0.14105551 0.05297901
v 3.51804519 0.14105792 0.05297305
v 3.51759291 0.13709578 0.05856391
v 3.52022147 0.15329121 0.03371575
v 3.52514362 0.17175202 0.00237281
v 3.52514052 0.17174761 0.00237786
v 3.52403402 0.16776754 0.00934792
v 3.51704979 0.12872848 0.07082547
v 3.58957911 0.19097058 0.08547001
v 3.58901477 0.18788394 0.09026314
v 3.58905840 0.18804258 0.09007932
v 3.58813715 0.17508572 0.10924017
v 3.58782125 0.17161569 0.11411764
v 3.58788419 0.17195854 0.11374471
v 3.52072096 0.06209087 0.15067233
v 3.52021646 0.06696650 0.14601570
v 3.52020669 0.06698500 0.14598955
v 3.51982832 0.07261283 0.14023957
v 3.51789236 0.08223219 0.12892450
v 3.59333587 0.11809615 0.18196042
v 3.59273767 0.12273818 0.17699116
v 3.59329152 0.11908910 0.18107519
v 3.60313869 0.08460557 0.21829264
v 3.61181688 0.06072642 0.24105063
v 3.61222386 0.05893215 0.24232417
v 3.61047149 0.06478123 0.23752704
v 3.60422301 0.08067355 0.22201684
v 3.60448003 0.07916365 0.22317865
v 3.59721756 0.10394858 0.19808647
v 3.59817410 0.09890873 0.20302932
v 3.59803796 0.10015163 0.20199783
v 3.61290383 0.11973955 0.21775894
v 3.61957669 0.10051369 0.23827541
v 3.56752825 0.18944338 0.16455831
v 3.58972168 0.14090344 0.15509240
v 3.58814645 0.15451781 0.13741407
v 3.58820152 0.15506099 0.13686007
v 3.58818531 0.15837505 0.13247852
v 3.58998775 0.13665554 0.16005887
v 3.59000707 0.13741533 0.15933350
v 3.60416126 0.15669960 0.17423216
v 3.60212612 0.17428792 0.15139364
v 3.60166121 0.19118840 0.12795764
v 3.57365060 0.15053572 0.21345985
v 3.56974030 0.17032565 0.18938278
v 3.60775852 0.13849285 0.19638306
v 3.57924318 0.13015169 0.23669448
v 3.44959831 -0.07405519 0.25223857
v 3.44962239 -0.07411006 0.25227407
v 3.45771003 -0.09443902 0.26426730
v 3.45081782 -0.08087108 0.25565353
v 3.57279110 -0.08351072 0.26495850
v 3.57505822 -0.09046824 0.26808682
v 3.57501602 -0.09040367 0.26804668
v 3.56531048 -0.07251574 0.25741133
v 3.56348872 -0.06668096 0.25456741
v 3.56345344 -0.06662442 0.25452763
v 3.56145144 -0.05983329 0.25100827
v 3.53391528 -0.06553558 0.29543787
v 3.53192639 -0.05901811 0.29226476
v 3.53196049 -0.05907611 0.29230404
v 3.54474473 -0.08537270 0.30724636
v 3.54691005 -0.09195774 0.30999276
v 3.54231358 -0.07768693 0.30382872
v 3.54470420 -0.08530658 0.30720687
v 3.52221918 -0.03940676 0.27930591
v 3.52045798 -0.03303764 0.27576202
v 3.52048635 -0.03308810 0.27580056
v 3.51857638 -0.02567090 0.27144948
v 3.52978086 -0.05151047 0.28841174
v 3.65674710 -0.02543281 0.30728540
v 3.65543747 -0.02231984 0.30581614
v 3.51186848 -0.01367476 0.26166147
v 3.51034355 -0.00746887 0.25776300
v 3.51036716 -0.00751225 0.25780025
v 3.50874162 -0.00027249 0.25300792
v 3.64368439 -0.00396645 0.29293892
v 3.65308356 -0.01787714 0.30321243
v 3.64053988 0.00314735 0.28862333
v 3.64264655 -0.00121136 0.29147336
v 3.62921929 0.02397954 0.27276647
v 3.63187265 0.01729611 0.27728119
v 3.63107562 0.01971254 0.27585220
v 3.62136912 0.03828584 0.26038447
v 3.62078214 0.04038216 0.25902078
v 3.61917949 0.04454828 0.25571027
v 3.64846897 0.04076703 0.29387763
v 3.64644670 -0.00000000 0.35355338
v 3.61790109 0.04431199 0.31943220
v 3.63144660 0.02219980 0.33715811
v 3.70044923 -0.08609149 0.34054479
v 3.69736385 -0.08142570 0.33874545
v 3.68636131 -0.06871334 0.33176988
v 3.68441415 -0.06482278 0.33041149
v 3.68157196 -0.06022847 0.32833254
v 3.70276165 -0.09040505 0.34177709
v 3.74214840 -0.08089114 0.37224886
v 3.72358990 -0.06094936 0.36260542
v 3.66938400 -0.04354524 0.31881592
v 3.66678524 -0.03902462 0.31646913
v 3.67099667 -0.04703625 0.32025126
v 3.66284180 -0.02219980 0.36855337
v 3.70612240 -0.04076703 0.35153091
v 3.66093087 0.02042382 0.31018546
v 3.74384618 0.03320513 0.30939204
v 3.73812366 0.04260651 0.30339280
v 3.74215722 0.03535534 0.30784270
v 3.74070668 0.03764509 0.30625251
v 3.73936033 0.04006533 0.30476725
v 3.73700190 0.04525861 0.30213457
v 3.73599887 0.04801115 0.30099753
v 3.73511887 0.05085328 0.29998615
v 3.74562693 0.03120293 0.31103393
v 3.68981457 -0.02042382 0.33906910
v 3.67473078 -0.00000000 0.32526913
v 3.69357228 0.04801115 0.34342393
v 3.69269228 0.05085328 0.34241256
v 3.70141983 0.03320513 0.35181844
v 3.69973087 0.03535534 0.35026911
v 3.69828010 0.03764509 0.34867892
v 3.69569731 0.04260651 0.34581921
v 3.69693398 0.04006533 0.34719366
v 3.69457531 0.04525861 0.34456098
v 3.70506644 0.02935665 0.35518828
v 3.70700979 0.02767358 0.35699546
v 3.70902324 0.02616035 0.35887480
v 3.70320058 0.03120293 0.35346031
v 3.71109867 0.02482295 0.36081880
v 3.71322775 0.02366664 0.36281985
v 3.71540236 0.02269599 0.36487001
v 3.71761370 0.02191484 0.36696124
v 3.72224522 0.02093258 0.37110037
v 3.71941733 0.02144081 0.36867186
v 3.71987581 0.02132626 0.36906269
v 3.72461939 0.02073535 0.37315956
v 3.75352502 0.02482295 0.31839240
v 3.75782871 0.02269599 0.32244360
v 3.75867009 0.02239883 0.32323915
v 3.75565410 0.02366664 0.32039344
v 3.76011491 0.02191484 0.32446009
v 3.76247025 0.02132626 0.32646817
v 3.74749279 0.02935665 0.31276187
v 3.74943638 0.02767358 0.31456906
v 3.75144958 0.02616035 0.31644839
v 3.76483965 0.02093258 0.32850584
v 3.76721382 0.02073535 0.33056504
v 3.76958346 0.02073535 0.33263767
v 3.77193904 0.02093258 0.33471552
v 3.77427125 0.02132626 0.33679038
v 3.77657104 0.02191484 0.33885410
v 3.77882910 0.02269599 0.34089854
v 3.78103685 0.02366664 0.34291559
v 3.78318524 0.02482295 0.34489730
v 3.78526616 0.02616035 0.34683588
v 3.78727102 0.02767358 0.34872365
v 3.78919220 0.02935665 0.35055315
v 3.79102182 0.03120293 0.35231721
v 3.79275298 0.03320513 0.35400882
v 3.79437876 0.03535534 0.35562131
v 3.79589248 0.03764509 0.35714835
v 3.79728842 0.04006533 0.35858387
v 3.79856110 0.04260651 0.35992223
v 3.79970551 0.04525861 0.36115813
v 3.80071688 0.04801115 0.36228675
v 3.80159140 0.05085328 0.36330354
v 3.69955444 -0.06624930 0.39413631
v 3.71972656 -0.08792515 0.40461832
v 3.68056774 -0.04431199 0.38209882
v 3.72698879 0.02073535 0.37523216
v 3.72934437 0.02093258 0.37731001
v 3.73167658 0.02132626 0.37938491
v 3.73397636 0.02191484 0.38144863
v 3.73623466 0.02269599 0.38349304
v 3.73844218 0.02366664 0.38551009
v 3.74059081 0.02482295 0.38749182
v 3.74267149 0.02616035 0.38943040
v 3.74467659 0.02767358 0.39131817
v 3.74659753 0.02935665 0.39314768
v 3.74842739 0.03120293 0.39491171
v 3.75015855 0.03320513 0.39660332
v 3.75178409 0.03535534 0.39821583
v 3.75329804 0.03764509 0.39974287
v 3.75469398 0.04006533 0.40117839
v 3.75596666 0.04260651 0.40251675
v 3.75711107 0.04525861 0.40375265
v 3.75812244 0.04801115 0.40488124
v 3.75899696 0.05085328 0.40589803
v 3.59538174 0.08792515 0.28027338
v 3.63739467 0.06094936 0.27641001
v 3.62775111 0.08089114 0.25785151
v 3.60586357 0.06624930 0.30044565
v 3.58649659 0.10925400 0.25899500
v 3.73296857 0.06600526 0.29663464
v 3.73298645 0.06914014 0.29633769
v 3.73332357 0.05980352 0.29766876
v 3.73308086 0.06288896 0.29707891
v 3.73436522 0.05377378 0.29910448
v 3.73374104 0.05676112 0.29835594
v 3.73355389 0.05791851 0.29812294
v 3.73313498 0.07228122 0.29618922
v 3.73341322 0.07541610 0.29618984
v 3.73382044 0.07853240 0.29633954
v 3.73435450 0.08161784 0.29663771
v 3.73501372 0.08466023 0.29708320
v 3.73579550 0.08764757 0.29767424
v 3.73669648 0.09056807 0.29840848
v 3.73771334 0.09341020 0.29928306
v 3.73884177 0.09616275 0.30029449
v 3.74007773 0.09881485 0.30143881
v 3.74141622 0.10135603 0.30271149
v 3.74285173 0.10377627 0.30410749
v 3.74437857 0.10606602 0.30562133
v 3.74599123 0.10821623 0.30724701
v 3.74768281 0.11021843 0.30897814
v 3.74944687 0.11206470 0.31080788
v 3.69131470 0.05676112 0.34078234
v 3.69053364 0.06228845 0.33978823
v 3.69048643 0.06288896 0.33967343
v 3.69082236 0.05980352 0.34016991
v 3.69193888 0.05377378 0.34153089
v 3.69037390 0.06600526 0.33922917
v 3.69039202 0.06914014 0.33893219
v 3.69054055 0.07228122 0.33878374
v 3.69081879 0.07541610 0.33878437
v 3.69122577 0.07853240 0.33893406
v 3.69176006 0.08161784 0.33923224
v 3.69241929 0.08466023 0.33967772
v 3.69320083 0.08764757 0.34026876
v 3.69410205 0.09056807 0.34100300
v 3.69511867 0.09341020 0.34187758
v 3.69624734 0.09616275 0.34288901
v 3.69748330 0.09881485 0.34403330
v 3.69882154 0.10135603 0.34530598
v 3.70025706 0.10377627 0.34670198
v 3.70178413 0.10606602 0.34821582
v 3.70339656 0.10821623 0.34984154
v 3.70508838 0.11021843 0.35157263
v 3.70685244 0.11206470 0.35340238
v 3.70868182 0.11374778 0.35532349
v 3.71056962 0.11526100 0.35732841
v 3.71250820 0.11659841 0.35940921
v 3.71448994 0.11775472 0.36155772
v 3.71650696 0.11872536 0.36376539
v 3.71855140 0.11950652 0.36602357
v 3.72061515 0.12009510 0.36832333
v 3.72268987 0.12048878 0.37065557
v 3.72476792 0.12068601 0.37301108
v 3.80232573 0.05377378 0.36420456
v 3.80291677 0.05676112 0.36498621
v 3.80336237 0.05980352 0.36564547
v 3.80366039 0.06288896 0.36617965
v 3.80381012 0.06600526 0.36658671
v 3.80381083 0.06914014 0.36686501
v 3.80366230 0.07228122 0.36701348
v 3.80336547 0.07541610 0.36703151
v 3.80292106 0.07853240 0.36691904
v 3.80187702 0.08350284 0.36644623
v 3.80233121 0.08161784 0.36667648
v 3.80164409 0.08466023 0.36625895
v 3.80089545 0.08764757 0.36563480
v 3.80001378 0.09056807 0.36488122
v 3.75127625 0.11374778 0.31272900
v 3.75316405 0.11526100 0.31473389
v 3.75510263 0.11659841 0.31681472
v 3.75708437 0.11775472 0.31896320
v 3.75910139 0.11872536 0.32117090
v 3.76114583 0.11950652 0.32342905
v 3.76320958 0.12009510 0.32572880
v 3.76528454 0.12048878 0.32806104
v 3.76736236 0.12068601 0.33041659
v 3.76943493 0.12068601 0.33278611
v 3.77149415 0.12048878 0.33516032
v 3.77353191 0.12009510 0.33752978
v 3.77553988 0.11950652 0.33988515
v 3.77676082 0.11902253 0.34133002
v 3.77755642 0.11872536 0.34217128
v 3.78543091 0.11374778 0.35056373
v 3.77960658 0.11775472 0.34434584
v 3.78160763 0.11659841 0.34647501
v 3.78355169 0.11526100 0.34855035
v 3.79374743 0.10377627 0.35929337
v 3.79060793 0.10821623 0.35615385
v 3.79215717 0.10606602 0.35784271
v 3.79900241 0.09341020 0.36400121
v 3.79786539 0.09616275 0.36299822
v 3.79660726 0.09881485 0.36187622
v 3.79523277 0.10135603 0.36063966
v 3.78896618 0.11021843 0.35437301
v 3.78723812 0.11206470 0.35250717
v 3.80515742 0.15918119 0.36972648
v 3.78469086 0.19442080 0.34035653
v 3.79432082 0.17687094 0.35554576
v 3.73718023 0.11775472 0.38677225
v 3.73918128 0.11659841 0.38890141
v 3.72684050 0.12068601 0.37538064
v 3.72889972 0.12048878 0.37775481
v 3.73093724 0.12009510 0.38012427
v 3.73132825 0.11998054 0.38058269
v 3.73303866 0.11950652 0.38238630
v 3.73513007 0.11872536 0.38459769
v 3.74300456 0.11374778 0.39299014
v 3.74112511 0.11526100 0.39097676
v 3.75973129 0.05377378 0.40679908
v 3.76032233 0.05676112 0.40758073
v 3.76076770 0.05980352 0.40823996
v 3.76106596 0.06288896 0.40877417
v 3.76121569 0.06600526 0.40918121
v 3.76121616 0.06914014 0.40945953
v 3.76106787 0.07228122 0.40960798
v 3.76077080 0.07541610 0.40962601
v 3.76032662 0.07853240 0.40951353
v 3.76021171 0.07913291 0.40946633
v 3.75921774 0.08466023 0.40868536
v 3.75983000 0.08161784 0.40917763
v 3.75846910 0.08764757 0.40806121
v 3.75758743 0.09056807 0.40730762
v 3.75418091 0.09881485 0.40430263
v 3.75543904 0.09616275 0.40542462
v 3.75132108 0.10377627 0.40171978
v 3.75280643 0.10135603 0.40306607
v 3.74818158 0.10821623 0.39858025
v 3.74973083 0.10606602 0.40026912
v 3.74653959 0.11021843 0.39679939
v 3.74481177 0.11206470 0.39493358
v 3.75657606 0.09341020 0.40642762
v 3.82359004 0.08047200 0.46260542
v 3.80612230 0.10065433 0.45153093
v 3.78981447 0.12099754 0.43906909
v 3.81715727 0.14142136 0.38284272
v 3.77473092 0.14142136 0.42526913
v 3.76093102 0.16184518 0.41018546
v 3.74846911 0.18218839 0.39387763
v 3.89555264 -0.37024590 0.22805418
v 3.87381196 -0.35935542 0.23439337
v 3.85217452 -0.34760481 0.23941289
v 3.83072591 -0.33504051 0.24309288
v 3.93900084 -0.38927832 0.21152185
v 3.91731095 -0.38023335 0.22042029
v 4.31925678 -0.30934933 0.11822931
v 4.37674236 -0.31990469 0.07567105
v 4.36259604 -0.32872564 0.10229244
v 4.40052557 -0.29851499 0.02163860
v 4.35825014 -0.28503549 0.04485094
v 4.38940239 -0.30982119 0.04875103
v 4.36848354 -0.27463380 0.01990751
v 4.34660292 -0.29431230 0.06961737
v 4.33358812 -0.30242759 0.09410904
v 4.33007097 -0.34244585 0.15422064
v 4.28687525 -0.31950772 0.16497672
v 4.26895332 -0.32270429 0.18741935
v 4.31182098 -0.34729099 0.17932251
v 4.23000002 -0.32526913 0.23000000
v 4.20912218 -0.32462728 0.24996996
v 4.24996996 -0.32462728 0.20912233
v 4.29234076 -0.35076553 0.20371668
v 4.27170658 -0.35285574 0.22730689
v 4.25000000 -0.35355338 0.25000000
v 4.30366516 -0.31505018 0.14188299
v 4.23438263 -0.24610031 0.21679752
v 4.23192072 -0.24665293 0.21867067
v 4.23948145 -0.24459557 0.21345121
v 4.24209833 -0.24364942 0.21199124
v 4.23690605 -0.24541362 0.21505541
v 4.22499990 -0.24748737 0.22499999
v 4.22066736 -0.24706933 0.22952986
v 4.22278023 -0.24734785 0.22721998
v 4.21867085 -0.24665293 0.23192053
v 4.22952986 -0.24706933 0.22066747
v 4.22722006 -0.24734785 0.22278002
v 4.21505547 -0.24541362 0.23690620
v 4.21345139 -0.24459557 0.23948154
v 4.21199131 -0.24364942 0.24209838
v 4.21679735 -0.24610031 0.23438255
v 4.26690626 -0.28784001 0.24505541
v 4.26192045 -0.28907934 0.24867067
v 4.26438236 -0.28852671 0.24679752
v 4.27209854 -0.28607583 0.24199124
v 4.27474642 -0.28500530 0.24068128
v 4.27741528 -0.28381458 0.23952650
v 4.28267860 -0.28095865 0.23760577
v 4.27957296 -0.28276265 0.23872510
v 4.28007793 -0.28248587 0.23851548
v 4.26948166 -0.28702199 0.24345119
v 4.28527164 -0.27933234 0.23686697
v 4.28784800 -0.27761334 0.23630199
v 4.29039669 -0.27580845 0.23591307
v 4.29290771 -0.27392477 0.23570174
v 4.29537201 -0.27196977 0.23566882
v 4.29777861 -0.26995111 0.23581445
v 4.30011892 -0.26787680 0.23613808
v 4.30238342 -0.26575500 0.23663838
v 4.30456305 -0.26359412 0.23731342
v 4.30664968 -0.26140267 0.23816052
v 4.30863476 -0.25918928 0.23917633
v 4.31051016 -0.25696272 0.24035686
v 4.31226873 -0.25473171 0.24169743
v 4.31390333 -0.25250515 0.24319276
v 4.31540823 -0.25029176 0.24483696
v 4.31677675 -0.24810031 0.24662352
v 4.31800365 -0.24593942 0.24854539
v 4.34701824 -0.33624926 0.12851012
v 4.49032497 -0.09568962 0.04500075
v 4.46848345 -0.13321245 0.11990751
v 4.48455238 -0.10920281 0.06988370
v 4.42042017 -0.09739064 0.11731088
v 4.47726250 -0.12172689 0.09488552
v 4.24474621 -0.24257888 0.21068127
v 4.24576187 -0.24212591 0.21024197
v 4.21068144 -0.24257888 0.24474640
v 4.21024179 -0.24212591 0.24576165
v 4.20947361 -0.24131344 0.24736232
v 4.20839643 -0.23989137 0.24995930
v 4.24736214 -0.24131344 0.20947364
v 4.24995947 -0.23989137 0.20839661
v 4.25255966 -0.23836416 0.20748691
v 4.25515270 -0.23673785 0.20674811
v 4.25772905 -0.23501885 0.20618314
v 4.26027775 -0.23321395 0.20579420
v 4.26278877 -0.23133028 0.20558287
v 4.26525307 -0.22937524 0.20554996
v 4.26765966 -0.22735660 0.20569558
v 4.26999998 -0.22528230 0.20601921
v 4.27226448 -0.22316051 0.20651951
v 4.27444458 -0.22099961 0.20719455
v 4.27653074 -0.21880816 0.20804165
v 4.27851582 -0.21659477 0.20905747
v 4.28039122 -0.21436819 0.21023799
v 4.28214979 -0.21213722 0.21157856
v 4.28378439 -0.20991065 0.21307389
v 4.28528929 -0.20769726 0.21471809
v 4.28665781 -0.20550580 0.21650465
v 4.28788471 -0.20334491 0.21842653
v 4.28896523 -0.20122312 0.22047615
v 4.28989506 -0.19914882 0.22264540
v 4.29067087 -0.19713017 0.22492574
v 4.29128933 -0.19517514 0.22730817
v 4.29174757 -0.19329147 0.22978327
v 4.29204416 -0.19148657 0.23234129
v 4.29217815 -0.18976757 0.23497213
v 4.29214907 -0.18814126 0.23766540
v 4.29195642 -0.18661405 0.24041049
v 4.29160118 -0.18519197 0.24319653
v 4.29108524 -0.18388064 0.24601257
v 4.29041004 -0.18268523 0.24884747
v 4.40366507 -0.17362884 0.24188298
v 4.41152191 -0.10643560 0.13900082
v 4.40139389 -0.11450239 0.16053684
v 4.39007664 -0.12155915 0.18183395
v 4.45825005 -0.14361414 0.14485094
v 4.44660330 -0.15289094 0.16961737
v 4.36405659 -0.13253534 0.22337651
v 4.34945679 -0.13641143 0.24345802
v 4.37761450 -0.12757805 0.20280810
v 4.43358803 -0.16100623 0.19410904
v 4.41925669 -0.16792797 0.21822931
v 3.84500074 -0.37853235 0.29032481
v 3.82794261 -0.35949156 0.31198251
v 3.90653419 -0.37181181 0.30618793
v 3.92947888 -0.38633248 0.29520130
v 3.98163676 -0.37443388 0.29503593
v 3.96247840 -0.35585073 0.31105429
v 3.96217775 -0.35495695 0.31170478
v 3.98084021 -0.37168989 0.29722008
v 3.97809172 -0.36561984 0.30213967
v 3.88362861 -0.35621619 0.31568155
v 3.85489011 -0.36536148 0.36608478
v 3.88010836 -0.38375154 0.35726777
v 3.86085248 -0.33960718 0.32364467
v 3.94241595 -0.33735150 0.32479265
v 3.94308162 -0.33765703 0.32455912
v 3.92367363 -0.31978729 0.33577135
v 3.92168307 -0.31879014 0.33635175
v 3.93857956 -0.33016843 0.32945958
v 3.95869446 -0.34796906 0.31681311
v 3.87776923 -0.30575427 0.34141695
v 3.86722755 -0.28577608 0.34990501
v 3.90055871 -0.29996154 0.34588277
v 3.90371227 -0.30167422 0.34515116
v 3.87509179 -0.29038283 0.34855571
v 3.88043690 -0.28938591 0.34951472
v 3.87921762 -0.28081042 0.35343969
v 3.88338089 -0.28324911 0.35272542
v 3.89696693 -0.29374793 0.34890634
v 3.86631680 -0.26543215 0.35879841
v 3.84695125 -0.24562822 0.36375237
v 3.85841775 -0.26046014 0.35966608
v 3.85223579 -0.25114790 0.36252826
v 3.87195969 -0.27117398 0.35698923
v 3.87292337 -0.27266774 0.35640156
v 3.87580967 -0.27501607 0.35579580
v 3.91794443 -0.31211764 0.34014100
v 3.99853873 -0.38827834 0.28091171
v 3.99654865 -0.38326126 0.28535864
v 4.15422058 -0.34244585 0.33007094
v 4.10229254 -0.32872564 0.36259580
v 4.12851000 -0.33624926 0.34701812
v 4.14188290 -0.31505018 0.30366528
v 4.04485083 -0.28503549 0.35825014
v 4.06961727 -0.29431230 0.34660307
v 4.01990747 -0.27463380 0.36848333
v 4.11822939 -0.30934933 0.31925669
v 4.09410906 -0.30242759 0.33358815
v 3.99444079 -0.28603071 0.41006771
v 3.99488544 -0.26314825 0.37726229
v 3.96988368 -0.25062415 0.38455239
v 3.94021821 -0.25772932 0.42426610
v 3.96726489 -0.27241758 0.41799173
v 4.07567120 -0.31990469 0.37674248
v 4.02163839 -0.29851499 0.40052536
v 4.04875088 -0.30982119 0.38940230
v 3.83787560 -0.23950748 0.36417210
v 3.83223677 -0.23110721 0.36604956
v 3.89598346 -0.20733434 0.39723167
v 3.86091566 -0.20781347 0.43297702
v 3.88693833 -0.22536342 0.43177357
v 3.84860635 -0.17428792 0.39787397
v 3.87204242 -0.19118840 0.39833885
v 3.83544159 -0.18944338 0.43247169
v 3.94500065 -0.23711099 0.39032483
v 3.92033482 -0.22266203 0.39455682
v 3.91340756 -0.24202394 0.42886612
v 4.16053677 -0.11450239 0.40139398
v 4.11731100 -0.09739064 0.42042029
v 4.13900089 -0.10643560 0.41152185
v 4.04500055 -0.09568962 0.49032483
v 4.06988382 -0.10920281 0.48455238
v 4.11990738 -0.13321245 0.46848333
v 4.14485073 -0.14361414 0.45825014
v 4.09488535 -0.12172689 0.47726229
v 4.18741941 -0.32270429 0.26895341
v 4.22730684 -0.35285574 0.27170649
v 4.20371675 -0.35076553 0.29234067
v 4.17932272 -0.34729099 0.31182110
v 4.16497660 -0.31950772 0.28687543
v 4.24679756 -0.28852671 0.26438254
v 4.24505520 -0.28784001 0.26690620
v 4.24345112 -0.28702199 0.26948154
v 4.24199104 -0.28607583 0.27209839
v 4.24068117 -0.28500530 0.27474642
v 4.23952627 -0.28381458 0.27741516
v 4.23872519 -0.28276265 0.27957273
v 4.23851538 -0.28248587 0.28007817
v 4.23760557 -0.28095865 0.28267846
v 4.23630190 -0.27761334 0.28784785
v 4.23686695 -0.27933234 0.28527176
v 4.23591328 -0.27580845 0.29039657
v 4.23570156 -0.27392477 0.29290786
v 4.23566866 -0.27196977 0.29537183
v 4.23581457 -0.26995111 0.29777870
v 4.23613787 -0.26787680 0.30011901
v 4.23663855 -0.26575500 0.30238351
v 4.23731327 -0.26359412 0.30456328
v 4.23816061 -0.26140267 0.30664968
v 4.23917627 -0.25918928 0.30863452
v 4.24035692 -0.25696272 0.31050995
v 4.24169731 -0.25473171 0.31226858
v 4.25721979 -0.28977424 0.25278002
v 4.25500011 -0.28991377 0.25500000
v 4.25277996 -0.28977424 0.25721997
v 4.25953007 -0.28949574 0.25066745
v 4.25066757 -0.28949574 0.25952986
v 4.24867058 -0.28907934 0.26192054
v 4.31908417 -0.24381763 0.25059500
v 4.24319267 -0.25250515 0.31390345
v 4.24483681 -0.25029176 0.31540811
v 4.24662352 -0.24810031 0.31677663
v 4.24854517 -0.24593942 0.31800359
v 4.25059509 -0.24381763 0.31908420
v 4.20748711 -0.23836416 0.25255960
v 4.20674801 -0.23673785 0.25515291
v 4.20618296 -0.23501885 0.25772899
v 4.20579433 -0.23321395 0.26027772
v 4.20558310 -0.23133028 0.26278901
v 4.20554972 -0.22937524 0.26525295
v 4.20569563 -0.22735660 0.26765984
v 4.20601940 -0.22528230 0.27000013
v 4.20651960 -0.22316051 0.27226463
v 4.20719433 -0.22099961 0.27444440
v 4.20804167 -0.21880816 0.27653083
v 4.20905733 -0.21659477 0.27851567
v 4.21023798 -0.21436819 0.28039110
v 4.21157837 -0.21213722 0.28214970
v 4.21307373 -0.20991065 0.28378457
v 4.21471786 -0.20769726 0.28528923
v 4.21650457 -0.20550580 0.28665775
v 4.21842670 -0.20334491 0.28788474
v 4.22047615 -0.20122312 0.28896531
v 4.22264528 -0.19914882 0.28989527
v 4.22492552 -0.19713017 0.29067087
v 4.22730827 -0.19517514 0.29128909
v 4.22978306 -0.19329147 0.29174751
v 4.23234129 -0.19148657 0.29204428
v 4.23497200 -0.18976757 0.29217827
v 4.23766518 -0.18814126 0.29214892
v 4.24041033 -0.18661405 0.29195637
v 4.24319649 -0.18519197 0.29160133
v 4.24601269 -0.18388064 0.29108524
v 4.32001400 -0.24174333 0.25276425
v 4.32078981 -0.23972468 0.25504461
v 4.32140779 -0.23776965 0.25742704
v 4.32186651 -0.23588598 0.25990215
v 4.32216311 -0.23408107 0.26246017
v 4.32229710 -0.23236208 0.26509100
v 4.32226801 -0.23073576 0.26778427
v 4.32207537 -0.22920856 0.27052936
v 4.32172012 -0.22778648 0.27331540
v 4.32120419 -0.22647515 0.27613142
v 4.32052898 -0.22527973 0.27896634
v 4.32036734 -0.22507055 0.27951956
v 4.31963158 -0.22411159 0.28174287
v 4.31856155 -0.22304106 0.28449661
v 4.31733990 -0.22209489 0.28723258
v 4.31445885 -0.22059017 0.29260823
v 4.31597042 -0.22127686 0.28994003
v 4.31281185 -0.22003753 0.29522669
v 4.30913544 -0.21934263 0.30027321
v 4.30712128 -0.21920310 0.30268136
v 4.29778481 -0.21962115 0.31103489
v 4.30268145 -0.21920310 0.30712131
v 4.30499983 -0.21920310 0.30500001
v 4.30027342 -0.21934263 0.30913559
v 4.31103468 -0.21962115 0.29778504
v 4.28856182 -0.18061465 0.25449660
v 4.28733969 -0.17966849 0.25723258
v 4.28597021 -0.17885046 0.25994003
v 4.28445911 -0.17816377 0.26260823
v 4.28281164 -0.17761113 0.26522669
v 4.26778507 -0.17719474 0.28103489
v 4.27712154 -0.17677669 0.27268136
v 4.28103495 -0.17719474 0.26778504
v 4.27913570 -0.17691623 0.27027321
v 4.27268124 -0.17677669 0.27712131
v 4.27500010 -0.17677669 0.27500001
v 4.27027321 -0.17691623 0.27913558
v 4.28957891 -0.18161044 0.25169003
v 4.28896856 -0.18102190 0.25344905
v 4.25344896 -0.18102190 0.28896871
v 4.25449657 -0.18061465 0.28856173
v 4.25723267 -0.17966849 0.28733972
v 4.26260805 -0.17816377 0.28445902
v 4.25994015 -0.17885046 0.28597036
v 4.24884748 -0.18268523 0.29041016
v 4.25168991 -0.18161044 0.28957871
v 4.26522684 -0.17761113 0.28281170
v 4.25276423 -0.24174333 0.32001412
v 4.25504446 -0.23972468 0.32078972
v 4.25742722 -0.23776965 0.32140797
v 4.25990200 -0.23588598 0.32186639
v 4.26246023 -0.23408107 0.32216316
v 4.26509094 -0.23236208 0.32229713
v 4.26778412 -0.23073576 0.32226777
v 4.27052927 -0.22920856 0.32207522
v 4.27331543 -0.22778648 0.32172018
v 4.27613163 -0.22647515 0.32120413
v 4.27896643 -0.22527973 0.32052901
v 4.27951956 -0.22507055 0.32036719
v 4.28174305 -0.22411159 0.31963155
v 4.28723240 -0.22209489 0.31733972
v 4.28449678 -0.22304106 0.31856173
v 4.28993988 -0.22127686 0.31597036
v 4.29260826 -0.22059017 0.31445903
v 4.29522657 -0.22003753 0.31281170
v 4.32999992 -0.18384777 0.33000001
v 4.28741932 -0.18128292 0.36895341
v 4.30912256 -0.18320592 0.34996995
v 4.31736517 -0.14086322 0.28184551
v 4.30000019 -0.14142136 0.30000001
v 4.24345779 -0.13641143 0.34945688
v 4.22337627 -0.13253534 0.36405677
v 4.28184557 -0.14086322 0.31736520
v 4.26297331 -0.13919106 0.33387253
v 4.38687563 -0.17808636 0.26497671
v 4.36895323 -0.18128292 0.28741935
v 4.34996986 -0.18320592 0.30912232
v 4.33387232 -0.13919106 0.26297334
v 4.24188280 -0.17362884 0.40366527
v 4.26497650 -0.17808636 0.38687542
v 4.19410896 -0.16100623 0.43358815
v 4.21822929 -0.16792797 0.41925669
v 4.18183374 -0.12155915 0.39007664
v 4.20280790 -0.12757805 0.37761450
v 4.16961718 -0.15289094 0.44660309
v 4.49455690 -0.08124068 0.02033485
v 4.43941307 -0.06476211 0.05217456
v 4.44309282 -0.05219780 0.03072596
v 4.44541883 -0.03886937 0.00955074
v 4.43439341 -0.07651270 0.07381192
v 4.42805433 -0.08740321 0.09555262
v 3.98873258 -0.02482942 0.44638160
v 3.94860625 -0.03286655 0.49787396
v 3.97204232 -0.04976704 0.49833885
v 3.91064429 0.03730001 0.43660542
v 3.90361691 0.00292850 0.49224153
v 3.86172462 0.04090767 0.48042321
v 3.88224101 0.02168181 0.48709622
v 3.94849372 0.00516084 0.44420770
v 3.96835327 -0.01013335 0.44597736
v 3.92576790 -0.01527824 0.49583885
v 3.92923212 0.02099279 0.44107959
v 4.07381201 -0.07651270 0.43439338
v 4.09555244 -0.08740321 0.42805418
v 4.05217457 -0.06476211 0.43941289
v 4.02033472 -0.08124068 0.49455681
v 3.99598336 -0.06591298 0.49723169
v 4.03072596 -0.05219780 0.44309288
v 4.00955057 -0.03886937 0.44541886
v 3.85964346 0.08842192 0.41530904
v 3.87578130 0.07108124 0.42369467
v 3.89280391 0.05401815 0.43080279
v 3.84445429 0.10597176 0.40567905
v 3.83027363 0.12366152 0.39484268
v 3.84214854 0.06053022 0.47224885
v 2.88386488 0.20938990 -0.76872790
v 2.88445377 0.21026202 -0.76752657
v 2.89080477 0.21995682 -0.75547343
v 2.89891648 0.23133515 -0.73692167
v 2.89950562 0.23216918 -0.73559737
v 2.89194155 0.20276956 -0.69378185
v 2.90561223 0.24111187 -0.72281581
v 2.91327810 0.25131434 -0.70355201
v 2.91386485 0.25210232 -0.70209980
v 2.91970468 0.26026130 -0.68863952
v 2.89907074 0.21224862 -0.67583621
v 2.89959884 0.21295872 -0.67453116
v 2.90497065 0.22047421 -0.66218400
v 2.91166091 0.22883379 -0.64365715
v 2.91218138 0.22949176 -0.64224005
v 2.91728735 0.23625468 -0.62930673
v 2.92689323 0.26924947 -0.66875196
v 2.92747402 0.26998264 -0.66716713
v 2.93302631 0.27732950 -0.65307933
v 2.93970895 0.28507078 -0.63265997
v 2.94027996 0.28573954 -0.63093817
v 3.05493879 0.20368460 -0.67184341
v 3.05846691 0.20701377 -0.66396081
v 3.05848622 0.20709090 -0.66381943
v 3.06226873 0.21061291 -0.65501517
v 3.06028676 0.22180222 -0.63670188
v 3.06345844 0.22470734 -0.62859339
v 3.06347513 0.22476625 -0.62846583
v 2.92351246 0.24346527 -0.61028212
v 2.92402148 0.24406293 -0.60875064
v 2.92884254 0.25004864 -0.59527975
v 2.93457842 0.25608641 -0.57584345
v 2.93507266 0.25661504 -0.57419604
v 2.93959117 0.26180169 -0.56023735
v 2.94481611 0.26664865 -0.54047763
v 2.94529104 0.26709905 -0.53871351
v 2.94949079 0.27146745 -0.52431780
v 2.95418572 0.27511176 -0.50432462
v 2.95463657 0.27547425 -0.50244397
v 2.94552469 0.29224908 -0.61627567
v 2.95167446 0.29871708 -0.59541976
v 2.95223141 0.29931101 -0.59355718
v 2.95715046 0.30496123 -0.57837367
v 2.96274352 0.31013605 -0.55717921
v 2.96328139 0.31064385 -0.55517280
v 2.96785784 0.31541574 -0.53952301
v 2.97287297 0.31928429 -0.51808995
v 2.97338653 0.31969398 -0.51593775
v 3.06693411 0.22784898 -0.61930782
v 3.06508780 0.23774250 -0.60042250
v 3.06793976 0.24019855 -0.59212047
v 3.06795359 0.24024318 -0.59200478
v 3.07110953 0.24284472 -0.58253449
v 3.06932831 0.25143963 -0.56314898
v 3.15468645 0.20562948 -0.59198868
v 3.15648913 0.20847498 -0.58375454
v 3.15648699 0.20852277 -0.58363938
v 3.05823731 0.20574877 -0.54643369
v 3.06054950 0.20764638 -0.53859240
v 3.06055689 0.20768099 -0.53848749
v 3.06312895 0.20966065 -0.52946389
v 3.06161284 0.21625407 -0.51130718
v 3.06367397 0.21773794 -0.50324446
v 3.06366897 0.21771269 -0.50333989
v 3.07188582 0.25342900 -0.55468607
v 3.07189655 0.25346220 -0.55458087
v 3.07299590 0.26283729 -0.52502936
v 3.15428162 0.21984138 -0.55576319
v 3.15584421 0.22220251 -0.54738188
v 3.15584159 0.22223844 -0.54727709
v 3.15354037 0.23177035 -0.51870853
v 3.15488386 0.23363715 -0.51020968
v 3.15488029 0.23366342 -0.51011431
v 3.15639567 0.23561282 -0.50025737
v 3.07476187 0.25554919 -0.54483980
v 3.07527590 0.26434818 -0.51643789
v 3.07528400 0.26437214 -0.51634210
v 3.07786536 0.26591805 -0.50637203
v 2.95850182 0.27900773 -0.48766291
v 2.96265101 0.28144395 -0.46752712
v 2.96307302 0.28170854 -0.46553144
v 2.96658921 0.28439280 -0.45041731
v 2.97760415 0.32357132 -0.49987695
v 2.98202395 0.32612774 -0.47830665
v 2.98250723 0.32642663 -0.47600809
v 2.98635149 0.32939586 -0.45959198
v 2.97017908 0.28562188 -0.43022999
v 2.97056723 0.28577843 -0.42812228
v 2.97372055 0.28760141 -0.41272801
v 2.97674155 0.28763089 -0.39257967
v 2.97709012 0.28766930 -0.39036459
v 3.06597996 0.21921900 -0.49400777
v 3.06444931 0.22459751 -0.47554079
v 3.06626368 0.22562712 -0.46738949
v 3.06626105 0.22560950 -0.46747619
v 3.06830692 0.22658996 -0.45797896
v 3.06673765 0.23074520 -0.43927693
v 3.07607865 0.27188873 -0.48621532
v 3.07809377 0.27291402 -0.47752675
v 3.07809901 0.27293047 -0.47743958
v 3.15246868 0.24136807 -0.48097196
v 3.15360808 0.24273440 -0.47238490
v 3.15360355 0.24275276 -0.47229820
v 3.08039880 0.27391449 -0.46728283
v 3.15490055 0.24412647 -0.46226785
v 3.15107274 0.24859564 -0.44270366
v 3.06831384 0.23131770 -0.43106434
v 3.06831336 0.23130627 -0.43114284
v 3.07009459 0.23174727 -0.42151967
v 3.06847024 0.23467214 -0.40266010
v 3.06981397 0.23478726 -0.39441249
v 3.06981564 0.23478086 -0.39448324
v 3.07133102 0.23467274 -0.38477385
v 3.14317393 0.20421992 -0.39943558
v 3.14381909 0.20460537 -0.39139682
v 3.14381051 0.20461258 -0.39132684
v 3.14452887 0.20481662 -0.38185716
v 3.15201926 0.24945864 -0.43405697
v 3.15201378 0.24947050 -0.43397838
v 3.15309715 0.25025263 -0.42381585
v 3.14936018 0.25342384 -0.40405625
v 3.15012193 0.25378338 -0.39537722
v 3.15011549 0.25378993 -0.39530632
v 3.15098763 0.25396875 -0.38505346
v 2.99016094 0.33064157 -0.43798622
v 3.07856655 0.27855685 -0.44686168
v 3.08032513 0.27909335 -0.43810615
v 3.08032799 0.27910367 -0.43802699
v 2.99060774 0.33081645 -0.43554243
v 2.99406505 0.33286631 -0.41882712
v 2.99725342 0.33281028 -0.39728716
v 2.99765682 0.33284777 -0.39470139
v 3.00071430 0.33396900 -0.37774321
v 3.08234549 0.27951011 -0.42772612
v 3.08045173 0.28281435 -0.40712568
v 3.08195972 0.28286201 -0.39833155
v 3.08196044 0.28286737 -0.39826003
v 3.08369255 0.28268528 -0.38785794
v 2.97986817 0.28862092 -0.37474376
v 2.98231339 0.28746486 -0.35472342
v 2.98261690 0.28737533 -0.35240766
v 2.98500776 0.28744724 -0.33661443
v 2.98687363 0.28512612 -0.31680879
v 2.98712659 0.28489953 -0.31440118
v 2.98911881 0.28408507 -0.29849049
v 3.06964111 0.23636255 -0.36583641
v 3.07075691 0.23602206 -0.35757881
v 3.07076025 0.23601967 -0.35764208
v 3.07200718 0.23535651 -0.34788665
v 3.07024646 0.23580976 -0.32895288
v 3.07113743 0.23501705 -0.32070890
v 3.07114244 0.23501778 -0.32076490
v 3.14130998 0.20643896 -0.36369324
v 3.14179158 0.20636043 -0.35564288
v 3.14178252 0.20636332 -0.35558042
v 3.14230752 0.20600297 -0.34606680
v 3.13917017 0.20642608 -0.32788587
v 3.13949275 0.20588565 -0.31984723
v 3.13948298 0.20588516 -0.31979209
v 3.14733911 0.25583330 -0.36518413
v 3.14792180 0.25569141 -0.35649845
v 3.14791441 0.25569370 -0.35643494
v 3.14857531 0.25526142 -0.34613404
v 3.14501858 0.25581458 -0.32624272
v 3.14542627 0.25517493 -0.31757423
v 3.14541817 0.25517389 -0.31751800
v 3.07211733 0.23379722 -0.31100395
v 3.07028461 0.23301639 -0.29215673
v 3.07095313 0.23177598 -0.28394854
v 3.07095909 0.23177901 -0.28399739
v 3.07165837 0.23000212 -0.27427161
v 3.06975627 0.22799426 -0.25559470
v 3.13981533 0.20495616 -0.31027442
v 3.13676357 0.20418181 -0.29215616
v 3.13692999 0.20318264 -0.28415143
v 3.13692021 0.20317961 -0.28410348
v 3.14586663 0.25412655 -0.30721155
v 3.14240861 0.25336829 -0.28738779
v 3.14264393 0.25223571 -0.27875856
v 3.14263535 0.25223216 -0.27870944
v 3.14286876 0.25056940 -0.26844004
v 3.00327444 0.33262789 -0.35636866
v 3.00362754 0.33251464 -0.35364667
v 3.00820208 0.33009750 -0.31538999
v 3.00849748 0.32982072 -0.31254053
v 3.00627303 0.33269957 -0.33650240
v 3.08172774 0.28464389 -0.36716631
v 3.08298922 0.28420517 -0.35835993
v 3.08298779 0.28420663 -0.35829574
v 3.08442998 0.28342932 -0.34783551
v 3.08239079 0.28403819 -0.32714367
v 3.08340836 0.28311747 -0.31834912
v 3.08340526 0.28311589 -0.31829205
v 2.99040556 0.28062549 -0.27898291
v 2.99060225 0.28025362 -0.27649465
v 2.99218512 0.27854764 -0.26052248
v 3.01071954 0.32906300 -0.29526746
v 3.01201844 0.32523140 -0.27450973
v 3.01224852 0.32477933 -0.27154475
v 3.01403618 0.32307371 -0.25420108
v 3.08455157 0.28174081 -0.30781674
v 3.08243895 0.28100011 -0.28721806
v 3.08321404 0.27960297 -0.27845719
v 3.08320951 0.27959919 -0.27840722
v 3.08405352 0.27762762 -0.26795965
v 3.07020330 0.22631143 -0.24744323
v 3.07021022 0.22631599 -0.24748495
v 3.07062984 0.22398710 -0.23783505
v 3.06866384 0.22076441 -0.21941246
v 3.06889057 0.21864472 -0.21133746
v 3.06889772 0.21865012 -0.21137212
v 3.06903434 0.21577665 -0.20183863
v 2.99303150 0.27345794 -0.23883672
v 2.99289632 0.27398190 -0.24139202
v 2.99419451 0.27085683 -0.22286016
v 2.99433661 0.26522237 -0.20418085
v 2.99440575 0.26454133 -0.20157458
v 3.13604546 0.23625606 -0.19196309
v 3.08187294 0.27554271 -0.24754940
v 3.08240604 0.27367532 -0.23884189
v 3.08240032 0.27367008 -0.23879898
v 3.08293557 0.27110684 -0.22842181
v 3.13958478 0.24688491 -0.24020490
v 3.13957620 0.24687970 -0.24016289
v 3.13952041 0.24850513 -0.24877465
v 3.13959146 0.24460457 -0.22997308
v 3.08069515 0.26768917 -0.20829615
v 3.08098602 0.26535764 -0.19966000
v 3.08097959 0.26535168 -0.19962418
v 3.08119965 0.26220489 -0.18935965
v 3.13636541 0.24124579 -0.21055740
v 3.13626003 0.23914334 -0.20206597
v 3.13625121 0.23913722 -0.20203105
v 3.06702566 0.20881152 -0.17580189
v 3.06701875 0.20880596 -0.17577428
v 3.06701207 0.21135694 -0.18375376
v 3.06687689 0.20540382 -0.16642505
v 2.99472189 0.25438163 -0.16749227
v 2.99472070 0.25354064 -0.16485339
v 2.99513960 0.26104298 -0.18565218
v 2.99501586 0.24914479 -0.14904542
v 2.99405050 0.24150194 -0.13146687
v 2.99397612 0.24050067 -0.12881580
v 3.13295698 0.23162094 -0.17288816
v 3.13268137 0.22904126 -0.16449288
v 3.13267326 0.22903496 -0.16446504
v 3.12930846 0.21967088 -0.13591622
v 3.12886262 0.21661833 -0.12763458
v 3.12885547 0.21661256 -0.12761380
v 3.13224363 0.22555718 -0.15456092
v 3.07891130 0.25747269 -0.16961470
v 3.07895899 0.25468266 -0.16106670
v 3.07895231 0.25467664 -0.16103801
v 3.07885146 0.25095737 -0.15092804
v 3.07652855 0.24493615 -0.13165846
v 3.01634598 0.30775437 -0.19052577
v 3.01626658 0.30858517 -0.19367121
v 3.01486754 0.31741321 -0.23082016
v 3.01470971 0.31805074 -0.23388503
v 3.01620960 0.31475529 -0.21346541
v 3.01723170 0.30414060 -0.17322116
v 3.01709795 0.29127148 -0.13362716
v 3.01668429 0.29687259 -0.15402113
v 3.01667929 0.29584357 -0.15081815
v 2.98932695 0.20851962 -0.05934640
v 2.98955345 0.20983110 -0.06195474
v 2.99382448 0.23520927 -0.11318432
v 2.99232578 0.22663288 -0.09624264
v 2.99156952 0.21929139 -0.07821041
v 2.99217558 0.22547381 -0.09360138
v 3.07311320 0.22643802 -0.08625486
v 3.07310843 0.22643381 -0.08624049
v 3.07235432 0.22161373 -0.07656416
v 3.01391602 0.26547125 -0.07377424
v 3.01410246 0.26689684 -0.07700996
v 3.07589936 0.23740906 -0.11327960
v 3.07355714 0.23013185 -0.09457713
v 3.12820005 0.21255052 -0.11791514
v 3.12543511 0.20544538 -0.09978744
v 3.07633138 0.24169235 -0.12321495
v 3.07632542 0.24168693 -0.12319343
v 3.06931639 0.20898002 -0.05033305
v 3.06931353 0.20897759 -0.05032575
v 3.07000971 0.21312109 -0.05851603
v 3.06823087 0.20363411 -0.04092804
v 3.00700307 0.22857833 -0.00401785
v 3.00662971 0.22678384 -0.00087409
v 3.01083231 0.24713181 -0.03673453
v 3.01111245 0.24874748 -0.03994050
v 3.01337051 0.25898194 -0.05701178
v 3.00979137 0.23968892 -0.02029277
v 3.01596189 0.28295872 -0.11508494
v 3.01586771 0.28173012 -0.11185091
v 3.01580930 0.27619877 -0.09483967
v 3.15846896 0.21155722 -0.57424974
v 3.15758371 0.22474308 -0.53763402
v 3.23820090 0.21111941 -0.50546688
v 3.24433160 0.20463131 -0.52336550
v 3.23860192 0.21320838 -0.49714452
v 3.23858666 0.21323532 -0.49705058
v 3.23903251 0.21543607 -0.48740056
v 3.23314309 0.22071421 -0.46911931
v 3.23340130 0.22229604 -0.46071303
v 3.23338699 0.22231489 -0.46062765
v 3.23367834 0.22393441 -0.45081255
v 3.32452393 0.20381632 -0.47696435
v 3.32455087 0.20379035 -0.47705588
v 3.32392502 0.20611970 -0.46760908
v 3.31628728 0.21068896 -0.45044181
v 3.31565881 0.21238089 -0.44220752
v 3.31568289 0.21236293 -0.44229075
v 3.22802138 0.22798637 -0.43222839
v 3.22815037 0.22905892 -0.42376500
v 3.22813654 0.22907111 -0.42368767
v 3.22828341 0.23009400 -0.41374689
v 3.22285771 0.23290676 -0.39494097
v 3.22286725 0.23347014 -0.38644651
v 3.22285390 0.23347685 -0.38637683
v 3.22286367 0.23389146 -0.37635073
v 3.31496811 0.21410564 -0.43269074
v 3.30768180 0.21752428 -0.41518837
v 3.30701017 0.21869138 -0.40697825
v 3.30698800 0.21870269 -0.40690285
v 3.30622101 0.21983472 -0.39726174
v 3.29929161 0.22208939 -0.37950274
v 3.41213155 0.20372312 -0.45766187
v 3.41069293 0.20589162 -0.44983399
v 3.41073060 0.20586821 -0.44992223
v 3.40909958 0.20815614 -0.44085324
v 3.39995694 0.21181855 -0.42488527
v 3.39849734 0.21348253 -0.41697708
v 3.39853072 0.21346684 -0.41705742
v 3.39687324 0.21517895 -0.40783390
v 3.38818431 0.21777961 -0.39149243
v 3.38672018 0.21894069 -0.38352659
v 3.38674998 0.21893141 -0.38359940
v 3.49250555 0.22177804 -0.40727243
v 3.48212314 0.22437242 -0.39256382
v 3.47993636 0.22588585 -0.38511896
v 3.47989440 0.22589798 -0.38504219
v 3.47740769 0.22744273 -0.37633857
v 3.21767378 0.23545587 -0.35740581
v 3.21757174 0.23551199 -0.34890512
v 3.21755886 0.23551427 -0.34884286
v 3.21743608 0.23531243 -0.33877245
v 3.21249151 0.23562384 -0.31977278
v 3.29856467 0.22275029 -0.37125814
v 3.29854441 0.22275615 -0.37119025
v 3.29771280 0.22328450 -0.36146325
v 3.29115152 0.22436638 -0.34352705
v 3.29035974 0.22452459 -0.33521119
v 3.29037833 0.22452319 -0.33527181
v 3.28947282 0.22444148 -0.32543772
v 3.21228337 0.23517598 -0.31128928
v 3.21227074 0.23517478 -0.31123424
v 3.21201873 0.23435183 -0.30116111
v 3.20733190 0.23341060 -0.28219211
v 3.20702171 0.23246303 -0.27374780
v 3.20700955 0.23245920 -0.27369988
v 3.20662975 0.23101382 -0.26366583
v 3.28246546 0.22400041 -0.29910815
v 3.28248262 0.22400250 -0.29916164
v 3.28153038 0.22330114 -0.28932834
v 3.28329420 0.22434658 -0.30740476
v 3.27391410 0.21986800 -0.25327861
v 3.27575231 0.22203073 -0.27127990
v 3.27489138 0.22118504 -0.26302409
v 3.27490711 0.22118975 -0.26307061
v 3.38508487 0.22005683 -0.37425566
v 3.37686157 0.22158284 -0.35761598
v 3.37540627 0.22224370 -0.34961522
v 3.37543297 0.22223969 -0.34968081
v 3.36603498 0.22321354 -0.32339063
v 3.36459899 0.22337770 -0.31537741
v 3.36462283 0.22337797 -0.31543598
v 3.37377596 0.22277002 -0.34025273
v 3.46756291 0.22907491 -0.36121365
v 3.46542311 0.23010960 -0.35369387
v 3.46538639 0.23011577 -0.35362419
v 3.46294951 0.23110071 -0.34478512
v 3.44918299 0.23273645 -0.31273863
v 3.45366025 0.23175903 -0.32931563
v 3.45158267 0.23231761 -0.32174230
v 3.45155025 0.23231889 -0.32167947
v 3.36298680 0.22330739 -0.30596080
v 3.35574841 0.22266565 -0.28895274
v 3.34604311 0.21994205 -0.25443944
v 3.35434008 0.22233750 -0.28094888
v 3.35436153 0.22234111 -0.28100052
v 3.35275745 0.22166644 -0.27151653
v 3.44047141 0.23241456 -0.29699650
v 3.43846846 0.23250036 -0.28939092
v 3.43843985 0.23249769 -0.28933480
v 3.43615961 0.23234259 -0.28032735
v 3.42804980 0.23103946 -0.26438481
v 3.42613125 0.23065637 -0.25676799
v 3.42610621 0.23065063 -0.25671849
v 3.51297832 0.20899326 -0.45312607
v 3.52440381 0.20453161 -0.46678516
v 3.51075721 0.21146934 -0.44589311
v 3.51070213 0.21149729 -0.44580117
v 3.65533304 0.20557013 -0.48635927
v 3.65226674 0.20924154 -0.47991773
v 3.65237284 0.20918562 -0.48002788
v 3.64896655 0.21305591 -0.47282183
v 3.63532805 0.21765086 -0.46196073
v 3.63222265 0.22083007 -0.45536983
v 3.63231206 0.22078793 -0.45547146
v 3.62884569 0.22415888 -0.44801170
v 3.50818896 0.21413037 -0.43746209
v 3.49728227 0.21766980 -0.42324176
v 3.49506688 0.21966392 -0.41589284
v 3.49501896 0.21968323 -0.41580868
v 3.57540202 0.24513620 -0.37521017
v 3.57545924 0.24512239 -0.37528953
v 3.61578512 0.22800535 -0.43639991
v 3.61275911 0.23067158 -0.42975914
v 3.61268258 0.23070244 -0.42966536
v 3.60927916 0.23353453 -0.42206091
v 3.59678507 0.23659398 -0.40977630
v 3.59371853 0.23881602 -0.40290949
v 3.59378457 0.23879448 -0.40299585
v 3.59032989 0.24114084 -0.39507890
v 3.57840538 0.24338362 -0.38219428
v 3.82702923 0.21012434 -0.49205211
v 3.80957961 0.21474670 -0.48690486
v 3.80604601 0.21960352 -0.48132861
v 3.80627465 0.21950610 -0.48144916
v 3.78596306 0.22875436 -0.46909818
v 3.80242801 0.22437006 -0.47555384
v 3.78222060 0.23301795 -0.46344838
v 3.78240037 0.23294304 -0.46356246
v 3.77831173 0.23730813 -0.45743337
v 3.76261854 0.24128838 -0.44986847
v 3.75876713 0.24501859 -0.44409534
v 3.75891304 0.24496147 -0.44420230
v 3.75467920 0.24883777 -0.43782163
v 3.73109484 0.22360407 -0.37840542
v 3.73964953 0.25230694 -0.42928338
v 3.73575735 0.25553876 -0.42336455
v 3.73587871 0.25549594 -0.42346442
v 3.71715283 0.26177067 -0.40741965
v 3.73157144 0.25888672 -0.41682768
v 3.69522166 0.26964462 -0.38436100
v 3.69138908 0.27193844 -0.37813953
v 3.69147658 0.27191684 -0.37822595
v 3.71337318 0.26449493 -0.40144125
v 3.71327066 0.26452610 -0.40134823
v 3.70904946 0.26739961 -0.39455307
v 3.77224040 0.20508952 -0.41678911
v 3.76885414 0.20839852 -0.41169429
v 3.76870489 0.20845354 -0.41158953
v 3.75145268 0.21504915 -0.39817649
v 3.74800396 0.21792209 -0.39294222
v 3.74787974 0.21796305 -0.39284432
v 3.76494813 0.21190451 -0.40591440
v 3.74403119 0.22098464 -0.38693091
v 3.57606030 0.20642500 -0.33000287
v 3.57611179 0.20641851 -0.33007416
v 3.57302928 0.20757650 -0.32254788
v 3.57206297 0.24694416 -0.36717719
v 3.56072092 0.24834804 -0.35376248
v 3.55780268 0.24963613 -0.34667841
v 3.55785251 0.24962874 -0.34675100
v 3.55454326 0.25091890 -0.33846962
v 3.54380322 0.25146812 -0.32459331
v 3.54103184 0.25229448 -0.31749406
v 3.54098845 0.25229651 -0.31742799
v 3.59203601 0.20234330 -0.35589361
v 3.59209514 0.20233047 -0.35597157
v 3.58893299 0.20397367 -0.34859848
v 3.57877326 0.20525397 -0.33642706
v 3.56341648 0.20808369 -0.30996051
v 3.56079745 0.20883746 -0.30345953
v 3.56084228 0.20883620 -0.30352432
v 3.54881716 0.20922925 -0.28292933
v 3.55786300 0.20950417 -0.29587093
v 3.54630661 0.20956998 -0.27636927
v 3.54634547 0.20957294 -0.27642769
v 3.54349041 0.20974755 -0.26867509
v 3.53503346 0.20868653 -0.25544065
v 3.52772021 0.25273198 -0.29480231
v 3.52502441 0.25310567 -0.28757527
v 3.52506208 0.25310796 -0.28763497
v 3.53783464 0.25304729 -0.30907238
v 3.52199912 0.25331926 -0.27910379
v 3.51253676 0.25213519 -0.26450777
v 3.50997281 0.25205931 -0.25723884
v 3.51000547 0.25206506 -0.25729224
v 3.65558410 0.24321154 -0.28933594
v 3.65240574 0.24407734 -0.28343919
v 3.65234780 0.24407780 -0.28337261
v 3.64872861 0.24489489 -0.27643210
v 3.63856673 0.24436677 -0.26501015
v 3.63551474 0.24484928 -0.25901693
v 3.63546467 0.24484538 -0.25895619
v 3.63198662 0.24521032 -0.25186929
v 3.65341043 0.28051087 -0.33502221
v 3.64976716 0.28191134 -0.32853010
v 3.64983201 0.28190428 -0.32860407
v 3.64571381 0.28333142 -0.32104698
v 3.61489153 0.28474179 -0.28204045
v 3.63369918 0.28346208 -0.30893570
v 3.63018608 0.28442726 -0.30232963
v 3.63024235 0.28442571 -0.30239761
v 3.62625933 0.28535318 -0.29465935
v 3.61157560 0.28528124 -0.27539933
v 3.61152697 0.28527832 -0.27533725
v 3.60775542 0.28570643 -0.26750574
v 3.59706259 0.28434557 -0.25444296
v 3.72763491 0.22605824 -0.37302530
v 3.72752953 0.22608776 -0.37293407
v 3.72364688 0.22867709 -0.36678675
v 3.71125007 0.23072211 -0.35755232
v 3.70781827 0.23276883 -0.35202843
v 3.70772839 0.23278892 -0.35194364
v 3.70385766 0.23494180 -0.34557265
v 3.68862677 0.23802342 -0.33003843
v 3.68854928 0.23803571 -0.32995987
v 3.69199896 0.23637620 -0.33569852
v 3.67394543 0.27589923 -0.36019701
v 3.68718314 0.27433270 -0.37109745
v 3.67341876 0.24054465 -0.31292981
v 3.68473005 0.23974752 -0.32337990
v 3.67013240 0.24179855 -0.30714461
v 3.67006564 0.24180436 -0.30707210
v 3.66633153 0.24307072 -0.30030137
v 3.67019439 0.27774218 -0.35383397
v 3.67026949 0.27772850 -0.35391408
v 3.66604638 0.27965194 -0.34656128
v 3.82631636 0.28551844 -0.31887376
v 3.78461576 0.29530385 -0.28176430
v 3.80523515 0.29111579 -0.30079412
v 3.81282997 0.28812155 -0.30906880
v 3.80936503 0.28979525 -0.30493814
v 3.79161596 0.29305562 -0.28991818
v 3.78855658 0.29430437 -0.28602266
v 3.77099609 0.29651061 -0.26985145
v 3.76832128 0.29740074 -0.26619881
v 3.76457000 0.29809120 -0.26183197
v 3.82067752 0.34729099 -0.31182110
v 3.81258059 0.32270429 -0.26895341
v 3.79628325 0.35076553 -0.29234067
v 3.77269316 0.35285574 -0.27170649
v 3.75000000 0.35355338 -0.25000000
v 3.20221591 0.22882587 -0.24481390
v 3.20180678 0.22738336 -0.23642930
v 3.20179510 0.22737773 -0.23638842
v 3.20128846 0.22531188 -0.22643542
v 3.19665813 0.21995656 -0.19948159
v 3.19664741 0.21994995 -0.19944772
v 3.19601417 0.21726876 -0.18961759
v 3.19716477 0.22188918 -0.20778713
v 3.26855564 0.21742892 -0.23529653
v 3.26766729 0.21608900 -0.22710206
v 3.26768136 0.21609549 -0.22714162
v 3.26665187 0.21415566 -0.21743180
v 3.26173329 0.21056066 -0.19959798
v 3.26082039 0.20873185 -0.19148438
v 3.26083302 0.20873930 -0.19151707
v 3.19159532 0.21021158 -0.16305113
v 3.19158578 0.21020475 -0.16302423
v 3.19219804 0.21262974 -0.17125902
v 3.19082618 0.20691648 -0.15335858
v 3.25977063 0.20618671 -0.18193033
v 3.34466958 0.21912646 -0.24646606
v 3.34468842 0.21913256 -0.24651089
v 3.34312558 0.21785338 -0.23705703
v 3.33695817 0.21505445 -0.21998827
v 3.33562446 0.21375661 -0.21206561
v 3.33564115 0.21376434 -0.21210369
v 3.33412719 0.21188305 -0.20271942
v 3.40570283 0.22223012 -0.19880363
v 3.40397668 0.22092237 -0.19122519
v 3.40395808 0.22091304 -0.19118871
v 3.42392731 0.22991996 -0.24768071
v 3.41644478 0.22763987 -0.23161036
v 3.41461897 0.22679217 -0.22400279
v 3.41459727 0.22678423 -0.22395982
v 3.41253233 0.22547753 -0.21492891
v 3.48510766 0.24537879 -0.20289131
v 3.48283768 0.24442032 -0.19559775
v 3.48286152 0.24443051 -0.19563870
v 3.32852960 0.20802335 -0.18573634
v 3.32724047 0.20624855 -0.17788394
v 3.32725453 0.20625710 -0.17791535
v 3.32579637 0.20377892 -0.16864033
v 3.40201807 0.21903245 -0.18220249
v 3.39586639 0.21483272 -0.16609514
v 3.39424586 0.21306951 -0.15856516
v 3.39423037 0.21305962 -0.15853509
v 3.39242458 0.21060990 -0.14963174
v 3.38697457 0.20547821 -0.13361473
v 3.38546467 0.20326407 -0.12615228
v 3.38545203 0.20325445 -0.12612854
v 3.47088075 0.23786750 -0.16457239
v 3.47086048 0.23785630 -0.16453759
v 3.46852708 0.23590924 -0.15594113
v 3.46195316 0.23131207 -0.14072318
v 3.46000814 0.22949386 -0.13348185
v 3.46002460 0.22950529 -0.13351052
v 3.48030877 0.24301095 -0.18697959
v 3.47297144 0.23924752 -0.17181449
v 3.45032263 0.21936548 -0.10255367
v 3.45033574 0.21937634 -0.10257631
v 3.44841361 0.21636204 -0.09410987
v 3.45788169 0.22701462 -0.12494341
v 3.45209575 0.22160496 -0.10974087
v 3.44343805 0.21016583 -0.07899033
v 3.44184256 0.20751075 -0.07187580
v 3.44185233 0.20752022 -0.07189252
v 3.44015980 0.20399360 -0.06356320
v 3.53264403 0.20861863 -0.24883977
v 3.53267765 0.20862493 -0.24889192
v 3.52996540 0.20830449 -0.24106963
v 3.52212071 0.20645812 -0.22760366
v 3.51986313 0.20598632 -0.22098035
v 3.51989198 0.20599513 -0.22102630
v 3.51733923 0.20517978 -0.21316503
v 3.51012993 0.20255341 -0.19952887
v 3.50709605 0.25173247 -0.24868411
v 3.49831367 0.24968064 -0.23383008
v 3.49592018 0.24916902 -0.22658622
v 3.49589205 0.24916065 -0.22653908
v 3.49318147 0.24829212 -0.21793510
v 3.59307861 0.23875104 -0.18861690
v 3.61616874 0.24401380 -0.22671232
v 3.62243438 0.24400617 -0.24004868
v 3.61952496 0.24411008 -0.23397520
v 3.61948180 0.24410269 -0.23392025
v 3.60725141 0.24213164 -0.21455054
v 3.60449839 0.24186167 -0.20841362
v 3.60446167 0.24185160 -0.20836441
v 3.60133481 0.24130854 -0.20106246
v 3.57484126 0.23141606 -0.14869711
v 3.56798410 0.22753324 -0.13585626
v 3.56576705 0.22617131 -0.12963265
v 3.56574535 0.22615774 -0.12960058
v 3.55014014 0.27315611 -0.16854383
v 3.54750776 0.27204081 -0.16163442
v 3.54753351 0.27205357 -0.16167326
v 3.54458237 0.27046975 -0.15345609
v 3.53689551 0.26614425 -0.13925461
v 3.53447127 0.26463172 -0.13233994
v 3.53449249 0.26464504 -0.13237298
v 3.59049416 0.23811203 -0.18243371
v 3.59046292 0.23810005 -0.18239023
v 3.58754110 0.23710406 -0.17502263
v 3.57997203 0.23387828 -0.16235071
v 3.57756662 0.23287524 -0.15613860
v 3.57754040 0.23286209 -0.15610084
v 3.57387328 0.28140059 -0.21134152
v 3.56462216 0.27854055 -0.19758169
v 3.56178999 0.27782881 -0.19069599
v 3.56182075 0.27784026 -0.19074062
v 3.59386253 0.28445974 -0.24766047
v 3.59390450 0.28446630 -0.24771671
v 3.59027123 0.28438774 -0.23969582
v 3.58028364 0.28227556 -0.22625273
v 3.57726192 0.28197363 -0.21940932
v 3.57729793 0.28198302 -0.21945976
v 3.55862403 0.27675548 -0.18255655
v 3.65298176 0.33624926 -0.12851012
v 3.73195219 0.29906127 -0.22720022
v 3.72997475 0.29940358 -0.22405389
v 3.72661257 0.29950267 -0.21949202
v 3.71371698 0.29819638 -0.20474906
v 3.71205091 0.29833758 -0.20186409
v 3.70888996 0.29815114 -0.19721808
v 3.75107574 0.29850605 -0.24892434
v 3.74876165 0.29909620 -0.24552172
v 3.74520302 0.29948714 -0.24105333
v 3.76999998 0.32526913 -0.23000000
v 3.79087758 0.32462728 -0.24996996
v 3.75003004 0.32462728 -0.20912233
v 3.68024492 0.29229593 -0.15797268
v 3.69645500 0.29593322 -0.18164641
v 3.69507432 0.29591537 -0.17902662
v 3.69212079 0.29544878 -0.17430712
v 3.67912364 0.29215696 -0.15562059
v 3.67638373 0.29141524 -0.15083961
v 3.66516018 0.28731143 -0.13381244
v 3.66427112 0.28708565 -0.13172925
v 3.66175199 0.28607365 -0.12690015
v 3.68817878 0.34729099 -0.17932251
v 3.73104668 0.32270429 -0.18741935
v 3.71312451 0.31950772 -0.16497672
v 3.69633484 0.31505018 -0.14188299
v 3.66992903 0.34244585 -0.15422064
v 3.82731867 0.31819806 -0.17712131
v 3.82500005 0.31819806 -0.17500000
v 3.82287860 0.31819806 -0.17268136
v 3.81718826 0.31903249 -0.16522668
v 3.82086444 0.31833759 -0.17027320
v 3.81896520 0.31861609 -0.16778503
v 3.81554103 0.31958511 -0.16260824
v 3.81402969 0.32027182 -0.15994002
v 3.81266022 0.32108983 -0.15723258
v 3.81143832 0.32203600 -0.15449661
v 3.81103134 0.32244325 -0.15344904
v 3.81042123 0.32303178 -0.15169004
v 3.80958986 0.32410657 -0.14884746
v 3.80891466 0.32530200 -0.14601257
v 3.80839872 0.32661334 -0.14319654
v 3.80804372 0.32803541 -0.14041048
v 3.80785108 0.32956260 -0.13766541
v 3.80782175 0.33118892 -0.13497213
v 3.80795574 0.33290792 -0.13234130
v 3.80825257 0.33471283 -0.12978327
v 3.80871081 0.33659649 -0.12730817
v 3.55514121 0.21802616 -0.10302103
v 3.55512381 0.21801291 -0.10299461
v 3.55291319 0.21568277 -0.09561034
v 3.55716157 0.21974170 -0.10923871
v 3.56328368 0.22426637 -0.12219109
v 3.54754782 0.21053524 -0.08260362
v 3.54573131 0.20847152 -0.07640933
v 3.54571795 0.20845933 -0.07638847
v 3.54377007 0.20569897 -0.06906079
v 3.52494001 0.25753364 -0.10983042
v 3.52273178 0.25563017 -0.10292875
v 3.52274895 0.25564328 -0.10295602
v 3.52033281 0.25307921 -0.09477445
v 3.53180218 0.26256740 -0.12415644
v 3.51432133 0.24735937 -0.08038811
v 3.51233578 0.24507114 -0.07351755
v 3.51234913 0.24508330 -0.07353910
v 3.51021886 0.24204229 -0.06542726
v 3.63862681 0.27342409 -0.08438756
v 3.63812160 0.27311504 -0.08284085
v 3.63606596 0.27157849 -0.07796079
v 3.50508046 0.23566271 -0.05104440
v 3.50149989 0.22950020 -0.03623164
v 3.50332427 0.23299599 -0.04422305
v 3.50333405 0.23300637 -0.04423898
v 3.49573278 0.21945207 -0.01516147
v 3.49573922 0.21945989 -0.01517193
v 3.49420929 0.21550265 -0.00730368
v 3.49725366 0.22249103 -0.02191537
v 3.61731648 0.25455186 -0.03410759
v 3.61708760 0.25426245 -0.03308872
v 3.62729359 0.26459137 -0.05930714
v 3.62694001 0.26428044 -0.05802589
v 3.62512684 0.26249078 -0.05314526
v 3.61552334 0.25222698 -0.02822538
v 3.60873795 0.24334954 -0.00888532
v 3.60860682 0.24310301 -0.00812495
v 3.60729718 0.24082996 -0.00329742
v 3.63151670 0.27463380 -0.01990751
v 3.64829254 0.27945110 -0.10257687
v 3.65126705 0.28100973 -0.10925376
v 3.65058351 0.28072819 -0.10743939
v 3.65339684 0.29431230 -0.06961737
v 3.63740420 0.32872564 -0.10229244
v 3.62325764 0.31990469 -0.07567105
v 3.61059761 0.30982119 -0.04875103
v 3.64174986 0.28503549 -0.04485094
v 3.59947467 0.29851499 -0.02163860
v 3.68074322 0.30934933 -0.11822931
v 3.66641188 0.30242759 -0.09410904
v 3.80932903 0.33855152 -0.12492574
v 3.81010485 0.34057018 -0.12264540
v 3.81103468 0.34264448 -0.12047615
v 3.81211519 0.34476626 -0.11842653
v 3.81334233 0.34692717 -0.11650465
v 3.81471086 0.34911862 -0.11471809
v 3.72829342 0.35285574 -0.22730689
v 3.70765924 0.35076553 -0.20371668
v 3.81825709 0.36553293 -0.21963157
v 3.82048035 0.36649191 -0.22036719
v 3.82103372 0.36670110 -0.22052902
v 3.82386851 0.36789650 -0.22120412
v 3.82668471 0.36920783 -0.22172019
v 3.78554106 0.36201152 -0.19260824
v 3.78402972 0.36269823 -0.18994002
v 3.80477333 0.36145890 -0.21281171
v 3.80221486 0.36104250 -0.21103489
v 3.79500008 0.36062446 -0.20500000
v 3.79972672 0.36076400 -0.20913559
v 3.79731870 0.36062446 -0.20712131
v 3.81006002 0.36269823 -0.21597037
v 3.81276751 0.36351624 -0.21733972
v 3.80739188 0.36201152 -0.21445903
v 3.81550336 0.36446241 -0.21856174
v 3.79086447 0.36076400 -0.20027320
v 3.79287863 0.36062446 -0.20268136
v 3.78896523 0.36104250 -0.19778503
v 3.78718829 0.36145890 -0.19522668
v 3.78266025 0.36351624 -0.18723258
v 3.78143835 0.36446241 -0.18449661
v 3.78036833 0.36553293 -0.18174289
v 3.77963281 0.36649191 -0.17951956
v 3.77947092 0.36670110 -0.17896633
v 3.77879596 0.36789650 -0.17613143
v 3.77827978 0.36920783 -0.17331541
v 3.77792478 0.37062991 -0.17052935
v 3.77773213 0.37215713 -0.16778427
v 3.77770281 0.37378344 -0.16509099
v 3.77783680 0.37550244 -0.16246016
v 3.77813363 0.37730733 -0.15990214
v 3.77859211 0.37919101 -0.15742703
v 3.77921033 0.38114604 -0.15504462
v 3.77998590 0.38316467 -0.15276426
v 3.78091574 0.38523901 -0.15059501
v 3.78199649 0.38736078 -0.14854540
v 3.78322339 0.38952166 -0.14662352
v 3.78459191 0.39171311 -0.14483696
v 3.78609657 0.39392650 -0.14319277
v 3.78773141 0.39615309 -0.14169744
v 3.78948998 0.39838406 -0.14035685
v 3.79136539 0.40061063 -0.13917634
v 3.79335022 0.40282401 -0.13816051
v 3.79543662 0.40501547 -0.13731343
v 3.79761648 0.40717638 -0.13663839
v 3.79988098 0.40929815 -0.13613807
v 3.80222130 0.41137245 -0.13581446
v 3.80462813 0.41339111 -0.13566881
v 3.80709219 0.41534615 -0.13570173
v 3.80960345 0.41722980 -0.13591307
v 3.81215215 0.41903472 -0.13630199
v 3.81472826 0.42075372 -0.13686697
v 3.82042718 0.42418399 -0.13872510
v 3.81732154 0.42238003 -0.13760577
v 3.81992173 0.42390722 -0.13851547
v 3.82525349 0.42642665 -0.14068128
v 3.82258487 0.42523596 -0.13952649
v 3.81621552 0.35133201 -0.11307390
v 3.81785035 0.35355857 -0.11157857
v 3.81960893 0.35578954 -0.11023799
v 3.82148433 0.35801613 -0.10905746
v 3.82346916 0.36022952 -0.10804165
v 3.82555556 0.36242098 -0.10719455
v 3.82773542 0.36458185 -0.10651951
v 3.82238555 0.41042078 -0.00280810
v 3.81312466 0.46092907 -0.06497671
v 3.79633474 0.45647156 -0.04188299
v 3.78074336 0.45077068 -0.01822931
v 3.83018970 0.20486616 -0.49762839
v 3.83049703 0.20474017 -0.49775225
v 3.90123415 0.25309014 -0.37575155
v 3.96710062 0.20938843 -0.41527623
v 3.96047878 0.21715184 -0.40954643
v 3.97503209 0.20541532 -0.41758892
v 3.95488477 0.22150098 -0.40629914
v 3.94555140 0.22578520 -0.40302452
v 3.93937016 0.23216398 -0.39756131
v 3.93401885 0.23593433 -0.39418083
v 3.91780353 0.24554144 -0.38464698
v 3.92352390 0.24031080 -0.38987526
v 3.91267848 0.24880339 -0.38113359
v 3.95124888 0.30982119 -0.38940230
v 3.97836137 0.29851499 -0.40052536
v 3.92432904 0.31990469 -0.37674248
v 4.05499935 0.23711099 -0.39032483
v 4.03273487 0.27241758 -0.41799173
v 4.05978203 0.25772932 -0.42426610
v 4.03011608 0.25062415 -0.38455239
v 4.00511456 0.26314825 -0.37726229
v 4.11306143 0.22536342 -0.43177357
v 4.13908434 0.20781347 -0.43297702
v 4.10401678 0.20733434 -0.39723167
v 4.07966518 0.22266203 -0.39455682
v 4.08659267 0.24202394 -0.42886612
v 4.00555944 0.28603071 -0.41006771
v 3.86937022 0.27005693 -0.35204408
v 3.85658169 0.27372679 -0.34444562
v 3.89598107 0.25735798 -0.37074286
v 3.87886620 0.26420882 -0.36061287
v 3.89106965 0.26016524 -0.36709782
v 3.87407780 0.26766291 -0.35581866
v 3.98009253 0.27463380 -0.36848333
v 3.84773803 0.27850261 -0.33596563
v 3.85224915 0.27648968 -0.33986703
v 3.83452559 0.28168702 -0.32725659
v 3.83063531 0.28386149 -0.32289854
v 3.90589094 0.30242759 -0.33358815
v 3.88177061 0.30934933 -0.31925669
v 3.89770746 0.32872564 -0.36259580
v 3.87148976 0.33624926 -0.34701812
v 3.84577942 0.34244585 -0.33007094
v 3.93038273 0.29431230 -0.34660307
v 3.95514917 0.28503549 -0.35825014
v 3.85811710 0.31505018 -0.30366528
v 3.83502340 0.31950772 -0.28687543
v 4.15499926 0.37853235 -0.29032481
v 4.13011646 0.39204553 -0.28455240
v 4.10511446 0.40456960 -0.27726230
v 4.08009243 0.41605514 -0.26848334
v 4.05514908 0.42645687 -0.25825012
v 4.31775904 0.26116091 -0.28709623
v 4.20401669 0.34875569 -0.29723167
v 4.22795773 0.33260974 -0.29833886
v 4.27423239 0.29812095 -0.29583883
v 4.29638290 0.27991420 -0.29224154
v 4.25139380 0.31570926 -0.29787397
v 4.35785151 0.22231250 -0.27224886
v 4.37641001 0.20237072 -0.26260540
v 4.33827543 0.24193504 -0.28042322
v 4.17966509 0.36408338 -0.29455683
v 3.84550333 0.32203600 -0.18856174
v 3.84830999 0.32303178 -0.18957871
v 3.84655094 0.32244325 -0.18896872
v 3.85680342 0.32661334 -0.19160132
v 3.85115242 0.32410657 -0.19041015
v 3.85398746 0.32530200 -0.19108525
v 3.85958958 0.32803541 -0.19195636
v 3.86233449 0.32956260 -0.19214892
v 3.86502790 0.33118892 -0.19217828
v 3.86765862 0.33290792 -0.19204429
v 3.87021661 0.33471283 -0.19174752
v 3.87269187 0.33659649 -0.19128910
v 3.87507415 0.33855152 -0.19067086
v 3.87735462 0.34057018 -0.18989526
v 3.87952375 0.34264448 -0.18896532
v 3.88157344 0.34476626 -0.18788473
v 3.83739185 0.31958511 -0.18445903
v 3.83221507 0.31861609 -0.18103489
v 3.83477330 0.31903249 -0.18281171
v 3.84006000 0.32027182 -0.18597037
v 3.84276748 0.32108983 -0.18733974
v 3.82972670 0.31833759 -0.17913559
v 3.88349533 0.34692717 -0.18665776
v 3.88528180 0.34911862 -0.18528923
v 4.14782524 0.34760481 -0.23941289
v 3.82947063 0.37062991 -0.22207521
v 3.83221579 0.37215713 -0.22226779
v 3.83490896 0.37378344 -0.22229713
v 3.83753991 0.37550244 -0.22216316
v 3.84009790 0.37730733 -0.22186638
v 3.84257293 0.37919101 -0.22140796
v 3.84495544 0.38114604 -0.22078973
v 3.84723568 0.38316467 -0.22001413
v 3.84940505 0.38523901 -0.21908419
v 3.85145450 0.38736078 -0.21800360
v 3.85337639 0.38952166 -0.21677662
v 3.85516310 0.39171311 -0.21540810
v 3.85680723 0.39392650 -0.21390344
v 3.85830259 0.39615309 -0.21226858
v 3.85964322 0.39838406 -0.21050996
v 3.86082363 0.40061063 -0.20863453
v 3.86183953 0.40282401 -0.20664969
v 3.86268663 0.40501547 -0.20456327
v 3.86336160 0.40717638 -0.20238350
v 3.86386204 0.40929815 -0.20011900
v 3.86418557 0.41137245 -0.19777870
v 3.86433125 0.41339111 -0.19537182
v 3.86429834 0.41534615 -0.19290787
v 3.86408687 0.41722980 -0.19039659
v 3.86369801 0.41903472 -0.18784787
v 3.88692617 0.35133201 -0.18378457
v 3.88842154 0.35355857 -0.18214971
v 3.88976192 0.35578954 -0.18039109
v 3.89094257 0.35801613 -0.17851566
v 3.89195824 0.36022952 -0.17653082
v 3.89280534 0.36242098 -0.17444441
v 3.89348054 0.36458185 -0.17226464
v 3.89398074 0.36670366 -0.17000014
v 3.89430451 0.36877796 -0.16765983
v 3.89444995 0.37079659 -0.16525295
v 3.89441705 0.37275162 -0.16278900
v 3.89420581 0.37463531 -0.16027772
v 3.89381695 0.37644020 -0.15772900
v 3.89052629 0.38273481 -0.14736231
v 3.88975811 0.38354728 -0.14576165
v 3.88931870 0.38400024 -0.14474641
v 3.88800883 0.38507077 -0.14209838
v 3.89325190 0.37815920 -0.15515290
v 3.89251304 0.37978551 -0.15255959
v 3.89160347 0.38131273 -0.14995931
v 3.88494468 0.38683498 -0.13690621
v 3.88654876 0.38601694 -0.13948153
v 3.86313295 0.42075372 -0.18527175
v 3.86239433 0.42238003 -0.18267846
v 3.86148453 0.42390722 -0.18007818
v 3.86127496 0.42418399 -0.17957273
v 3.88320255 0.38752165 -0.13438255
v 3.87933254 0.38849068 -0.12952986
v 3.87721992 0.38876921 -0.12721997
v 3.88132930 0.38807428 -0.13192053
v 3.97662354 0.41537803 -0.16405675
v 3.93702674 0.42203376 -0.13387254
v 3.95654202 0.41925415 -0.14945689
v 3.98177075 0.45077068 -0.21925668
v 3.95811701 0.45647156 -0.20366527
v 3.85800886 0.42749718 -0.17209838
v 3.86047339 0.42523596 -0.17741516
v 3.85931873 0.42642665 -0.17474641
v 3.84721994 0.43119562 -0.15721998
v 3.85654879 0.42844334 -0.16948153
v 3.85320258 0.42994806 -0.16438255
v 3.85494471 0.42926139 -0.16690621
v 3.85132933 0.43050069 -0.16192053
v 3.84933257 0.43091708 -0.15952986
v 3.83807945 0.43050069 -0.14867067
v 3.84278011 0.43119562 -0.15278003
v 3.84500003 0.43133515 -0.15500000
v 3.84047008 0.43091708 -0.15066746
v 3.83051848 0.42844334 -0.14345120
v 3.82790160 0.42749718 -0.14199124
v 3.83561754 0.42994806 -0.14679752
v 3.83309388 0.42926139 -0.14505540
v 3.89087772 0.46604863 -0.14996997
v 3.86999989 0.46669048 -0.13000000
v 3.93502331 0.46092907 -0.18687542
v 3.91258073 0.46412563 -0.16895342
v 4.01816607 0.40440187 -0.19007665
v 4.06099939 0.38927832 -0.21152185
v 4.03946304 0.39734510 -0.20139398
v 4.08268929 0.38023335 -0.22042029
v 4.10444736 0.37024590 -0.22805418
v 4.12618828 0.35935542 -0.23439337
v 3.99719191 0.41042078 -0.17761451
v 4.03038263 0.43573365 -0.24660307
v 4.00589085 0.44384894 -0.23358814
v 3.82999992 0.36670366 -0.10601921
v 3.85263777 0.38273481 -0.10947364
v 3.85423827 0.38354728 -0.11024197
v 3.85525370 0.38400024 -0.11068127
v 3.85790157 0.38507077 -0.11199123
v 3.86051846 0.38601694 -0.11345120
v 3.86309385 0.38683498 -0.11505540
v 3.83234024 0.36877796 -0.10569559
v 3.83474708 0.37079659 -0.10554995
v 3.83721089 0.37275162 -0.10558287
v 3.83972239 0.37463531 -0.10579421
v 3.84227109 0.37644020 -0.10618313
v 3.84744048 0.37978551 -0.10748690
v 3.84484720 0.37815920 -0.10674810
v 3.85004067 0.38131273 -0.10839661
v 3.86807942 0.38807428 -0.11867067
v 3.86561751 0.38752165 -0.11679752
v 3.87278008 0.38876921 -0.12278002
v 3.87500000 0.38890874 -0.12500000
v 3.87047005 0.38849068 -0.12066747
v 3.90000010 0.42426407 -0.10000000
v 3.86612749 0.42203376 -0.06297335
v 3.88263488 0.42370594 -0.08184551
v 3.91815448 0.42370594 -0.11736519
v 3.85054302 0.41925415 -0.04345801
v 3.83594322 0.41537803 -0.02337651
v 3.85002995 0.46604863 -0.10912233
v 3.83104658 0.46412563 -0.08741935
v 4.32421875 0.21176147 -0.22369467
v 4.30719614 0.22882456 -0.23080280
v 4.27076769 0.26184994 -0.24107960
v 4.28935575 0.24554271 -0.23660542
v 4.23164654 0.29297605 -0.24597736
v 4.21126747 0.30767214 -0.24638161
v 4.19044924 0.32171208 -0.24541885
v 4.16927385 0.33504051 -0.24309288
v 4.25150633 0.27768186 -0.24420770
v 3.00508595 0.21839587 0.01517245
v 3.00616693 0.22483206 0.00216579
v 3.00132442 0.20450626 0.03366906
v 3.00077939 0.20242535 0.03656410
v 3.49087071 0.20789754 0.00688403
v 3.48959136 0.20449278 0.01355192
v 3.48959446 0.20449723 0.01354670
v 3.57573390 0.25772932 0.05978179
v 3.60048342 0.22834650 0.02154167
v 3.60159373 0.23103188 0.01626246
v 3.60153365 0.23084787 0.01676885
v 3.59511089 0.21482703 0.04619478
v 3.59591413 0.21764991 0.04123819
v 3.59589767 0.21754642 0.04149571
v 3.60967517 0.23711099 0.05499925
v 3.61544752 0.25062415 0.03011629
v 3.62273765 0.26314825 0.00511448
v 3.58200836 0.27241758 0.03273510
v 3.56822634 0.22536342 0.11306157
v 3.57113385 0.24202394 0.08659256
v 3.59172249 0.20325796 0.06594440
v 3.59172225 0.20325167 0.06595872
v 3.60544324 0.22266203 0.07966515
v 3.60276842 0.20733434 0.10401665
v 3.58993220 0.28603071 0.00555922
v 3.56702304 0.20781347 0.13908438
v 3.76058722 0.34760481 0.14782543
v 3.75690722 0.33504051 0.16927405
v 3.70276833 0.34875569 0.20401664
v 3.70166111 0.33260974 0.22795764
v 3.75361848 0.30767214 0.21126752
v 3.75402260 0.29297605 0.23164664
v 3.75458121 0.32171208 0.19044925
v 3.80992341 0.40440187 0.01816605
v 3.79860592 0.39734510 0.03946316
v 3.78847814 0.38927832 0.06099918
v 3.73151660 0.41605514 0.08009249
v 3.72273779 0.40456960 0.10511448
v 3.77957964 0.38023335 0.08268912
v 3.77194571 0.37024590 0.10444738
v 3.74174976 0.42645687 0.05514906
v 3.75339699 0.43573365 0.03038263
v 3.76641178 0.44384894 0.00589096
v 3.70967507 0.37853235 0.15499926
v 3.70544314 0.36408338 0.17966515
v 3.71544766 0.39204553 0.13011630
v 3.76560664 0.35935542 0.12618808
v 3.76919723 0.22882456 0.30719599
v 3.75892043 0.26184994 0.27076787
v 3.76339459 0.24554271 0.28935561
v 3.72775102 0.22231250 0.35785151
v 3.71957684 0.24193504 0.33827540
v 3.71290374 0.26116091 0.31775892
v 3.77630544 0.21176147 0.32421872
v 3.70416117 0.29812095 0.27423215
v 3.70775843 0.27991420 0.29638305
v 3.70212603 0.31570926 0.25139365
v 3.75579238 0.27768186 0.25150621
v 3.73739457 0.20237072 0.37641001
f 8 22 7
f 8 7 511
f 35 33 7
f 12 35 7
f 13 7 9
f 12 7 13
f 9 7 21
f 21 7 22
f 27 35 95
f 26 95 35
f 34 30 35
f 12 273 35
f 34 35 273
f 400 585 583
f 395 400 584
f 400 412 585
f 400 411 412
f 399 410 404
f 404 410 408
f 399 413 410
f 7 555 511
f 7 549 555
f 400 7 584
f 400 554 7
f 400 553 554
f 400 583 553
f 1590 2716 2556
f 1579 1590 2556
f 1582 1580 1585
f 1577 1590 1578
f 1577 2716 1590
f 1590 1591 1592
f 1585 1591 1590
f 1580 1591 1585
f 1594 1605 1665
f 1602 1600 1601
f 1594 1604 1605
f 1604 1603 1605
f 2555 2556 2715
f 2556 2716 2715
f 2557 2717 2556
f 1579 2556 2717
f 3200 3201 3202
f 3200 3202 3203
f 3521 4496 4510
f 3580 4589 3601
f 4496 4511 4510
f 4496 4512 4511
f 4496 4513 4512
f 4496 4514 4513
f 3601 4589 4590
f 4590 4591 4648
f 4591 4592 4648
f 4587 4648 4592
f 4587 4588 4648
f 4588 4595 4648
f 4595 4596 4648
f 4596 4600 4648
f 4597 4598 4648
f 4597 4648 4600
f 3601 4590 4648
f 4681 4689 4699
f 4679 4680 4681
f 4680 4689 4681
f 1 94 3
f 3 94 4
f 1 3 3262
f 4 6 5
f 4 5 3179
f 2 6 4
f 2 4 93
f 11 32 10
f 11 10 275
f 32 7 33
f 11 7 32
f 11 14 7
f 11 15 14
f 14 16 7
f 14 19 16
f 14 15 282
f 11 285 15
f 15 287 283
f 15 284 287
f 15 283 282
f 14 282 281
f 14 281 288
f 14 17 19
f 16 19 18
f 16 18 20
f 14 288 17
f 16 25 7
f 7 24 529
f 23 24 7
f 23 7 25
f 16 20 25
f 26 35 94
f 28 96 35
f 35 96 93
f 32 35 29
f 30 31 35
f 32 33 35
f 28 35 36
f 31 36 35
f 29 35 38
f 29 38 48
f 29 48 49
f 29 50 51
f 29 51 52
f 29 49 50
f 29 52 53
f 29 53 54
f 27 46 35
f 35 46 44
f 27 47 43
f 27 37 47
f 27 97 37
f 27 98 97
f 27 99 98
f 27 102 99
f 27 43 46
f 35 40 39
f 35 44 45
f 35 45 40
f 35 42 41
f 35 41 38
f 35 39 42
f 29 54 71
f 29 71 72
f 29 72 73
f 29 73 74
f 29 74 75
f 32 29 327
f 29 75 76
f 29 76 77
f 29 77 78
f 29 78 79
f 29 80 81
f 29 79 80
f 29 81 152
f 29 152 153
f 29 153 154
f 29 154 155
f 29 155 156
f 26 94 95
f 4 94 35
f 94 3258 95
f 4 35 93
f 27 95 3271
f 1 3257 94
f 94 3257 3258
f 95 3281 230
f 27 105 104
f 27 103 102
f 27 100 103
f 27 101 100
f 27 104 101
f 27 106 105
f 27 107 106
f 27 108 107
f 27 122 121
f 27 121 108
f 27 123 122
f 27 125 123
f 27 124 125
f 27 126 124
f 27 127 126
f 27 128 127
f 27 129 128
f 27 130 129
f 27 131 130
f 27 252 131
f 29 156 243
f 29 326 328
f 29 328 327
f 29 243 326
f 156 157 243
f 157 158 243
f 158 159 243
f 159 160 243
f 160 161 243
f 161 162 243
f 163 164 243
f 162 163 243
f 190 191 241
f 191 192 241
f 192 178 241
f 164 190 243
f 178 179 241
f 180 241 179
f 182 183 241
f 181 182 241
f 180 181 241
f 132 252 133
f 131 252 132
f 133 252 134
f 135 252 136
f 134 252 135
f 136 252 207
f 27 3272 252
f 208 207 252
f 208 253 209
f 209 253 210
f 210 253 211
f 211 253 212
f 212 253 213
f 213 253 214
f 214 253 215
f 95 230 3282
f 208 252 254
f 27 3271 3272
f 187 240 186
f 183 184 240
f 184 185 240
f 185 186 240
f 187 189 240
f 188 240 189
f 188 239 240
f 237 238 240
f 233 240 234
f 238 234 240
f 236 240 239
f 236 237 240
f 233 235 253
f 216 253 217
f 215 253 216
f 217 253 218
f 218 253 231
f 231 253 232
f 232 253 235
f 233 255 240
f 183 240 242
f 183 242 241
f 190 241 243
f 208 254 253
f 233 253 255
f 10 32 272
f 10 272 278
f 32 322 272
f 11 294 286
f 11 275 276
f 11 276 294
f 10 280 274
f 10 278 280
f 10 274 275
f 272 277 279
f 272 322 330
f 272 330 277
f 32 324 323
f 32 323 322
f 32 327 325
f 32 325 324
f 272 279 278
f 11 286 285
f 15 285 284
f 395 584 568
f 394 397 568
f 394 588 397
f 395 568 400
f 397 400 568
f 397 595 597
f 397 597 598
f 396 587 412
f 412 587 585
f 397 598 400
f 400 598 596
f 398 400 596
f 398 411 400
f 398 401 411
f 401 402 411
f 396 413 399
f 402 403 411
f 403 405 411
f 396 412 426
f 396 426 413
f 408 410 409
f 412 411 426
f 405 406 426
f 405 426 411
f 406 416 426
f 410 413 426
f 409 426 428
f 409 410 426
f 416 419 426
f 414 415 445
f 419 445 426
f 415 427 445
f 414 445 419
f 428 426 440
f 427 429 455
f 445 427 455
f 445 460 426
f 426 460 440
f 439 446 460
f 446 447 460
f 429 430 455
f 430 431 455
f 431 439 455
f 447 448 460
f 440 460 454
f 448 449 460
f 445 455 460
f 439 460 455
f 449 466 460
f 456 465 466
f 461 454 460
f 456 457 465
f 457 458 465
f 460 466 465
f 458 459 465
f 461 460 480
f 459 462 465
f 462 463 465
f 465 464 481
f 463 464 465
f 465 481 482
f 465 482 483
f 465 483 484
f 460 496 480
f 465 484 485
f 460 465 496
f 465 485 490
f 465 486 496
f 465 490 491
f 465 491 492
f 480 496 487
f 465 1914 486
f 465 492 495
f 465 495 1914
f 487 496 1913
f 486 1914 1915
f 486 1915 1916
f 486 1916 1917
f 509 568 7
f 7 517 510
f 509 7 510
f 7 551 549
f 509 510 520
f 509 520 519
f 509 519 521
f 509 521 512
f 509 513 550
f 513 514 550
f 509 512 513
f 510 515 516
f 7 529 517
f 510 517 515
f 510 518 520
f 510 516 518
f 7 568 584
f 509 550 568
f 550 560 552
f 557 567 552
f 550 552 568
f 552 567 565
f 7 554 551
f 550 559 560
f 514 558 550
f 550 558 559
f 556 552 560
f 556 557 552
f 552 565 568
f 568 566 569
f 568 565 566
f 568 569 571
f 568 571 572
f 394 568 572
f 394 572 570
f 394 570 590
f 394 590 586
f 394 586 588
f 397 588 589
f 397 589 595
f 1571 1663 1576
f 1572 1576 1664
f 1573 1576 4702
f 1571 1576 1575
f 1573 1575 1576
f 1582 1585 2718
f 1582 2718 1581
f 1579 2718 1585
f 1582 1581 1580
f 1578 1590 1584
f 1580 1581 1591
f 1593 1581 2737
f 1593 2738 2735
f 1593 2737 2738
f 1593 2735 1824
f 1587 1588 1590
f 1588 1586 1590
f 1590 1598 1832
f 1587 1590 1832
f 1590 1589 1599
f 1579 1585 1590
f 1583 1584 1590
f 1583 1590 1586
f 1591 1581 1593
f 1591 1593 1835
f 1591 1838 1592
f 1590 1592 1843
f 1593 1824 1835
f 1591 1836 1834
f 1591 1835 1836
f 1591 1834 1837
f 1591 1837 1838
f 1605 1666 1665
f 1595 1667 1605
f 1596 1601 1605
f 1599 1597 1605
f 1598 1600 1602
f 1590 1605 1600
f 1590 1599 1605
f 1600 1605 1601
f 1596 1605 1603
f 1597 1628 1605
f 1597 1624 1628
f 1597 1634 1624
f 1597 1633 1634
f 1597 1637 1636
f 1597 1636 1635
f 1597 1635 1633
f 1597 1639 1638
f 1597 1638 1637
f 1595 1605 1622
f 1605 1631 1629
f 1605 1630 1631
f 1605 1632 1622
f 1605 1629 1632
f 1595 1622 1623
f 1595 1623 1680
f 1595 1680 1681
f 1595 1681 1682
f 1595 1682 1685
f 1605 1625 1626
f 1605 1626 1627
f 1605 1627 1630
f 1605 1628 1625
f 1597 1657 1639
f 1597 1651 1658
f 1597 1658 1657
f 1597 1653 1652
f 1597 1652 1651
f 1599 1883 1597
f 1597 1735 1662
f 1597 1654 1653
f 1597 1655 1654
f 1597 1656 1655
f 1597 1659 1656
f 1597 1660 1659
f 1597 1662 1661
f 1597 1661 1660
f 1597 1737 1736
f 1597 1736 1735
f 1597 1738 1737
f 1597 1739 1738
f 1597 1740 1739
f 1597 1883 1740
f 1576 1666 1605
f 1576 1605 1667
f 1576 1663 1666
f 1576 1667 1664
f 1595 4779 1667
f 1572 1664 4774
f 1664 1667 4762
f 1667 4779 4762
f 1595 1687 1688
f 1595 1685 1686
f 1595 1686 1683
f 1595 1683 1684
f 1595 1684 1687
f 1595 1688 1689
f 1595 1689 1690
f 1595 1690 1691
f 1595 1691 1707
f 1595 1707 1708
f 1595 1710 1711
f 1595 1711 1712
f 1595 1708 1709
f 1595 1709 1710
f 1595 1712 1713
f 1595 1713 1714
f 1595 1714 1805
f 1742 1883 1743
f 1743 1883 1744
f 1744 1883 1745
f 1745 1883 1746
f 1741 1883 1742
f 1740 1883 1741
f 1768 1822 1769
f 1771 1770 1822
f 1769 1822 1770
f 1746 1883 1747
f 1747 1883 1775
f 1777 1883 1764
f 1775 1883 1776
f 1776 1883 1777
f 1762 1764 1883
f 1763 1762 1883
f 1763 1883 1765
f 1765 1883 1766
f 1767 1883 1768
f 1766 1883 1767
f 1768 1883 1822
f 1595 1805 4779
f 1720 1721 1805
f 1719 1720 1805
f 1797 1798 1805
f 1721 1797 1805
f 1714 1715 1805
f 1715 1716 1805
f 1716 1717 1805
f 1717 1718 1805
f 1718 1719 1805
f 1798 1799 1805
f 1800 1801 1805
f 1799 1800 1805
f 1801 1802 1805
f 1802 1803 1805
f 1803 1804 1805
f 1804 1793 1805
f 1793 1794 1805
f 1794 1796 1805
f 1795 1805 1796
f 1795 1814 1805
f 1814 1815 1805
f 1818 1805 1819
f 1772 1774 1822
f 1773 1822 1774
f 1772 1822 1821
f 1818 1821 1822
f 1771 1822 1773
f 1820 1805 1816
f 1815 1817 1805
f 1817 1816 1805
f 1819 1805 1820
f 1818 1822 1805
f 1590 1600 1598
f 1589 1833 1599
f 1590 1858 1589
f 1589 1886 1833
f 1599 1833 1894
f 1589 1859 1857
f 1589 1858 1859
f 1589 1857 1900
f 1589 1900 1886
f 1833 1887 1885
f 1833 1886 1887
f 1833 1885 1893
f 1592 1838 1839
f 1592 1839 1840
f 1592 1840 1841
f 1592 1841 1843
f 1590 1844 1842
f 1590 1843 1844
f 1590 1842 1855
f 1590 1855 1858
f 1599 4794 1883
f 1599 1894 1881
f 1599 1881 4794
f 1833 1893 1894
f 496 1918 1913
f 486 1920 496
f 486 1917 1919
f 486 1919 1920
f 496 1924 1918
f 496 1925 1922
f 496 1920 1921
f 496 1921 1923
f 496 1943 1924
f 496 1922 1943
f 496 1923 1925
f 1922 1941 1942
f 1922 1951 1943
f 1922 1925 1941
f 1922 1942 1951
f 1924 1943 1945
f 1943 1951 1954
f 1943 1912 1945
f 1943 1960 1944
f 1943 1954 1955
f 1943 1955 1956
f 1943 1956 1960
f 1943 1967 1912
f 1944 1989 1946
f 1944 1960 1985
f 1944 1985 1986
f 1944 1986 1987
f 1944 1987 1989
f 1943 1944 2007
f 1943 2007 1967
f 1944 1968 1981
f 1984 1970 1975
f 1968 1975 1976
f 1968 1976 1977
f 1969 1967 2007
f 1974 1981 1968
f 1944 1981 2007
f 1974 1968 1979
f 1978 1968 1977
f 1978 1979 1968
f 1974 1979 1980
f 1969 2007 1973
f 1974 1980 1983
f 1974 2214 1981
f 1974 1983 2213
f 1974 2213 2214
f 1973 2007 1982
f 1981 2214 2215
f 1981 2215 2520
f 1944 1946 1968
f 1946 1984 1968
f 1946 1998 1984
f 1946 1989 1997
f 1946 1997 1998
f 1984 1998 1999
f 1984 1999 2000
f 1984 2000 1970
f 1984 1975 1968
f 1982 2007 2005
f 2005 2007 2528
f 1981 2522 2006
f 1981 2006 2007
f 1981 2520 2521
f 1981 2521 2522
f 2006 2523 2526
f 2006 2522 2523
f 2006 2526 2529
f 2007 2519 2528
f 2006 2530 2007
f 2006 2529 2530
f 2007 2530 2531
f 2007 2548 2519
f 2007 2556 2555
f 2007 2560 2556
f 2007 2532 2559
f 2007 2531 2532
f 2007 2559 2560
f 2550 2557 2556
f 2550 2556 2547
f 2548 2555 2549
f 2549 2555 2551
f 2551 2555 2715
f 2550 2547 2553
f 2550 2717 2557
f 2547 2566 2552
f 2547 2552 2553
f 2550 2604 2714
f 2550 2553 2554
f 2550 2554 2602
f 2550 2602 2603
f 2550 2603 2604
f 2007 2555 2548
f 2556 2560 2561
f 2556 2561 2558
f 2556 2558 2562
f 2556 2565 2547
f 2556 2562 2565
f 2547 2565 2566
f 2550 2714 2718
f 2550 2718 2717
f 2714 2722 2718
f 2604 2719 2714
f 2714 2719 2720
f 1579 2717 2718
f 2718 2722 2723
f 2718 2723 2724
f 2714 2720 2721
f 2714 2721 2722
f 2718 2733 1581
f 1581 2733 2734
f 1581 2734 2736
f 2718 2732 2733
f 2718 2724 2732
f 1581 2736 2737
f 3169 3177 3200
f 4 3171 3170
f 4 3179 3175
f 4 3170 3180
f 3 4 3172
f 3 3172 3262
f 3171 3183 3170
f 3170 3183 3180
f 4 3180 3172
f 3171 3177 3174
f 4 3200 3177
f 4 3175 3176
f 4 3177 3171
f 4 3176 3178
f 4 3178 3200
f 3174 3177 3182
f 3171 3174 3195
f 3174 3182 3195
f 3169 3219 3177
f 3177 3219 3182
f 3169 3234 3219
f 3171 3195 3183
f 3178 3212 3200
f 3200 3212 3201
f 3200 3203 3204
f 3169 3200 3234
f 3200 3205 3240
f 3205 3207 3206
f 3200 3210 3211
f 3200 3204 3210
f 3205 3206 3242
f 3205 3440 3208
f 3200 3433 3440
f 3200 3211 3209
f 3205 3208 3207
f 3200 3440 3205
f 3200 3209 3433
f 3206 3207 3230
f 3207 3208 3233
f 3200 3240 3234
f 3205 3242 3240
f 3206 3230 3242
f 3207 3233 3230
f 3208 3463 3233
f 1 3262 3257
f 95 3258 3281
f 95 3282 3271
f 3208 3435 3434
f 3208 3437 3435
f 3208 3440 3437
f 3433 3436 3440
f 3436 3438 3440
f 3438 3439 3440
f 3439 3442 3440
f 3440 3442 3444
f 3440 3475 3441
f 3440 3444 3475
f 3441 3475 3443
f 3443 3475 3445
f 3444 3446 3475
f 3446 3447 3475
f 3447 4480 3475
f 3475 4480 4481
f 3434 3435 3464
f 3435 3437 3465
f 3208 3434 3463
f 3434 3464 3463
f 3435 3465 3464
f 3437 3440 3468
f 3440 3441 3591
f 3440 3591 3468
f 3437 3468 3465
f 3441 3443 3592
f 3443 3445 3594
f 3441 3592 3591
f 3443 3594 3592
f 3475 3516 3515
f 3475 3489 3492
f 3475 3490 3489
f 3475 3515 3488
f 3475 3488 3490
f 3475 3512 3516
f 3475 3513 3512
f 3475 3514 3513
f 3475 3518 3514
f 3475 4496 3517
f 3475 3519 3518
f 3475 3517 3519
f 3517 4496 3522
f 3520 3522 4496
f 3520 4496 3521
f 3475 3506 3507
f 3475 3492 3506
f 3475 3507 3508
f 3475 3509 3510
f 3475 3510 3511
f 3475 3511 3500
f 3475 3508 3509
f 3475 3500 3501
f 3475 3501 3502
f 3475 3502 3527
f 3475 3527 3528
f 3475 3528 3529
f 3475 3529 3530
f 3475 3530 3531
f 3445 3475 3600
f 3475 3531 3600
f 3531 3532 3600
f 3532 3533 3600
f 3534 3535 3600
f 3533 3534 3600
f 3535 3536 3600
f 3536 3537 3600
f 3537 3538 3600
f 3538 3539 3600
f 3539 3540 3600
f 3445 3600 3594
f 3540 3541 3600
f 3541 3554 3600
f 3554 3555 3601
f 3555 3565 3601
f 3565 3570 3601
f 3570 3571 3601
f 3571 3572 3601
f 3572 3573 3601
f 3573 3574 3601
f 3574 3575 3601
f 3575 3576 3601
f 3576 3577 3601
f 3577 3578 3601
f 3578 3579 3601
f 3579 3580 3601
f 3554 3601 3600
f 3475 4481 4549
f 4481 4482 4549
f 4482 4485 4549
f 4483 4549 4484
f 4485 4487 4549
f 4484 4549 4486
f 4487 4489 4549
f 4486 4549 4489
f 4487 4488 4489
f 4488 4491 4489
f 4489 4491 4494
f 4489 4493 4490
f 4489 4682 4686
f 4489 4494 4492
f 4489 4492 4682
f 4489 4688 4493
f 4493 4683 4495
f 3475 4549 4496
f 4496 4549 4514
f 4514 4549 4515
f 4515 4549 4516
f 4516 4549 4517
f 4517 4549 4518
f 4518 4549 4519
f 4519 4549 4520
f 4520 4549 4521
f 4521 4549 4522
f 4522 4549 4523
f 4523 4549 4524
f 4524 4549 4525
f 4525 4549 4534
f 4534 4549 4535
f 4535 4549 4536
f 4536 4549 4537
f 4537 4549 4538
f 4538 4549 4539
f 4539 4549 4540
f 4540 4549 4541
f 4541 4549 4550
f 4549 4551 4550
f 4549 4648 4551
f 4551 4648 4552
f 4552 4648 4553
f 4553 4648 4554
f 4554 4648 4555
f 4555 4648 4556
f 4557 4648 4558
f 4556 4648 4564
f 4557 4564 4648
f 4558 4648 4559
f 4562 4648 4563
f 4559 4648 4562
f 4483 4649 4549
f 4484 4486 4653
f 4483 4484 4649
f 4486 4651 4653
f 4598 4599 4648
f 4560 4563 4648
f 4586 4648 4607
f 4560 4648 4561
f 4586 4561 4648
f 4599 4607 4648
f 4549 4649 4648
f 4484 4653 4649
f 4486 4489 4651
f 4489 4490 4670
f 4489 4670 4651
f 4490 4672 4670
f 4490 4493 4672
f 4493 4495 4675
f 4495 4683 4676
f 4493 4675 4672
f 4495 4676 4675
f 4678 4679 4681
f 4489 4686 4688
f 4493 4687 4683
f 4683 4687 4684
f 4685 4688 4686
f 4493 4688 4687
f 4683 4684 4734
f 4684 4687 4733
f 4678 4688 4685
f 4678 4681 4688
f 4687 4688 4739
f 4681 4748 4688
f 4681 4695 4747
f 4681 4747 4748
f 4695 4757 4747
f 1576 4695 4681
f 4681 4698 4702
f 1576 4681 4702
f 1576 4697 4695
f 4681 4700 4696
f 4681 4699 4700
f 4695 4697 4701
f 4681 4696 4698
f 4697 4704 4723
f 1574 4703 4697
f 4697 4703 4704
f 1574 4697 1576
f 1574 4725 4703
f 1574 1576 4783
f 1572 4768 1576
f 4704 4703 4724
f 4703 4725 4724
f 1576 4768 4783
f 1574 4783 4725
f 4695 4701 4757
f 4697 4722 4701
f 4697 4723 4722
f 4701 4722 4757
f 4704 4724 4723
f 4684 4733 4734
f 4687 4739 4733
f 4676 4683 4734
f 4688 4748 4739
f 1572 4774 4768
f 1664 4762 4774
f 3601 4847 3668
f 17 289 19
f 18 19 289
f 18 306 20
f 23 532 24
f 20 306 25
f 23 25 877
f 25 305 877
f 25 306 305
f 280 278 358
f 274 280 360
f 283 287 303
f 284 302 287
f 286 295 285
f 284 285 295
f 283 290 282
f 281 282 290
f 17 288 293
f 281 292 288
f 18 289 306
f 17 293 289
f 283 303 290
f 288 292 291
f 288 291 293
f 281 290 292
f 274 356 275
f 275 356 276
f 294 276 362
f 294 362 361
f 274 360 356
f 276 356 362
f 286 294 297
f 284 295 302
f 287 301 303
f 287 302 301
f 286 297 295
f 294 361 297
f 324 325 346
f 277 330 339
f 277 357 279
f 278 279 357
f 278 357 359
f 278 359 358
f 324 340 323
f 322 323 340
f 322 341 330
f 322 342 341
f 322 340 342
f 277 339 357
f 330 341 339
f 327 328 343
f 326 343 328
f 327 344 325
f 241 3297 243
f 326 243 3297
f 240 3296 242
f 241 242 3296
f 327 343 345
f 326 3297 3299
f 326 3299 343
f 324 346 340
f 325 344 346
f 327 345 344
f 280 358 360
f 401 602 402
f 402 602 403
f 403 1262 405
f 406 407 416
f 405 1262 406
f 406 1262 1261
f 406 1261 407
f 415 422 427
f 422 429 427
f 407 419 416
f 407 414 419
f 414 417 418
f 415 418 420
f 407 417 414
f 414 418 415
f 415 420 422
f 422 430 429
f 423 430 424
f 423 431 430
f 423 434 431
f 434 435 431
f 431 435 439
f 435 446 439
f 432 447 435
f 422 424 430
f 435 447 446
f 432 433 447
f 433 441 448
f 441 442 448
f 433 448 447
f 442 449 448
f 442 451 449
f 449 452 466
f 449 451 452
f 459 474 462
f 462 477 463
f 463 477 464
f 464 477 479
f 464 497 481
f 464 479 497
f 452 456 466
f 452 457 456
f 450 457 452
f 450 467 457
f 457 467 458
f 458 467 459
f 459 467 470
f 459 470 471
f 459 471 474
f 462 474 473
f 462 473 477
f 481 498 482
f 481 497 498
f 482 501 483
f 482 498 501
f 483 501 503
f 483 489 484
f 483 503 488
f 484 493 485
f 483 488 489
f 485 494 490
f 484 489 493
f 485 493 494
f 490 507 491
f 490 494 507
f 491 1927 492
f 492 1928 495
f 491 507 1927
f 514 524 558
f 515 531 516
f 516 531 518
f 519 527 521
f 518 537 520
f 520 537 519
f 519 526 527
f 518 530 537
f 519 537 526
f 513 528 514
f 512 528 513
f 514 523 524
f 512 521 527
f 512 525 528
f 514 528 523
f 512 527 525
f 24 535 529
f 517 529 535
f 515 517 535
f 515 535 531
f 518 531 530
f 23 877 532
f 24 532 534
f 24 534 533
f 24 533 535
f 562 565 567
f 557 564 567
f 524 559 558
f 559 642 560
f 556 560 642
f 556 561 564
f 556 642 561
f 556 564 557
f 564 563 567
f 562 567 563
f 562 566 565
f 571 576 572
f 572 576 570
f 570 574 575
f 569 578 571
f 569 566 578
f 562 577 566
f 566 577 578
f 571 578 573
f 571 573 576
f 570 576 574
f 589 594 595
f 594 597 595
f 570 575 590
f 575 609 586
f 575 586 590
f 586 591 588
f 586 609 591
f 588 591 589
f 589 591 593
f 589 593 594
f 592 597 594
f 592 600 597
f 597 600 598
f 596 598 600
f 596 600 599
f 596 599 601
f 398 596 601
f 401 601 603
f 398 601 401
f 401 603 602
f 522 559 524
f 522 642 559
f 403 602 1260
f 403 1260 1262
f 1836 3006 1834
f 1834 3031 1837
f 1842 1898 1855
f 1837 3032 1838
f 1838 3030 1839
f 1839 3030 1840
f 1837 3031 3032
f 1838 3032 3030
f 1840 1895 1841
f 1840 3030 3081
f 1840 3081 1895
f 1842 1844 1897
f 1843 1897 1844
f 1841 1896 1843
f 1841 1895 1896
f 1883 4794 4793
f 1822 1883 4793
f 1881 1894 4802
f 1881 4802 4794
f 1857 1859 1906
f 1858 1906 1859
f 1855 1898 1858
f 1857 1906 1908
f 1843 1896 1897
f 1842 1897 1899
f 1842 1899 1898
f 1858 1905 1906
f 1858 1898 1905
f 1857 1909 1900
f 1886 1911 1887
f 1886 1900 1909
f 1857 1908 1909
f 1885 1887 4799
f 1885 4800 1893
f 1886 1910 1911
f 1886 1909 1910
f 1893 4800 1894
f 1887 1911 4799
f 1885 4799 4800
f 492 1927 1928
f 495 1928 1914
f 1914 1929 1915
f 1914 1928 1929
f 1915 1929 1931
f 1915 1934 1916
f 1915 1931 1934
f 1916 1936 1917
f 1916 1934 1935
f 1917 1938 1919
f 1919 1938 1920
f 1920 1947 1921
f 1921 1949 1923
f 1916 1935 1936
f 1917 1936 1938
f 1920 1938 1947
f 1921 1947 1948
f 1921 1948 1949
f 1923 1952 1925
f 1923 1949 1952
f 1925 1952 1941
f 1941 1957 1942
f 1941 1952 1957
f 1942 1958 1951
f 1942 1957 1958
f 1951 1959 1954
f 1951 1958 1959
f 1954 1961 1955
f 1954 1959 1961
f 1955 1988 1956
f 1955 1961 1988
f 1956 1990 1960
f 1956 1988 1990
f 2000 1972 1970
f 1970 2207 1975
f 1970 1972 2207
f 1975 2208 1976
f 1976 2209 1977
f 1975 2207 2208
f 1978 1977 2210
f 1960 1991 1985
f 1960 1990 1991
f 1985 1992 1986
f 1985 1991 1992
f 1986 1996 1987
f 1987 2001 1989
f 1989 2002 1997
f 1986 1992 1996
f 1987 1996 2001
f 1989 2001 2002
f 1997 2003 1998
f 1997 2002 2003
f 1998 2004 1999
f 1998 2003 2004
f 1999 1971 2000
f 1999 2004 1971
f 2000 1971 1972
f 1976 2208 2209
f 1977 2209 2210
f 1978 2212 1979
f 1978 2210 2212
f 1979 2217 1980
f 1980 2218 1983
f 1979 2212 2217
f 1980 2217 2218
f 2213 2220 2214
f 1983 2219 2213
f 1983 2218 2219
f 2213 2219 2220
f 2215 2214 2524
f 2215 2525 2520
f 2214 2220 2524
f 2215 2524 2525
f 2520 2527 2521
f 2520 2525 2527
f 2521 2536 2522
f 2522 2541 2523
f 2521 2527 2536
f 2523 2542 2526
f 2522 2536 2541
f 2526 2543 2529
f 2529 2546 2530
f 2530 2539 2531
f 2532 2531 2540
f 2530 2546 2539
f 2532 2563 2559
f 2531 2539 2540
f 2532 2540 2563
f 2523 2541 2542
f 2526 2542 2543
f 2529 2543 2546
f 2559 2564 2560
f 2560 2615 2561
f 2559 2563 2564
f 2561 2616 2558
f 2560 2564 2615
f 2558 2616 2562
f 2562 2617 2565
f 2561 2615 2616
f 2565 2617 2566
f 2554 2629 2602
f 2602 2629 2603
f 2603 2649 2604
f 2603 2629 2649
f 2562 2616 2617
f 2566 2625 2552
f 2566 2617 2624
f 2566 2624 2625
f 2552 2626 2553
f 2553 2626 2554
f 2552 2625 2626
f 2554 2626 2627
f 2554 2627 2628
f 2554 2628 2629
f 2720 2730 2721
f 2604 2649 2719
f 2649 2725 2719
f 2719 2729 2720
f 2721 2728 2722
f 2723 2722 2728
f 2724 2989 2732
f 2719 2725 2729
f 2720 2729 2730
f 2721 2730 2728
f 2723 2728 2731
f 2723 2990 2724
f 2724 2990 2989
f 2723 2731 2990
f 2732 2989 2991
f 2732 2991 2733
f 2733 2991 2734
f 2734 2995 2736
f 2737 2736 2996
f 2737 2993 2738
f 2734 2991 2994
f 2734 2994 2995
f 2737 2996 2993
f 2736 2995 2996
f 2735 2738 2993
f 2735 3007 1824
f 1835 1824 3008
f 2735 2993 3005
f 1824 3007 3008
f 1835 3008 3006
f 2735 3005 3007
f 1835 3006 1836
f 1834 3006 3029
f 1834 3029 3031
f 3180 3183 3393
f 3183 3195 3396
f 3183 3396 3393
f 3195 3221 3396
f 3182 3221 3195
f 3182 3219 3222
f 3182 3222 3221
f 3219 3234 3248
f 3234 3240 3251
f 3240 3242 3252
f 3219 3248 3222
f 3240 3252 3251
f 3234 3251 3248
f 3230 3253 3242
f 3242 3253 3252
f 3230 3233 3602
f 3230 3602 3253
f 3233 3648 3602
f 3258 3257 3290
f 3257 3262 3287
f 240 255 3306
f 252 3305 254
f 253 254 3305
f 253 3306 255
f 252 3272 3348
f 3258 3290 3281
f 3271 3348 3272
f 230 3359 3282
f 252 3349 3305
f 3271 3282 3350
f 252 3348 3349
f 230 3281 3359
f 3257 3287 3290
f 3172 3289 3262
f 3172 3180 3389
f 3262 3289 3287
f 3172 3389 3289
f 3180 3393 3389
f 241 3296 3298
f 240 3308 3296
f 241 3298 3297
f 240 3306 3308
f 253 3305 3307
f 253 3307 3306
f 3271 3350 3348
f 3463 3464 3650
f 3464 3465 3653
f 3465 3468 3654
f 3468 3591 3655
f 3233 3463 3648
f 3463 3650 3648
f 3591 3592 3661
f 3592 3594 3663
f 3464 3653 3650
f 3465 3654 3653
f 3468 3655 3654
f 3591 3661 3655
f 3592 3663 3661
f 3594 3600 3666
f 3594 3666 3663
f 3600 3601 3668
f 3600 3668 3666
f 3666 3668 3678
f 3666 3678 3677
f 4651 4851 4653
f 4651 4670 4853
f 4670 4672 4860
f 4672 4675 4861
f 4675 4676 4864
f 4676 4734 4863
f 4734 4921 4863
f 4724 4725 4818
f 4747 4755 4748
f 4747 4757 4756
f 4734 4733 4921
f 4739 4920 4733
f 4733 4920 4921
f 4739 4922 4920
f 4739 4748 4922
f 4748 4755 4922
f 4747 4756 4755
f 4754 4756 4757
f 4722 4723 4821
f 4723 4724 4816
f 4722 4754 4757
f 4723 4816 4821
f 4722 4821 4754
f 4762 4788 4774
f 1822 4796 1805
f 1805 4785 4779
f 4762 4779 4786
f 1805 4796 4785
f 4779 4785 4786
f 4768 4820 4783
f 4768 4774 4789
f 4725 4783 4814
f 4768 4789 4820
f 4783 4820 4814
f 4774 4788 4789
f 4762 4786 4788
f 1822 4793 4796
f 4725 4814 4818
f 4724 4818 4816
f 3601 4648 4847
f 4648 4649 4849
f 4648 4849 4847
f 4649 4653 4849
f 4653 4851 4849
f 4651 4853 4851
f 4670 4860 4853
f 4672 4861 4860
f 4675 4864 4861
f 4676 4863 4864
f 293 873 289
f 292 290 874
f 291 876 293
f 291 292 874
f 290 303 968
f 291 874 876
f 301 302 373
f 303 301 372
f 302 295 373
f 301 373 372
f 303 372 371
f 303 371 968
f 290 968 874
f 340 346 3319
f 357 382 359
f 356 360 383
f 358 359 382
f 358 380 360
f 356 374 362
f 361 362 374
f 295 297 375
f 297 361 377
f 297 376 375
f 295 375 373
f 361 374 377
f 297 377 376
f 356 383 374
f 357 339 3322
f 358 382 381
f 358 381 380
f 357 3322 382
f 340 3315 342
f 341 342 3315
f 341 3316 339
f 341 3315 3317
f 341 3317 3316
f 339 3316 3322
f 360 380 383
f 417 1265 418
f 418 1265 420
f 420 1277 422
f 423 424 425
f 421 424 1277
f 422 1277 424
f 421 425 424
f 432 438 433
f 433 438 441
f 423 425 434
f 425 436 434
f 434 436 435
f 435 436 437
f 432 435 437
f 432 437 438
f 438 443 441
f 441 443 442
f 442 443 444
f 442 444 451
f 444 453 451
f 451 453 452
f 450 452 453
f 450 453 469
f 450 468 467
f 450 469 468
f 467 468 470
f 468 472 470
f 470 472 471
f 471 472 475
f 471 475 474
f 473 474 476
f 474 475 476
f 473 476 478
f 473 478 477
f 477 478 479
f 479 499 497
f 478 499 479
f 497 499 498
f 498 499 500
f 498 500 502
f 498 502 501
f 501 502 503
f 502 504 503
f 488 503 504
f 488 504 505
f 488 505 506
f 488 506 489
f 489 508 493
f 489 506 508
f 493 508 494
f 494 508 507
f 507 508 1926
f 507 1926 1927
f 523 539 524
f 523 528 538
f 525 538 528
f 522 524 539
f 522 539 646
f 523 540 539
f 530 536 537
f 533 534 881
f 530 531 885
f 531 535 880
f 533 880 535
f 531 879 885
f 530 885 536
f 526 543 527
f 527 541 525
f 526 537 536
f 527 543 541
f 525 541 538
f 523 538 540
f 526 536 542
f 526 542 543
f 562 652 577
f 574 576 580
f 574 582 575
f 575 582 609
f 582 616 609
f 577 658 578
f 573 578 658
f 573 580 576
f 577 654 658
f 573 658 581
f 573 581 580
f 574 579 582
f 574 580 579
f 593 615 594
f 592 594 615
f 592 613 600
f 592 612 613
f 599 600 613
f 599 613 614
f 599 614 604
f 602 603 605
f 602 605 1260
f 601 599 604
f 601 604 603
f 603 604 607
f 603 607 605
f 605 606 1260
f 591 609 610
f 591 610 593
f 593 610 611
f 593 611 615
f 609 616 610
f 592 615 612
f 561 643 564
f 522 645 642
f 561 642 645
f 561 644 643
f 562 563 652
f 564 643 563
f 563 653 652
f 563 643 653
f 522 646 645
f 561 645 644
f 577 652 654
f 289 873 910
f 293 875 873
f 293 876 875
f 532 881 534
f 877 305 883
f 532 877 884
f 532 884 881
f 533 881 880
f 531 880 879
f 289 910 306
f 305 306 910
f 877 882 884
f 877 883 882
f 305 910 883
f 1262 1269 1261
f 407 1261 1264
f 606 1269 1260
f 1260 1269 1262
f 1261 1263 1264
f 1261 1269 1263
f 407 1264 417
f 417 1264 1266
f 417 1266 1265
f 1265 1266 1268
f 420 1265 1277
f 1897 5051 1899
f 1906 1905 5050
f 1898 5050 1905
f 1898 1899 5051
f 1906 5055 1908
f 1926 1930 1927
f 1927 1930 1928
f 1928 1932 1929
f 1928 1930 1932
f 1929 1932 1931
f 1931 1932 1933
f 1931 1937 1934
f 1931 1933 1937
f 1934 1937 1935
f 1935 1939 1936
f 1935 1937 1939
f 1936 1939 1938
f 1938 1939 1940
f 1938 1940 1950
f 1938 1950 1947
f 1947 1950 1948
f 1948 1953 1949
f 1949 1962 1952
f 1948 1950 1953
f 1949 1953 1962
f 1952 1963 1957
f 1957 1964 1958
f 1958 1966 1959
f 1952 1962 1963
f 1957 1963 1964
f 1959 1993 1961
f 1958 1964 1966
f 1959 1966 1993
f 1961 1994 1988
f 1961 1993 1994
f 1988 1995 1990
f 1988 1994 1995
f 1990 2235 1991
f 1990 1995 2235
f 1991 2236 1992
f 1991 2235 2236
f 1992 2234 1996
f 1992 2236 2234
f 1996 2249 2001
f 1996 2234 2249
f 2001 2250 2002
f 2002 2251 2003
f 1972 2326 2207
f 2207 2327 2208
f 2208 2211 2209
f 2208 2327 2211
f 2209 2216 2210
f 2210 2221 2212
f 2209 2211 2216
f 2210 2216 2221
f 2217 2212 2222
f 2212 2221 2222
f 2217 2223 2218
f 2217 2222 2223
f 2219 2218 2533
f 2219 2534 2220
f 2218 2223 2533
f 2001 2249 2250
f 2002 2250 2251
f 2003 2252 2004
f 2003 2251 2252
f 1971 2004 2323
f 2004 2252 2323
f 1971 2325 1972
f 1971 2323 2325
f 1972 2325 2326
f 2207 2326 2327
f 2219 2533 2534
f 2220 2535 2524
f 2220 2534 2535
f 2524 2537 2525
f 2524 2535 2537
f 2525 2538 2527
f 2527 2544 2536
f 2536 2545 2541
f 2525 2537 2538
f 2536 2544 2545
f 2527 2538 2544
f 2541 2577 2542
f 2541 2545 2577
f 2542 2580 2543
f 2542 2577 2580
f 2543 2581 2546
f 2546 2581 2539
f 2543 2580 2581
f 2539 2581 2621
f 2540 2622 2563
f 2563 2623 2564
f 2564 2623 2615
f 2615 2642 2616
f 2615 2623 2642
f 2616 2642 2617
f 2617 2636 2624
f 2617 2642 2635
f 2617 2635 2636
f 2624 2636 2648
f 2539 2620 2540
f 2539 2621 2620
f 2540 2620 2622
f 2563 2622 2623
f 2624 2648 2625
f 2625 2648 2626
f 2626 2650 2627
f 2626 2648 2652
f 2626 2652 2650
f 2627 2651 2628
f 2628 2653 2629
f 2629 2653 2649
f 2627 2650 2651
f 2628 2651 2653
f 2649 2653 2749
f 2649 2749 3016
f 2729 3018 2730
f 2730 3018 2728
f 2649 3016 2725
f 2729 2725 3017
f 2725 3016 3017
f 2728 3020 2731
f 2731 3021 2990
f 2989 3022 2991
f 2989 2990 3022
f 2731 3020 3021
f 2990 3021 3022
f 2991 3022 3023
f 2991 3023 3012
f 2991 3012 2994
f 2994 3013 2995
f 2995 3014 2996
f 2996 3014 2993
f 3007 3040 3008
f 3006 3008 3040
f 3006 3045 3029
f 2993 3014 3015
f 2994 3012 3013
f 2995 3013 3014
f 2993 3038 3005
f 3007 3005 3039
f 2993 3015 3038
f 3005 3038 3039
f 3006 3040 3044
f 3007 3039 3040
f 2729 3017 3018
f 2728 3018 3019
f 2728 3019 3020
f 3031 3029 3046
f 3031 3046 3047
f 3006 3044 3045
f 3029 3045 3046
f 3030 3085 3081
f 3031 3047 3032
f 3030 3032 3047
f 1895 3082 1896
f 1897 1896 3082
f 3081 3084 1895
f 3030 3047 3086
f 3030 3086 3085
f 1897 3082 3083
f 1897 3083 5051
f 1895 3084 3082
f 3081 3085 3084
f 1898 5052 5050
f 1898 5051 5052
f 1906 5050 5053
f 3222 3248 3613
f 3248 3251 3614
f 3251 3252 3617
f 3281 3290 3292
f 3281 3292 3359
f 3287 3390 3290
f 3287 3289 3392
f 3290 3390 3292
f 344 345 3318
f 346 344 3320
f 343 3318 345
f 343 3299 3333
f 3296 3309 3298
f 3299 3297 3333
f 3297 3298 3309
f 343 3332 3318
f 343 3333 3332
f 3305 3351 3307
f 3306 3307 3351
f 3296 3308 3352
f 3297 3309 3334
f 3297 3334 3333
f 3296 3365 3309
f 3306 3352 3308
f 3306 3351 3353
f 3306 3353 3352
f 3296 3352 3365
f 340 3319 3315
f 346 3320 3319
f 344 3318 3321
f 344 3321 3320
f 3305 3349 3360
f 3348 3360 3349
f 3282 3359 3406
f 3282 3406 3350
f 3305 3361 3351
f 3305 3360 3361
f 3348 3350 3377
f 3348 3377 3360
f 3289 3389 3391
f 3287 3392 3390
f 3289 3391 3392
f 3389 3393 3402
f 3393 3396 3403
f 3393 3403 3402
f 3389 3402 3391
f 3221 3400 3396
f 3221 3222 3401
f 3396 3400 3403
f 3221 3401 3400
f 3222 3613 3401
f 3252 3253 3622
f 3252 3622 3617
f 3253 3602 3628
f 3253 3628 3622
f 3602 3680 3628
f 3248 3614 3613
f 3251 3617 3614
f 3602 3648 3680
f 3648 3650 3656
f 3650 3653 3657
f 3653 3654 3658
f 3648 3656 3680
f 3650 3657 3656
f 3654 3655 3660
f 3653 3658 3657
f 3654 3660 3658
f 3655 3661 3672
f 3661 3663 3676
f 3655 3672 3660
f 3661 3676 3672
f 3663 3666 3677
f 3663 3677 3676
f 3668 4868 3678
f 3678 4884 3709
f 4786 4835 4788
f 4793 4794 4809
f 4793 4805 4796
f 4793 4809 4805
f 1909 5054 1910
f 1910 5059 1911
f 1909 1908 5055
f 1909 5056 5054
f 1909 5055 5056
f 1911 5058 4799
f 1910 5054 5059
f 1894 4800 4802
f 1911 5059 5058
f 4799 5058 4800
f 4794 4802 4809
f 4785 4836 4786
f 4785 4796 4807
f 4796 4805 4807
f 4785 4807 4836
f 4786 4836 4835
f 4754 4821 4930
f 4754 4925 4756
f 4821 4929 4930
f 4814 4827 4818
f 4814 4820 4825
f 4820 4824 4825
f 4789 4824 4820
f 4788 4835 4837
f 4788 4837 4789
f 4789 4837 4824
f 4816 4818 4826
f 4816 4929 4821
f 4816 4826 4929
f 4818 4827 4826
f 4814 4825 4827
f 3668 4847 4868
f 4847 4849 4869
f 4849 4851 4869
f 4847 4869 4868
f 4851 4853 4870
f 4853 4860 4871
f 4851 4870 4869
f 4853 4871 4870
f 4863 4880 4864
f 4863 4921 4881
f 4860 4861 4867
f 4861 4864 4876
f 4861 4876 4867
f 4864 4880 4876
f 4860 4867 4871
f 4863 4881 4880
f 4879 4881 4921
f 4920 4922 4931
f 4755 4933 4922
f 4879 4921 4920
f 4879 4920 4931
f 4755 4756 4926
f 4755 4926 4933
f 4922 4933 4931
f 4756 4925 4926
f 4754 4930 4925
f 1906 5053 5055
f 375 376 979
f 380 381 3726
f 381 382 3726
f 374 980 377
f 376 377 980
f 374 383 3723
f 380 3725 383
f 380 3726 3725
f 548 645 646
f 539 547 646
f 542 901 543
f 538 898 540
f 543 900 541
f 538 541 899
f 538 899 898
f 539 540 898
f 539 898 547
f 547 548 646
f 546 645 548
f 610 616 661
f 582 659 616
f 610 661 662
f 605 607 626
f 605 625 606
f 606 625 1269
f 625 628 1269
f 628 629 1269
f 608 1263 629
f 612 615 617
f 613 622 614
f 612 619 613
f 613 619 622
f 610 662 611
f 611 662 615
f 615 662 618
f 612 617 619
f 615 618 617
f 604 614 622
f 604 622 620
f 604 621 607
f 604 620 621
f 607 621 626
f 605 626 625
f 546 644 645
f 654 676 658
f 546 643 644
f 653 643 674
f 653 674 673
f 652 676 654
f 652 653 673
f 655 656 658
f 655 658 676
f 652 673 676
f 580 581 657
f 579 580 663
f 581 658 656
f 581 656 657
f 579 663 582
f 582 663 660
f 580 657 663
f 582 660 659
f 616 659 661
f 546 675 643
f 643 675 674
f 874 975 876
f 873 875 974
f 875 876 975
f 873 974 973
f 873 973 922
f 875 975 974
f 536 886 542
f 885 879 889
f 536 885 888
f 884 918 881
f 880 881 887
f 879 880 887
f 879 887 889
f 885 889 888
f 881 918 887
f 536 888 886
f 543 901 900
f 541 900 899
f 542 886 901
f 883 910 921
f 882 883 921
f 882 920 884
f 873 922 910
f 884 920 919
f 884 919 918
f 882 921 920
f 910 922 921
f 371 372 972
f 372 373 972
f 874 968 969
f 371 971 968
f 874 969 975
f 968 970 969
f 375 977 373
f 373 977 972
f 968 971 970
f 371 972 971
f 375 978 977
f 375 979 978
f 374 3723 980
f 376 980 979
f 383 3724 3723
f 383 3725 3724
f 1264 1270 1266
f 1266 1270 1267
f 1266 1267 1268
f 608 1264 1263
f 629 1263 1269
f 608 1270 1264
f 608 1271 1270
f 1963 1965 1964
f 1964 1965 1966
f 1965 2232 1966
f 1966 2233 1993
f 1993 2233 1994
f 2221 2353 2222
f 2222 2654 2223
f 1966 2232 2233
f 1994 2238 1995
f 1994 2233 2237
f 1995 2239 2235
f 1994 2237 2238
f 1995 2238 2239
f 2235 2253 2236
f 2235 2239 2253
f 2234 2236 2253
f 2234 2253 2255
f 2234 2256 2249
f 2234 2255 2256
f 2249 2257 2250
f 2250 2258 2251
f 2249 2256 2257
f 2251 2258 2252
f 2250 2257 2258
f 2252 2331 2323
f 2252 2258 2324
f 2323 2332 2325
f 2252 2324 2331
f 2323 2331 2332
f 2326 2333 2327
f 2325 2333 2326
f 2325 2332 2333
f 2327 2346 2211
f 2327 2333 2345
f 2211 2347 2216
f 2327 2345 2346
f 2211 2346 2347
f 2216 2353 2221
f 2216 2347 2353
f 2222 2353 2354
f 2222 2354 2654
f 2223 2654 2655
f 2223 2655 2533
f 2533 2655 2656
f 2533 2656 2534
f 2534 2656 2535
f 2535 2656 2658
f 2535 2659 2537
f 2535 2658 2659
f 2537 2660 2538
f 2537 2659 2660
f 2538 2660 2579
f 2538 2579 2544
f 2544 2579 2545
f 2545 2587 2577
f 2545 2579 2585
f 2545 2585 2587
f 2577 2587 2580
f 2580 2588 2581
f 2580 2587 2588
f 2581 2588 2621
f 2621 2588 2596
f 2621 2596 2597
f 2620 2621 2597
f 2620 2597 2622
f 2622 2643 2623
f 2622 2597 2641
f 2622 2641 2643
f 2623 2643 2642
f 2642 2645 2635
f 2642 2643 2644
f 2642 2644 2645
f 2635 2645 2636
f 2636 2645 2648
f 2645 2646 2648
f 2646 2757 2648
f 2650 2755 2651
f 2651 2755 2653
f 2648 2757 2652
f 2652 2757 2754
f 2652 2754 2755
f 2650 2652 2755
f 2653 2758 2749
f 2760 3018 3017
f 2749 2760 3016
f 2760 3017 3016
f 2761 3018 2760
f 2653 2755 2756
f 2653 2756 2758
f 2749 2758 2759
f 2749 2759 2760
f 3018 3024 3019
f 2761 3024 3018
f 3019 3026 3020
f 3021 3026 3022
f 3019 3024 3025
f 3020 3026 3021
f 3019 3025 3026
f 3022 3026 3027
f 3022 3028 3023
f 3022 3027 3028
f 3013 3054 3014
f 3023 3054 3012
f 3012 3054 3013
f 3023 3028 3053
f 3023 3053 3054
f 3014 3054 3055
f 3038 3061 3039
f 3039 3061 3040
f 3040 3077 3044
f 3045 3079 3046
f 3047 3046 3079
f 3044 3079 3045
f 3047 3080 5029
f 3047 5029 3086
f 3085 3086 5031
f 3084 3085 5031
f 3084 5031 3082
f 3086 5029 5030
f 3086 5030 5031
f 3082 5031 5032
f 3014 3055 3059
f 3015 3014 3059
f 3015 3061 3038
f 3015 3059 3062
f 3015 3062 3061
f 3040 3061 3063
f 3040 3063 3077
f 3044 3077 3078
f 3047 3079 3080
f 3044 3078 3079
f 382 3322 3720
f 3316 3317 3323
f 3322 3316 3722
f 382 3720 3726
f 3315 3335 3317
f 3315 3319 3335
f 3322 3722 3721
f 3316 3323 3722
f 3322 3721 3720
f 3317 3335 3323
f 3320 3321 3336
f 3321 3318 3367
f 3318 3332 3367
f 3333 3334 3369
f 3332 3333 3369
f 3319 3320 3338
f 3319 3337 3335
f 3320 3336 3338
f 3319 3338 3337
f 3321 3367 3336
f 3332 3368 3367
f 3359 3292 3408
f 3352 3380 3365
f 3309 3370 3334
f 3309 3365 3370
f 3352 3353 3380
f 3351 3382 3353
f 3365 3379 3370
f 3353 3378 3380
f 3365 3380 3379
f 3334 3366 3369
f 3332 3369 3368
f 3334 3370 3366
f 3351 3361 3382
f 3353 3382 3378
f 3360 3411 3361
f 3350 3412 3377
f 3350 3406 3412
f 3360 3377 3411
f 3361 3381 3382
f 3361 3411 3381
f 3390 3392 3419
f 3391 3418 3392
f 3391 3402 3425
f 3391 3425 3418
f 3402 3403 3604
f 3402 3604 3425
f 3400 3605 3403
f 3403 3605 3604
f 3359 3408 3406
f 3292 3390 3410
f 3292 3410 3408
f 3390 3419 3410
f 3392 3418 3419
f 3400 3401 3603
f 3400 3603 3605
f 3613 3614 3625
f 3614 3617 3627
f 3401 3613 3619
f 3401 3619 3603
f 3613 3625 3619
f 3614 3627 3625
f 3617 3622 3631
f 3622 3628 3632
f 3628 3680 3684
f 3628 3684 3632
f 3617 3631 3627
f 3622 3632 3631
f 3656 3685 3680
f 3680 3685 3684
f 3656 3657 3687
f 3657 3658 3691
f 3656 3687 3685
f 3657 3691 3687
f 3658 3660 3692
f 3658 3692 3691
f 3660 3703 3692
f 3660 3672 3703
f 3672 3676 3705
f 3672 3705 3703
f 3676 3707 3705
f 3676 3677 3707
f 3677 3678 3709
f 3677 3709 3707
f 3707 3709 3718
f 3709 4884 3719
f 4800 5082 4802
f 4802 5083 4809
f 4802 5082 5083
f 4809 4838 4805
f 4807 4805 4839
f 4809 5083 4838
f 4805 4838 4839
f 4807 4840 4836
f 4835 4836 4843
f 4835 4844 4837
f 4807 4839 4840
f 4836 4840 4843
f 4835 4843 4844
f 4837 4846 4824
f 4825 4824 4952
f 4837 4844 4846
f 4825 4953 4827
f 4825 4952 4953
f 4824 4846 4952
f 4880 4881 4904
f 4879 4931 4908
f 4879 4907 4881
f 3678 4868 4884
f 4868 4869 4887
f 4869 4870 4887
f 4868 4887 4884
f 4870 4888 4887
f 4870 4871 4888
f 4871 4867 4890
f 4871 4890 4888
f 4867 4891 4890
f 4867 4876 4891
f 4876 4880 4903
f 4876 4903 4891
f 4880 4904 4903
f 4881 4907 4904
f 4879 4908 4907
f 4826 4938 4929
f 4925 4930 4947
f 4929 4946 4930
f 4931 4933 4955
f 4926 4942 4933
f 4926 4943 4942
f 4908 4931 4955
f 4933 4942 4955
f 4925 4943 4926
f 4930 4946 4947
f 4925 4947 4943
f 4929 4938 4946
f 4826 4827 4954
f 4827 4953 4954
f 4826 4954 4938
f 3082 5032 5034
f 3082 5034 3083
f 3083 5036 5051
f 5036 5052 5051
f 5050 5052 5063
f 5050 5063 5053
f 5036 5057 5052
f 3083 5035 5036
f 3083 5034 5035
f 5052 5057 5063
f 5055 5062 5056
f 5053 5062 5055
f 5054 5056 5085
f 5054 5085 5059
f 4800 5058 5082
f 5053 5061 5062
f 5056 5062 5060
f 5053 5063 5061
f 5056 5060 5084
f 5056 5084 5085
f 5058 5059 5085
f 546 932 675
f 546 548 932
f 675 933 934
f 675 932 933
f 617 720 619
f 619 718 622
f 620 622 718
f 620 624 621
f 621 624 626
f 623 626 624
f 620 718 717
f 620 717 624
f 625 626 634
f 625 634 628
f 628 634 635
f 627 628 635
f 627 629 628
f 608 629 627
f 608 632 1271
f 608 631 632
f 608 627 631
f 630 1272 632
f 623 634 626
f 657 656 681
f 655 681 656
f 657 680 679
f 659 660 666
f 659 666 661
f 618 662 667
f 661 667 662
f 661 669 667
f 660 663 679
f 661 666 669
f 660 697 666
f 657 679 663
f 660 679 697
f 618 668 720
f 618 667 668
f 674 684 673
f 673 683 676
f 655 676 683
f 655 682 681
f 657 681 680
f 655 683 682
f 674 675 684
f 673 684 683
f 675 934 684
f 617 618 720
f 619 720 719
f 619 719 718
f 888 889 946
f 886 888 944
f 886 953 901
f 887 946 889
f 887 918 950
f 919 920 949
f 918 919 947
f 920 921 949
f 918 948 950
f 918 947 948
f 921 922 1011
f 919 949 947
f 921 1011 949
f 886 945 953
f 898 899 937
f 900 901 936
f 899 900 936
f 898 937 938
f 898 938 935
f 547 935 548
f 547 898 935
f 548 935 932
f 901 953 936
f 899 936 937
f 888 946 944
f 886 944 945
f 887 950 946
f 975 976 974
f 973 974 976
f 975 969 983
f 969 970 981
f 972 984 971
f 970 971 984
f 975 983 976
f 969 982 983
f 978 979 3734
f 979 980 3734
f 972 977 987
f 970 984 981
f 972 987 984
f 969 981 982
f 977 978 985
f 977 985 986
f 977 986 987
f 978 3734 985
f 922 973 1012
f 973 976 1012
f 922 1013 1011
f 922 1012 1013
f 1272 1280 1273
f 632 1272 1271
f 630 1280 1272
f 1273 1280 1281
f 2133 2135 2134
f 2132 2136 2138
f 2133 2134 2137
f 2133 2137 2136
f 2136 2137 2138
f 2132 2138 2240
f 2231 2233 2232
f 2132 2243 2231
f 2132 2240 2243
f 2231 2244 2233
f 2231 2243 2244
f 2233 2244 2237
f 2237 2244 2245
f 2237 2248 2238
f 2237 2245 2248
f 2238 2248 2239
f 2253 2259 2255
f 2239 2248 2254
f 2239 2259 2253
f 2239 2254 2259
f 2255 2287 2256
f 2256 2287 2257
f 2255 2259 2286
f 2255 2286 2287
f 2257 2287 2328
f 2257 2329 2258
f 2258 2329 2324
f 2257 2328 2329
f 2324 2329 2330
f 2324 2330 2337
f 2324 2337 2331
f 2331 2337 2332
f 2332 2350 2333
f 2332 2337 2349
f 2332 2349 2350
f 2333 2350 2345
f 2345 2350 2351
f 2345 2351 2352
f 2345 2352 2346
f 2346 2352 2347
f 2347 2352 2423
f 2347 2424 2353
f 2347 2423 2424
f 2353 2424 2354
f 2354 2424 2425
f 2596 2694 2597
f 2641 2597 2694
f 2641 2713 2643
f 2643 2855 2644
f 2644 2857 2645
f 2645 2857 2646
f 2354 2657 2654
f 2654 2657 2655
f 2354 2425 2657
f 2655 2662 2656
f 2655 2657 2661
f 2655 2661 2662
f 2656 2662 2658
f 2658 2663 2659
f 2659 2663 2660
f 2658 2662 2663
f 2660 2663 2667
f 2660 2688 2579
f 2660 2667 2687
f 2660 2687 2688
f 2579 2688 2585
f 2585 2691 2587
f 2585 2688 2691
f 2587 2691 2588
f 2588 2689 2596
f 2588 2691 2690
f 2588 2690 2689
f 2596 2689 2694
f 2641 2694 2713
f 2643 2713 2856
f 2643 2856 2855
f 2644 2855 2857
f 2646 2859 2757
f 2754 2860 2755
f 2755 2860 2756
f 2754 2757 2861
f 2756 2860 2880
f 2756 2880 2758
f 2758 2881 2759
f 2759 2883 2760
f 2758 2880 2882
f 2758 2882 2881
f 2761 2760 2883
f 2759 2881 2883
f 2761 2883 2884
f 2761 2884 3024
f 2884 2886 3024
f 2885 3024 2886
f 2646 2857 2859
f 2757 2859 2862
f 2757 2862 2861
f 2754 2861 2860
f 2885 3025 3024
f 2914 3026 3025
f 2914 3027 3026
f 3027 3087 3028
f 2914 3087 3027
f 2885 2914 3025
f 3028 3087 3088
f 3028 3088 3089
f 3053 3089 3060
f 3028 3089 3053
f 3054 3060 3055
f 3053 3060 3054
f 3055 3069 3059
f 3059 3070 3062
f 3061 3062 3072
f 3055 3060 3069
f 3059 3069 3071
f 3061 3072 3063
f 3062 3070 3072
f 3063 3072 3074
f 3059 3071 3070
f 3078 3077 3075
f 3079 5037 3080
f 3078 5037 3079
f 3063 3074 3077
f 3077 3074 3076
f 3077 3076 3075
f 3078 3075 5037
f 3366 3781 3369
f 3379 3380 3796
f 3370 3379 3797
f 3378 3796 3380
f 3378 3382 3978
f 3377 3983 3411
f 3377 3412 3983
f 3408 3416 3406
f 3406 3416 3412
f 3408 3410 3420
f 3408 3420 3416
f 3410 3419 3422
f 3418 3421 3419
f 3410 3422 3420
f 3416 3420 3995
f 3420 3422 3996
f 3419 3421 3422
f 3422 3421 4083
f 3418 3425 3606
f 3418 3606 3421
f 3425 3604 3609
f 3425 3609 3606
f 3604 3611 3609
f 3604 3605 3611
f 3603 3612 3605
f 3605 3612 3611
f 3421 3606 4086
f 3606 3609 4088
f 3609 3611 4096
f 3611 3612 4097
f 3612 4114 4097
f 3603 3619 3636
f 3619 3625 3638
f 3603 3636 3612
f 3619 3638 3636
f 3625 3627 3641
f 3625 3641 3638
f 3627 3642 3641
f 3612 3636 4114
f 3636 3638 4124
f 3636 4124 4114
f 3627 3631 3642
f 3631 3632 3644
f 3632 3684 3645
f 3638 3641 4125
f 3638 4125 4124
f 3641 4132 4125
f 3631 3644 3642
f 3632 3645 3644
f 3641 3642 4132
f 3644 4133 3642
f 3642 4133 4132
f 3644 3645 4139
f 3644 4139 4133
f 3684 3685 3694
f 3685 3687 3698
f 3687 3691 3699
f 3691 3692 3701
f 3645 3684 3694
f 3685 3698 3694
f 3687 3699 3698
f 3645 3694 4214
f 3645 4214 4139
f 3694 4216 4214
f 3694 3698 4216
f 3698 4224 4216
f 3691 3701 3699
f 3692 3711 3701
f 3698 3699 4224
f 3699 3701 4225
f 3699 4225 4224
f 3701 3711 4226
f 3701 4226 4225
f 3692 3703 3711
f 3703 3705 3713
f 3705 3707 3714
f 3703 3713 3711
f 3705 3714 3713
f 3711 3713 4243
f 3711 4243 4226
f 3713 3714 4245
f 3713 4245 4243
f 3707 3718 3714
f 3709 3719 3718
f 3714 3718 4248
f 3714 4248 4245
f 3718 4250 4248
f 3720 3721 3745
f 980 3723 3735
f 3724 3725 3736
f 3726 3736 3725
f 3723 3724 3737
f 3720 3744 3726
f 980 3735 3734
f 3723 3738 3735
f 3724 3736 3737
f 3723 3737 3738
f 3726 3744 3736
f 3721 3722 3742
f 3323 3742 3722
f 3323 3335 3743
f 3721 3742 3745
f 3323 3743 3742
f 3335 3337 3782
f 3337 3338 3784
f 3336 3784 3338
f 3337 3784 3782
f 3335 3782 3783
f 3335 3783 3743
f 3720 3745 3746
f 3720 3746 3744
f 3336 3367 3785
f 3367 3368 3786
f 3336 3785 3784
f 3368 3369 3781
f 3366 3370 3799
f 3366 3799 3781
f 3367 3786 3787
f 3367 3787 3785
f 3368 3781 3786
f 3370 3797 3798
f 3379 3796 3797
f 3370 3798 3799
f 3378 3978 3796
f 3381 3977 3382
f 3381 3411 3979
f 3382 3977 3978
f 3381 3979 3977
f 3412 3994 3983
f 3412 3416 3994
f 3416 3995 3994
f 3420 3996 3995
f 3422 4083 3996
f 3421 4086 4083
f 3606 4088 4086
f 3609 4096 4088
f 3611 4097 4096
f 3719 5303 4250
f 4839 5161 4840
f 4840 5164 4843
f 4844 4843 5163
f 4844 5551 4846
f 4844 5163 5551
f 4884 4887 4893
f 4887 4888 4893
f 4888 4890 4894
f 4890 4891 4900
f 3719 4884 4893
f 4888 4894 4893
f 3719 4893 5303
f 4893 4894 5303
f 4894 4900 5306
f 4890 4900 4894
f 4891 4899 4900
f 4899 5309 4900
f 4899 4917 5310
f 4891 4903 4899
f 4903 4904 4917
f 4904 4907 4918
f 4907 4919 4918
f 4908 4955 4914
f 4907 4908 4919
f 4908 4914 4919
f 4914 4955 4915
f 4914 4915 5338
f 4915 4957 5339
f 4899 4903 4917
f 4904 4918 4917
f 4917 4918 5311
f 4918 4919 5337
f 4914 5336 4919
f 4943 4947 4959
f 4947 4958 4959
f 4938 4951 4946
f 4946 4958 4947
f 4938 4949 4951
f 4938 4954 4949
f 4949 4954 4950
f 4946 4951 4958
f 4846 5552 4952
f 4953 4952 5553
f 4846 5551 5552
f 4952 5552 5553
f 4953 4950 4954
f 4953 5553 4950
f 4915 4955 4942
f 4942 4943 4957
f 4915 4942 4957
f 4943 4959 4957
f 3080 5038 5029
f 5030 5041 5031
f 5032 5031 5041
f 5029 5039 5030
f 5032 5046 5034
f 5034 5047 5035
f 3080 5037 5038
f 5029 5040 5039
f 5029 5038 5040
f 5030 5039 5041
f 5032 5041 5046
f 5035 5049 5036
f 5036 5049 5057
f 5035 5047 5049
f 5057 5073 5063
f 5061 5072 5062
f 5061 5063 5074
f 5049 5075 5057
f 5057 5075 5073
f 5063 5073 5074
f 5061 5074 5072
f 5034 5048 5047
f 5034 5046 5048
f 5060 5062 5072
f 5060 5129 5084
f 5060 5072 5076
f 5084 5129 5085
f 5060 5076 5129
f 5085 5081 5086
f 5085 5129 5081
f 5058 5086 5082
f 5058 5085 5086
f 5082 5158 5083
f 5082 5086 5158
f 4839 5153 5161
f 5086 5155 5158
f 5151 5158 5157
f 5086 5081 5155
f 5157 5158 5155
f 5151 5167 5153
f 5151 5157 5167
f 4838 5083 5151
f 4838 5153 4839
f 4838 5151 5153
f 5083 5158 5151
f 4840 5161 5164
f 4843 5164 5163
f 5161 5170 5164
f 5164 5554 5163
f 5153 5167 5168
f 5153 5168 5161
f 5161 5168 5170
f 5164 5170 5554
f 4894 5306 5303
f 4900 5309 5306
f 4899 5310 5309
f 4917 5311 5310
f 4915 5339 5338
f 4957 5333 5339
f 4918 5337 5311
f 4919 5336 5337
f 4914 5338 5336
f 5535 5553 5552
f 5529 5535 5552
f 4949 4950 5536
f 4950 5534 5536
f 4950 5553 5534
f 5534 5553 5535
f 4949 5558 4951
f 4949 5536 5558
f 5163 5555 5551
f 5529 5552 5551
f 5163 5554 5555
f 5529 5551 5555
f 4951 5559 4958
f 4958 5560 4959
f 4951 5558 5559
f 4958 5559 5560
f 4957 4959 5333
f 4959 5560 5333
f 623 624 723
f 634 724 635
f 623 724 634
f 631 639 632
f 630 632 639
f 630 641 640
f 627 635 637
f 627 637 631
f 631 637 638
f 635 636 637
f 635 724 636
f 631 638 639
f 630 639 641
f 670 719 720
f 666 706 669
f 669 707 709
f 667 709 668
f 668 671 670
f 668 670 720
f 670 672 719
f 667 669 709
f 668 709 671
f 683 684 1185
f 679 689 697
f 680 681 688
f 679 680 689
f 689 708 697
f 682 683 1185
f 682 1185 688
f 681 682 688
f 680 688 690
f 680 690 689
f 666 697 706
f 669 706 707
f 697 708 706
f 718 719 728
f 717 718 728
f 672 728 719
f 717 728 722
f 717 722 723
f 624 717 723
f 623 723 721
f 623 721 724
f 933 939 934
f 932 941 933
f 932 935 941
f 935 938 943
f 937 940 938
f 936 940 937
f 938 940 943
f 936 959 940
f 934 939 1187
f 933 941 939
f 935 942 941
f 935 943 942
f 944 951 945
f 944 946 951
f 945 961 953
f 945 951 961
f 947 1020 948
f 946 950 952
f 946 952 951
f 948 1022 950
f 950 1021 952
f 950 1022 1021
f 936 953 959
f 953 960 959
f 953 961 960
f 976 988 1012
f 976 983 988
f 982 990 983
f 981 991 982
f 983 989 988
f 983 990 989
f 982 991 990
f 986 3754 987
f 984 3752 981
f 984 987 3752
f 981 3752 991
f 987 3753 3752
f 947 949 1024
f 949 1011 1024
f 947 1024 1020
f 948 1020 1022
f 1011 1013 1015
f 1012 1016 1013
f 1011 1014 1024
f 1013 1016 1015
f 1011 1015 1014
f 988 1016 1012
f 684 934 1187
f 684 1186 1185
f 684 1187 1186
f 1278 1314 1279
f 640 1274 1280
f 1274 1281 1280
f 1274 1282 1275
f 630 640 1280
f 633 1274 640
f 633 1282 1274
f 1275 1282 1276
f 1276 1282 1283
f 1276 1283 1284
f 1276 1284 1278
f 1278 1284 1285
f 1278 1285 1314
f 1279 1314 1289
f 2108 2110 2109
f 2108 2111 2110
f 2110 2113 2112
f 2110 2111 2113
f 2112 2113 2131
f 2113 2139 2131
f 2130 2131 2140
f 2131 2139 2140
f 2134 2135 2141
f 2130 2141 2135
f 2130 2140 2141
f 2134 2141 2142
f 2134 2241 2137
f 2134 2142 2241
f 2137 2241 2138
f 2138 2246 2240
f 2138 2241 2242
f 2138 2242 2246
f 2240 2246 2243
f 2243 2246 2247
f 2243 2275 2244
f 2243 2247 2275
f 2244 2275 2245
f 2245 2275 2285
f 2245 2296 2248
f 2248 2296 2254
f 2245 2285 2296
f 2254 2296 2300
f 2254 2300 2301
f 2254 2301 2259
f 2259 2301 2286
f 2286 2340 2287
f 2286 2301 2339
f 2286 2339 2340
f 2287 2340 2328
f 2328 2340 2341
f 2328 2342 2329
f 2329 2342 2330
f 2328 2341 2342
f 2330 2409 2337
f 2330 2342 2344
f 2337 2409 2349
f 2330 2344 2409
f 2349 2409 2410
f 2349 2433 2350
f 2349 2410 2433
f 2350 2433 2351
f 2351 2433 2435
f 2351 2436 2352
f 2351 2435 2436
f 2352 2436 2423
f 2423 2439 2424
f 2424 2439 2425
f 2423 2436 2439
f 2425 2439 2664
f 2425 2666 2657
f 2425 2664 2665
f 2425 2665 2666
f 2657 2666 2661
f 2661 2666 2676
f 2661 2676 2662
f 2662 2678 2663
f 2662 2676 2677
f 2662 2677 2678
f 2663 2678 2667
f 2667 2678 2679
f 2667 2695 2687
f 2687 2695 2688
f 2667 2679 2695
f 2688 2695 2691
f 2691 2695 2696
f 2691 2696 2697
f 2690 2691 2697
f 2689 2690 2697
f 2689 2700 2694
f 2689 2697 2700
f 2694 2700 2800
f 2694 2800 2713
f 2713 2800 2801
f 2713 2802 2856
f 2855 2856 2863
f 2713 2801 2802
f 2855 2863 2857
f 2802 2863 2856
f 2857 2863 2864
f 2857 2864 2859
f 2859 2866 2862
f 2859 2864 2865
f 2859 2865 2866
f 2862 2866 2875
f 2861 2862 2875
f 2860 2861 2875
f 2860 2875 2876
f 2881 2889 2883
f 2860 2876 2880
f 2882 2880 2888
f 2876 2887 2880
f 2880 2887 2888
f 2882 2888 2889
f 2881 2882 2889
f 2883 2889 2915
f 2884 2917 2886
f 2883 2915 2884
f 2885 2886 2918
f 2885 2918 2914
f 2914 2919 3087
f 2884 2915 2916
f 2884 2916 2917
f 2886 2917 2918
f 2914 2918 2919
f 2919 2920 3087
f 2920 2921 3087
f 2921 3088 3087
f 2922 3089 3088
f 2922 3060 3089
f 2921 2922 3088
f 3060 3090 3069
f 3069 3092 3071
f 2922 3090 3060
f 3069 3091 3092
f 3071 3092 3093
f 3069 3090 3091
f 3070 3093 3072
f 3070 3071 3093
f 3072 5087 3074
f 3072 3093 5087
f 3718 3719 4250
f 3735 3738 3757
f 3737 3759 3738
f 3737 3736 3760
f 3742 3804 3745
f 3742 3743 3804
f 3736 3744 3760
f 3744 3746 3763
f 3745 3764 3746
f 985 3751 986
f 985 3734 3755
f 986 3751 3754
f 3734 3735 3755
f 985 3755 3751
f 987 3754 3753
f 3735 3756 3755
f 3735 3757 3756
f 3738 3759 3757
f 3737 3760 3759
f 3744 3762 3760
f 3744 3763 3762
f 3746 3764 3763
f 3745 3804 3764
f 3743 3783 3806
f 3782 3807 3783
f 3782 3784 3808
f 3784 3785 3808
f 3785 3787 3815
f 3786 3813 3787
f 3781 3817 3786
f 3781 3799 3817
f 3797 3816 3798
f 3799 3798 3819
f 3796 3986 3797
f 3798 3816 3819
f 3743 3805 3804
f 3743 3806 3805
f 3783 3807 3806
f 3782 3808 3807
f 3785 3814 3808
f 3785 3815 3814
f 3787 3813 3815
f 3786 3817 3813
f 3799 3819 3818
f 3799 3818 3817
f 3796 3978 3986
f 3977 3987 3978
f 3411 3992 3979
f 3411 3983 3992
f 3797 3986 3816
f 3977 3979 3988
f 3978 3987 3986
f 3977 3988 3987
f 4250 4264 4262
f 5047 5048 5105
f 5047 5105 5049
f 5072 5074 5122
f 3074 5089 3076
f 3075 3076 5090
f 3075 5090 5037
f 5037 5091 5038
f 3074 5087 5088
f 3074 5088 5089
f 3076 5089 5090
f 5037 5090 5091
f 5091 5092 5038
f 5092 5093 5038
f 5040 5093 5097
f 5040 5038 5093
f 5039 5097 5041
f 5039 5040 5097
f 5041 5102 5046
f 5046 5104 5048
f 5041 5097 5102
f 5048 5104 5105
f 5049 5105 5123
f 5049 5123 5075
f 5046 5102 5103
f 5046 5103 5104
f 5073 5075 5125
f 5073 5125 5074
f 5074 5125 5122
f 5075 5123 5124
f 5075 5124 5125
f 5072 5122 5130
f 5072 5128 5076
f 5072 5130 5128
f 5076 5128 5129
f 638 814 639
f 640 641 754
f 633 640 754
f 639 814 641
f 670 770 672
f 670 671 770
f 672 771 728
f 672 772 771
f 688 1203 690
f 706 708 759
f 689 1207 708
f 706 759 758
f 706 758 757
f 689 690 1207
f 708 1207 759
f 671 709 776
f 671 767 770
f 709 707 776
f 706 757 707
f 671 776 767
f 672 770 772
f 707 757 776
f 721 723 795
f 721 797 796
f 636 724 796
f 721 796 724
f 722 728 771
f 722 756 795
f 722 795 723
f 721 795 797
f 722 771 756
f 637 793 638
f 636 793 637
f 641 814 815
f 633 754 755
f 633 755 753
f 641 815 754
f 636 792 793
f 636 796 792
f 638 793 813
f 638 813 814
f 940 962 943
f 942 943 962
f 939 941 1042
f 939 1042 1188
f 942 1043 941
f 942 962 1043
f 941 1044 1042
f 941 1043 1044
f 951 963 961
f 951 952 1102
f 951 1102 963
f 940 959 1052
f 959 960 1055
f 940 1052 962
f 959 1056 1052
f 960 961 963
f 959 1055 1056
f 960 963 1055
f 988 1084 1016
f 988 989 1085
f 988 1086 1084
f 988 1085 1086
f 990 991 992
f 989 990 992
f 991 3752 3828
f 989 992 1085
f 991 3828 992
f 1020 1107 1023
f 952 1021 1100
f 1020 1023 1022
f 1021 1022 1023
f 952 1101 1102
f 1021 1023 1100
f 952 1100 1101
f 1020 1024 1107
f 1024 1014 1108
f 1014 1015 1038
f 1015 1016 1038
f 1024 1109 1107
f 1014 1038 1108
f 1024 1108 1109
f 1016 1084 1038
f 688 1201 1202
f 688 1185 1201
f 690 1203 1207
f 688 1202 1203
f 1186 1187 1188
f 1185 1186 1201
f 939 1188 1187
f 1186 1188 1201
f 1289 1314 1290
f 1292 1320 1293
f 1293 1320 1321
f 1293 1321 1294
f 1293 1294 1347
f 753 1283 1282
f 1283 1299 1300
f 1285 1295 1314
f 1290 1295 1297
f 1284 1300 1285
f 1283 1300 1284
f 1285 1300 1296
f 1285 1296 1295
f 633 753 1282
f 753 1299 1283
f 1290 1314 1295
f 1290 1297 1316
f 1290 1316 1315
f 1290 1315 1291
f 1291 1315 1292
f 1292 1315 1320
f 1293 1347 1346
f 1346 1347 1348
f 1347 1349 1348
f 1348 1349 1350
f 1348 1350 1352
f 1350 1351 1352
f 1351 1353 1352
f 2056 2061 2057
f 2057 2063 2058
f 2055 2060 2056
f 2056 2060 2062
f 2056 2062 2061
f 2057 2061 2063
f 2058 2063 2114
f 2058 2114 2059
f 2059 2123 2107
f 2107 2125 2109
f 2108 2109 2125
f 2108 2143 2111
f 2059 2114 2116
f 2059 2116 2123
f 2107 2123 2124
f 2107 2124 2125
f 2108 2125 2143
f 2111 2144 2113
f 2113 2147 2139
f 2111 2143 2144
f 2113 2144 2147
f 2139 2148 2140
f 2139 2147 2148
f 2140 2149 2141
f 2140 2148 2149
f 2141 2269 2142
f 2141 2149 2269
f 2142 2270 2241
f 2142 2269 2270
f 2241 2271 2242
f 2241 2270 2271
f 2242 2276 2246
f 2242 2271 2276
f 2246 2297 2247
f 2247 2298 2275
f 2246 2276 2297
f 2247 2297 2298
f 2275 2299 2285
f 2275 2298 2299
f 2285 2302 2296
f 2285 2299 2302
f 2296 2305 2300
f 2300 2306 2301
f 2296 2302 2305
f 2300 2305 2306
f 2301 2309 2339
f 2301 2306 2309
f 2339 2343 2340
f 2309 2343 2339
f 2340 2411 2341
f 2341 2412 2342
f 2340 2343 2411
f 2341 2411 2412
f 2342 2412 2344
f 2344 2412 2413
f 2344 2437 2409
f 2344 2413 2434
f 2409 2437 2410
f 2344 2434 2437
f 2410 2438 2433
f 2410 2437 2438
f 2433 2438 2435
f 2435 2441 2436
f 2436 2441 2439
f 2439 2441 2664
f 2435 2438 2440
f 2435 2440 2442
f 2435 2442 2441
f 2452 2664 2441
f 2452 2665 2664
f 2665 2674 2666
f 2666 2674 2676
f 2452 2673 2665
f 2665 2673 2675
f 2665 2675 2674
f 2676 2674 2677
f 2677 2680 2678
f 2678 2680 2679
f 2677 2674 2680
f 2679 2680 2686
f 2679 2686 2695
f 2695 2698 2696
f 2696 2698 2697
f 2697 2799 2700
f 2695 2686 2699
f 2695 2699 2698
f 2697 2698 2799
f 2700 2799 2832
f 2700 2832 2800
f 2800 2803 2801
f 2801 2811 2802
f 2802 2811 2863
f 2800 2832 2804
f 2800 2804 2803
f 2801 2803 2811
f 2811 2890 2863
f 2863 2890 2864
f 2864 2891 2865
f 2864 2890 2892
f 2864 2892 2891
f 2865 2893 2866
f 2866 2893 2875
f 2865 2891 2893
f 2875 2893 2894
f 2875 2894 2876
f 2887 2897 2888
f 2888 2897 2889
f 2876 2894 2896
f 2876 2896 2895
f 2876 2895 2887
f 2887 2895 2897
f 2889 2897 2933
f 2916 2946 2917
f 2917 2946 2918
f 2889 2945 2915
f 2889 2933 2945
f 2915 2945 2944
f 2915 2944 2916
f 2916 2944 2946
f 2918 2946 2947
f 2918 2947 2949
f 2921 2964 2922
f 2918 2949 2919
f 2919 2948 2920
f 2919 2949 2948
f 2920 2948 2964
f 2920 2964 2921
f 2922 2964 2965
f 2922 2969 3090
f 2922 2965 2969
f 2968 3090 2969
f 2968 2970 3091
f 2970 3093 3092
f 2968 3091 3090
f 2970 3092 3091
f 2970 5109 3093
f 3751 3758 3754
f 3751 3831 3758
f 3753 3754 3758
f 3752 3753 3830
f 3752 3830 3828
f 3753 3829 3830
f 3753 3758 3829
f 3751 3755 3831
f 3755 3756 3833
f 3756 3757 3769
f 3755 3833 3831
f 3756 3832 3833
f 3756 3769 3832
f 3757 3759 3769
f 3759 3760 3841
f 3759 3841 3769
f 3762 3843 3760
f 3763 3764 3844
f 3762 3763 3844
f 3760 3843 3841
f 3762 3842 3843
f 3762 3844 3842
f 3764 3919 3844
f 3764 3804 3910
f 3804 3805 3910
f 3805 3806 3911
f 3806 3807 3911
f 3805 3909 3910
f 3805 3911 3909
f 3807 3808 3932
f 3807 3912 3911
f 3807 3932 3912
f 3764 3910 3919
f 3816 4005 3819
f 3808 3814 3932
f 3814 3815 3934
f 3815 3813 3934
f 3814 3933 3932
f 3814 3934 3933
f 3813 3935 3934
f 3813 3817 3936
f 3817 3818 3936
f 3818 3819 4005
f 3813 3936 3935
f 3818 3937 3936
f 3818 4005 3937
f 3816 3986 4006
f 3816 4007 4005
f 3816 4006 4007
f 3987 4006 3986
f 3979 4013 3988
f 3987 3988 4008
f 3979 3992 4013
f 3983 3994 3997
f 3983 3997 3992
f 3992 3997 4028
f 3994 3995 3999
f 3995 3996 4000
f 3994 3999 3997
f 3995 4000 3999
f 3996 4084 4000
f 3987 4008 4006
f 3992 4028 4013
f 3997 4029 4028
f 3997 3999 4029
f 3999 4000 4031
f 3999 4031 4029
f 4000 4101 4031
f 3996 4083 4084
f 4083 4093 4084
f 4083 4086 4093
f 4086 4088 4094
f 4086 4094 4093
f 4088 4098 4094
f 4088 4096 4098
f 4096 4097 4100
f 4096 4100 4098
f 4097 4118 4100
f 4000 4084 4101
f 4084 4103 4101
f 4084 4093 4103
f 4093 4094 4105
f 4093 4105 4103
f 4094 4108 4105
f 4094 4098 4108
f 4098 4100 4110
f 4098 4110 4108
f 4100 4118 4111
f 4100 4111 4110
f 4097 4114 4118
f 4114 4124 4126
f 4114 4126 4118
f 4118 4126 4122
f 4111 4118 4122
f 4124 4125 4128
f 4125 4132 4129
f 4124 4128 4126
f 4125 4129 4128
f 4132 4133 4136
f 4133 4139 4140
f 4129 4132 4136
f 4133 4140 4136
f 4139 4217 4140
f 4126 4128 4141
f 4122 4126 4141
f 4128 4129 4142
f 4128 4142 4141
f 4129 4145 4142
f 4129 4136 4145
f 4136 4140 4147
f 4136 4147 4145
f 4147 4140 4148
f 4140 4217 4148
f 4139 4214 4217
f 4214 4216 4218
f 4216 4224 4220
f 4214 4218 4217
f 4216 4220 4218
f 4224 4225 4235
f 4225 4226 4236
f 4224 4235 4220
f 4225 4236 4235
f 4226 4252 4236
f 4217 4218 4229
f 4148 4217 4229
f 4218 4220 4231
f 4218 4231 4229
f 4220 4238 4231
f 4220 4235 4238
f 4235 4236 4241
f 4236 4252 4242
f 4235 4241 4238
f 4236 4242 4241
f 4226 4243 4252
f 4243 4254 4252
f 4243 4245 4254
f 4245 4261 4254
f 4245 4248 4261
f 4248 4250 4262
f 4248 4262 4261
f 4250 5303 4264
f 4252 4254 4257
f 4254 4261 4258
f 4242 4252 4257
f 4254 4258 4257
f 4258 4261 4267
f 4261 4262 4267
f 4262 4264 4268
f 4264 5313 4268
f 5089 5108 5090
f 3093 5107 5087
f 5087 5106 5088
f 5088 5108 5089
f 5088 5106 5108
f 5090 5108 5110
f 5090 5113 5091
f 5091 5113 5092
f 5093 5111 5097
f 5092 5111 5093
f 5097 5115 5102
f 5104 5117 5105
f 5102 5115 5103
f 5103 5117 5104
f 3093 5109 5107
f 5087 5107 5106
f 5090 5110 5113
f 5092 5113 5112
f 5092 5112 5111
f 5097 5111 5114
f 5097 5114 5115
f 5103 5115 5116
f 5103 5116 5117
f 5105 5131 5123
f 5123 5131 5124
f 5124 5134 5125
f 5125 5136 5122
f 5122 5135 5130
f 5129 5174 5081
f 5129 5128 5174
f 5105 5117 5133
f 5105 5133 5131
f 5124 5131 5132
f 5124 5132 5134
f 5125 5134 5136
f 5122 5136 5135
f 5130 5135 5128
f 5128 5137 5174
f 5128 5135 5137
f 5181 5148 5570
f 5081 5173 5155
f 5081 5174 5173
f 5157 5155 5176
f 5157 5179 5167
f 5155 5173 5176
f 5157 5176 5179
f 5173 5174 5177
f 5137 5177 5174
f 5173 5177 5178
f 5173 5178 5176
f 5176 5178 5182
f 5167 5179 5180
f 5167 5180 5168
f 5168 5181 5170
f 5168 5180 5181
f 5170 5181 5556
f 5176 5182 5179
f 5179 5145 5180
f 5179 5182 5145
f 5180 5148 5181
f 5180 5145 5148
f 4264 5303 5306
f 4264 5306 5313
f 5306 5309 5313
f 5309 5315 5313
f 5309 5310 5315
f 5310 5325 5315
f 5310 5311 5325
f 5311 5337 5326
f 5311 5326 5325
f 5326 5337 5350
f 5313 5315 5319
f 5315 5325 5320
f 5325 5321 5320
f 5325 5326 5321
f 5326 5350 5460
f 5350 5461 5460
f 5326 5460 5321
f 5333 5351 5339
f 5333 5560 5346
f 5336 5348 5350
f 5336 5338 5348
f 5338 5349 5348
f 5336 5350 5337
f 5338 5339 5349
f 5345 5346 5560
f 5333 5346 5351
f 5345 5561 5518
f 5517 5518 5561
f 5346 5509 5351
f 5346 5519 5509
f 5345 5519 5346
f 5345 5518 5519
f 5348 5461 5350
f 5348 5349 5521
f 5349 5522 5521
f 5348 5521 5461
f 5349 5351 5522
f 5351 5509 5522
f 5339 5351 5349
f 5529 5555 5541
f 5536 5562 5558
f 5534 5535 5549
f 5529 5548 5535
f 5534 5546 5536
f 5540 5541 5555
f 5181 5570 5556
f 5540 5556 5571
f 5556 5570 5571
f 5541 5572 5581
f 5540 5572 5541
f 5540 5571 5572
f 5536 5546 5562
f 5546 5549 5578
f 5546 5577 5562
f 5549 5576 5578
f 5546 5578 5577
f 5535 5548 5549
f 5529 5541 5548
f 5534 5549 5546
f 5541 5581 5548
f 5548 5576 5549
f 5548 5581 5576
f 5540 5555 5554
f 5170 5556 5554
f 5540 5554 5556
f 5558 5561 5559
f 5345 5560 5559
f 5345 5559 5561
f 5558 5562 5561
f 5517 5561 5562
f 5517 5562 5577
f 754 816 755
f 753 755 817
f 753 818 1299
f 819 1303 1299
f 818 819 1299
f 756 773 795
f 757 762 776
f 761 767 762
f 758 759 1208
f 757 758 762
f 758 1208 762
f 768 772 777
f 767 777 770
f 768 771 772
f 756 771 768
f 756 769 775
f 756 775 773
f 770 777 772
f 756 768 769
f 762 767 776
f 760 777 767
f 760 767 761
f 792 801 793
f 793 801 813
f 800 813 801
f 800 802 814
f 774 796 797
f 774 792 796
f 792 798 799
f 792 799 801
f 773 797 795
f 774 798 792
f 773 774 797
f 802 815 814
f 794 816 815
f 754 815 816
f 800 814 813
f 794 815 802
f 755 816 817
f 753 817 818
f 1042 1044 1045
f 1042 1045 1188
f 1047 1209 1188
f 1046 1047 1188
f 1045 1046 1188
f 963 1102 1104
f 963 1105 1059
f 963 1103 1105
f 962 1052 1057
f 962 1053 1054
f 962 1058 1053
f 962 1057 1058
f 1043 1054 1044
f 1043 962 1054
f 1044 1054 1045
f 1052 1056 1057
f 1055 1059 1056
f 963 1059 1055
f 1056 1059 1057
f 1084 1086 1088
f 1084 1088 1087
f 992 1089 1085
f 1085 1089 1086
f 992 3828 3834
f 1086 1089 1088
f 992 3834 1090
f 992 1090 1089
f 1101 1104 1102
f 1100 1023 1106
f 1100 1106 1101
f 1101 1106 1104
f 963 1104 1103
f 1023 1110 1106
f 1023 1107 1113
f 1108 1111 1109
f 1108 1038 1111
f 1107 1109 1113
f 1023 1112 1110
f 1023 1113 1112
f 1109 1111 1113
f 1084 1087 1038
f 1111 1038 1132
f 1087 1132 1038
f 759 1207 1204
f 1202 1204 1203
f 1201 1188 1209
f 1201 1209 1202
f 1203 1204 1207
f 759 1205 1206
f 1202 1209 1204
f 759 1204 1205
f 759 1206 1208
f 1295 1301 1297
f 1297 1298 1316
f 1297 1302 1298
f 1298 1318 1316
f 1299 1303 1300
f 1296 1300 1303
f 1296 1303 1304
f 1295 1304 1301
f 1295 1296 1304
f 1297 1301 1302
f 1315 1319 1320
f 1319 1321 1320
f 1315 1316 1318
f 1315 1318 1317
f 1315 1317 1319
f 1294 1321 1322
f 1294 1324 1347
f 1319 1322 1321
f 1294 1322 1324
f 1323 1375 1347
f 1323 1347 1324
f 1347 1375 1349
f 1349 1375 1354
f 1353 1357 1361
f 1350 1354 1351
f 1349 1354 1350
f 1351 1354 1356
f 1351 1356 1353
f 1353 1356 1355
f 1353 1355 1357
f 1357 1363 1361
f 1357 1364 1363
f 1363 1364 1366
f 1362 1363 1366
f 1362 1367 1368
f 1362 1366 1365
f 1362 1365 1367
f 1368 1367 1440
f 1438 1444 1452
f 1438 1452 1453
f 1368 1440 1439
f 1439 1440 1443
f 1439 1443 1441
f 1441 1443 1442
f 1441 1442 1444
f 1441 1444 1438
f 1452 1456 1453
f 1453 1456 1454
f 1454 1456 1455
f 1454 1455 1457
f 1454 1457 1458
f 1457 1459 1458
f 1458 1459 1490
f 1493 1494 1495
f 1494 1499 1495
f 1495 1499 1502
f 1495 1502 1501
f 1501 1502 1503
f 1501 1503 1508
f 1503 1509 1508
f 1508 1509 1514
f 1508 1512 1511
f 1508 1514 1512
f 1509 1517 1514
f 2021 2025 2024
f 2021 2022 2025
f 2022 2023 2025
f 2015 2025 2023
f 2026 2036 2029
f 2029 2037 2030
f 2026 2028 2036
f 2024 2036 2032
f 2024 2025 2036
f 2028 2033 2036
f 2033 2032 2036
f 2029 2036 2037
f 2030 2037 2040
f 2030 2040 2038
f 2038 2064 2039
f 2038 2040 2064
f 2039 2064 2055
f 2055 2064 2060
f 2060 2064 2062
f 2061 2062 2072
f 2061 2072 2063
f 2062 2064 2065
f 2062 2065 2066
f 2062 2066 2072
f 2063 2072 2115
f 2063 2115 2114
f 2114 2115 2116
f 2116 2118 2123
f 2116 2115 2117
f 2116 2117 2118
f 2118 2119 2123
f 2119 2127 2123
f 2123 2127 2124
f 2124 2145 2125
f 2124 2127 2145
f 2125 2169 2143
f 2125 2145 2146
f 2125 2146 2169
f 2143 2169 2144
f 2144 2171 2147
f 2144 2169 2171
f 2147 2172 2148
f 2148 2273 2149
f 2147 2171 2172
f 2148 2172 2272
f 2148 2272 2273
f 2149 2273 2269
f 2269 2274 2270
f 2270 2277 2271
f 2269 2273 2274
f 2270 2274 2277
f 2271 2284 2276
f 2271 2277 2283
f 2271 2283 2284
f 2276 2284 2297
f 2297 2284 2303
f 2297 2303 2298
f 2298 2304 2299
f 2299 2308 2302
f 2298 2303 2304
f 2299 2304 2307
f 2302 2308 2305
f 2299 2307 2308
f 2305 2381 2306
f 2305 2308 2381
f 2306 2458 2309
f 2306 2381 2457
f 2309 2459 2343
f 2306 2457 2458
f 2309 2458 2459
f 2343 2459 2411
f 2411 2462 2412
f 2411 2459 2462
f 2412 2465 2413
f 2413 2465 2434
f 2434 2471 2437
f 2437 2472 2438
f 2438 2474 2440
f 2440 2474 2442
f 2441 2442 2495
f 2452 2441 2495
f 2412 2462 2464
f 2412 2464 2465
f 2434 2465 2471
f 2437 2471 2472
f 2438 2472 2473
f 2438 2473 2474
f 2442 2474 2495
f 2452 2495 2496
f 2452 2496 2673
f 2496 2701 2673
f 2673 2701 2702
f 2673 2702 2675
f 2674 2675 2703
f 2674 2703 2680
f 2675 2702 2703
f 2680 2703 2704
f 2680 2704 2686
f 2686 2706 2699
f 2686 2704 2705
f 2686 2705 2706
f 2706 2820 2699
f 2698 2699 2820
f 2698 2820 2799
f 2820 2833 2799
f 2799 2833 2832
f 2832 2833 2804
f 2804 2833 2834
f 2804 2834 2835
f 2804 2835 2836
f 2803 2804 2836
f 2803 2836 2811
f 2811 2838 2890
f 2838 2892 2890
f 2811 2836 2838
f 2838 2849 2892
f 2849 2850 2892
f 2850 2843 2892
f 2843 2891 2892
f 2843 2893 2891
f 2893 2898 2894
f 2843 2898 2893
f 2894 2898 2896
f 2896 2898 2899
f 2896 2899 2900
f 2896 2900 2901
f 2895 2896 2901
f 2895 2901 2897
f 2897 2901 2937
f 2933 2937 2938
f 2897 2937 2933
f 2933 2938 2945
f 2940 2944 2945
f 2938 2939 2945
f 2939 2940 2945
f 2940 2943 2946
f 2940 2946 2944
f 2943 2947 2946
f 2947 2950 2949
f 2948 2949 2971
f 2943 2950 2947
f 2949 2950 2951
f 2949 2951 2971
f 2948 2971 2964
f 2964 2972 2965
f 2965 2973 2969
f 2968 2969 2975
f 2968 2975 2970
f 2970 4975 5109
f 2964 2971 2972
f 2965 2972 2973
f 2969 2973 2974
f 2969 2974 2975
f 2970 2975 4975
f 3828 3830 3835
f 3829 3758 3836
f 3829 3836 3830
f 3828 3835 3834
f 3830 3836 3835
f 3758 3837 3836
f 3758 3831 3838
f 3831 3833 3839
f 3832 3840 3833
f 3758 3838 3837
f 3831 3839 3838
f 3833 3840 3839
f 3832 3769 3840
f 3840 3769 3849
f 3769 3841 3850
f 3769 3850 3849
f 3842 3844 3853
f 3841 3843 3851
f 3842 3853 3843
f 3843 3853 3851
f 3841 3851 3850
f 3844 3924 3853
f 3910 3913 3919
f 3909 3915 3910
f 3909 3911 3915
f 3911 3912 3918
f 3912 3932 3918
f 3910 3914 3913
f 3910 3915 3914
f 3911 3916 3915
f 3911 3918 3916
f 3917 3918 3932
f 3844 3919 3913
f 3844 3913 3924
f 3932 3933 3938
f 3933 3934 3938
f 3934 3935 3940
f 3936 3940 3935
f 3936 3937 3942
f 3937 4005 3942
f 3917 3932 3938
f 3934 3939 3938
f 3934 3940 3939
f 3936 3941 3940
f 3936 3942 3941
f 3942 4005 4017
f 4005 4007 4016
f 4006 4016 4007
f 4005 4016 4017
f 4006 4008 4018
f 4006 4018 4016
f 3988 4019 4008
f 3988 4013 4019
f 4262 4268 4267
f 4268 5313 5319
f 4257 4380 4382
f 4257 4382 4381
f 4380 4383 4382
f 4267 4268 4384
f 5109 4976 5107
f 5106 5107 4978
f 5106 4978 5108
f 5109 4975 4976
f 5107 4976 4977
f 5107 4977 4978
f 5108 4978 5188
f 5108 5188 4979
f 5113 4979 4980
f 5108 4979 5110
f 5110 4979 5113
f 5113 4980 4991
f 5112 5113 4991
f 5111 5112 4991
f 5111 5205 5114
f 5111 4991 5201
f 5111 5201 5205
f 5115 5258 5116
f 5114 5205 5115
f 5116 5258 5117
f 5115 5205 5206
f 5115 5206 5258
f 5117 5258 5259
f 5117 5261 5133
f 5131 5262 5132
f 5131 5133 5261
f 5117 5259 5261
f 5131 5261 5260
f 5131 5260 5262
f 5134 5262 5234
f 5134 5238 5136
f 5134 5132 5262
f 5135 5136 5238
f 5134 5234 5238
f 5315 5320 5319
f 836 1304 1303
f 836 1307 1304
f 762 1208 1223
f 760 761 764
f 761 762 763
f 761 763 764
f 762 1223 763
f 768 790 769
f 773 775 787
f 773 784 774
f 774 785 798
f 769 787 775
f 768 777 791
f 760 764 777
f 769 786 787
f 769 790 786
f 773 787 784
f 774 784 785
f 768 791 790
f 764 791 777
f 794 802 812
f 798 806 799
f 799 806 801
f 800 810 802
f 802 810 811
f 800 801 807
f 802 811 812
f 785 805 798
f 798 805 806
f 801 806 807
f 800 807 810
f 817 831 818
f 818 831 832
f 816 830 817
f 817 830 831
f 794 812 816
f 812 830 816
f 818 833 819
f 818 832 833
f 819 833 1303
f 833 836 1303
f 1047 1048 1209
f 1048 1224 1209
f 1045 1049 1046
f 1046 1049 1050
f 1045 1063 1049
f 1046 1050 1047
f 1047 1050 1048
f 1059 1105 1072
f 1059 1072 1051
f 1072 1105 1073
f 1054 1066 1063
f 1053 1058 1065
f 1053 1066 1054
f 1058 1064 1065
f 1053 1065 1066
f 1045 1054 1063
f 1057 1064 1058
f 1057 1059 1051
f 1057 1051 1064
f 1087 1092 1132
f 1087 1088 1093
f 1087 1093 1092
f 1088 1094 1093
f 1088 1089 1094
f 1089 1090 1095
f 1090 3834 1096
f 1089 1095 1094
f 1090 1096 1095
f 1096 3834 1097
f 1106 1110 1141
f 1074 1103 1104
f 1073 1105 1103
f 1104 1106 1144
f 1074 1104 1144
f 1073 1103 1074
f 1106 1141 1144
f 1110 1112 1145
f 1112 1113 1146
f 1111 1147 1113
f 1110 1145 1141
f 1112 1146 1145
f 1111 1161 1147
f 1113 1147 1146
f 1111 1132 1161
f 1092 1161 1132
f 1208 1206 1218
f 1204 1224 1221
f 1205 1222 1206
f 1204 1221 1205
f 1206 1222 1218
f 1205 1221 1222
f 1208 1218 1223
f 1209 1224 1204
f 1298 1313 1318
f 1301 1309 1302
f 1302 1309 1312
f 1301 1304 1307
f 1301 1307 1308
f 1301 1308 1309
f 1298 1302 1312
f 1298 1312 1313
f 1313 1334 1318
f 1317 1318 1334
f 1317 1334 1335
f 1317 1335 1319
f 1319 1335 1337
f 1319 1337 1322
f 1322 1342 1324
f 1323 1324 1338
f 1324 1342 1338
f 1323 1338 1339
f 1323 1339 1375
f 1322 1337 1342
f 1354 1388 1356
f 1356 1388 1358
f 1355 1356 1358
f 1355 1358 1359
f 1355 1359 1357
f 1357 1359 1360
f 1357 1360 1364
f 1360 1369 1364
f 1364 1369 1366
f 1369 1372 1366
f 1365 1366 1372
f 1365 1373 1367
f 1367 1373 1374
f 1367 1374 1440
f 1365 1372 1373
f 1354 1375 1387
f 1339 1387 1375
f 1354 1387 1388
f 1440 1445 1443
f 1374 1445 1440
f 1442 1443 1447
f 1443 1446 1447
f 1442 1447 1444
f 1445 1446 1443
f 1444 1450 1452
f 1447 1450 1444
f 1450 1451 1452
f 1451 1456 1452
f 1455 1456 1461
f 1455 1461 1457
f 1457 1464 1459
f 1459 1464 1465
f 1459 1465 1490
f 1465 1497 1490
f 1451 1460 1456
f 1456 1460 1461
f 1457 1461 1464
f 1490 1497 1491
f 1491 1496 1492
f 1492 1496 1493
f 1491 1497 1496
f 1493 1496 1494
f 1496 1498 1494
f 1494 1498 1500
f 1494 1500 1499
f 1499 1500 1502
f 1502 1500 1505
f 1502 1505 1503
f 1503 1504 1509
f 1503 1505 1504
f 1504 1510 1509
f 1509 1510 1521
f 1509 1518 1517
f 1509 1519 1518
f 1509 1521 1519
f 1519 1521 1525
f 1521 1526 1525
f 1521 1527 1526
f 1521 1528 1527
f 1521 1529 1528
f 1521 1532 1529
f 1529 1532 1530
f 1530 1531 1533
f 1530 1532 1531
f 1531 1534 1533
f 1531 1535 1534
f 1531 1545 1535
f 1535 1545 1536
f 1536 1545 1537
f 1537 1545 2009
f 2009 2049 2010
f 1545 2049 2009
f 2010 2049 2012
f 2011 2012 2049
f 2011 2049 2013
f 2013 2049 2014
f 2014 2049 2008
f 2016 2049 2017
f 2016 2008 2049
f 2015 2017 2049
f 2015 2049 2025
f 2025 2049 2036
f 2036 2052 2037
f 2037 2053 2040
f 2036 2049 2052
f 2037 2052 2053
f 2040 2053 2054
f 2040 2054 2067
f 2040 2067 2064
f 2067 2065 2064
f 2065 2069 2066
f 2067 2069 2065
f 2066 2069 2068
f 2066 2068 2072
f 2072 2074 2115
f 2068 2073 2072
f 2072 2073 2074
f 2115 2120 2117
f 2074 2120 2115
f 2118 2120 2121
f 2117 2120 2118
f 2118 2121 2119
f 2119 2121 2122
f 2119 2122 2126
f 2119 2126 2127
f 2127 2126 2129
f 2127 2129 2145
f 2145 2128 2146
f 2145 2129 2128
f 2146 2128 2168
f 2146 2193 2169
f 2146 2168 2193
f 2169 2193 2171
f 2171 2193 2197
f 2171 2197 2172
f 2172 2197 2196
f 2172 2196 2272
f 2196 2310 2272
f 2272 2311 2273
f 2273 2311 2274
f 2274 2314 2277
f 2277 2315 2283
f 2272 2310 2311
f 2274 2311 2314
f 2277 2314 2315
f 2315 2316 2283
f 2283 2317 2284
f 2283 2316 2317
f 2284 2317 2303
f 2303 2317 2319
f 2303 2319 2304
f 2304 2318 2307
f 2304 2319 2318
f 2318 2322 2307
f 2307 2382 2308
f 2307 2322 2382
f 2308 2382 2381
f 2381 2382 2383
f 2381 2383 2457
f 2383 2384 2457
f 2384 2458 2457
f 2384 2460 2458
f 2458 2461 2459
f 2458 2460 2461
f 2459 2461 2462
f 2462 2467 2464
f 2462 2461 2467
f 2464 2467 2465
f 2465 2466 2471
f 2465 2467 2466
f 2466 2468 2471
f 2468 2475 2471
f 2471 2475 2472
f 2472 2475 2477
f 2472 2477 2473
f 2473 2477 2474
f 2474 2476 2495
f 2474 2477 2476
f 2476 2501 2495
f 2495 2501 2502
f 2495 2502 2496
f 2496 2503 2701
f 2496 2502 2503
f 2503 2504 2702
f 2503 2702 2701
f 2504 2703 2702
f 2703 2710 2704
f 2704 2711 2705
f 2705 2711 2706
f 2706 2712 2820
f 2504 2707 2703
f 2703 2707 2710
f 2704 2710 2711
f 2706 2711 2712
f 2712 2825 2820
f 2820 2826 2833
f 2820 2825 2826
f 2833 2826 2827
f 2833 2827 2834
f 2834 2827 2835
f 2835 2828 2836
f 2835 2827 2828
f 2836 3099 2838
f 2836 2828 2837
f 2836 2837 3099
f 2838 3099 3100
f 2838 3100 2849
f 2849 3100 2850
f 2850 3100 3101
f 2850 3101 2843
f 2843 3113 2898
f 2843 3101 3112
f 2843 3112 3113
f 2898 3113 3114
f 2900 3114 3115
f 2898 3114 2899
f 2899 3114 2900
f 2900 3115 2901
f 2901 3115 3122
f 2901 3123 2937
f 2937 3124 2938
f 2938 3124 2939
f 2939 3125 2940
f 2940 3143 2943
f 2943 3144 2950
f 2950 3144 2951
f 2951 3145 2971
f 2901 3122 3123
f 2937 3123 3124
f 2939 3124 3125
f 2940 3125 3142
f 2940 3142 3143
f 2943 3143 3144
f 2951 3144 3145
f 2971 3145 3146
f 2971 3146 3154
f 2972 3154 3155
f 2971 3154 2972
f 2972 3155 2973
f 2973 3155 2974
f 2974 3156 2975
f 2974 3155 3156
f 2975 3156 3163
f 2975 3166 4975
f 3167 4976 4975
f 2975 3163 3166
f 3166 3167 4975
f 3167 3168 4978
f 3836 3837 3859
f 1097 3834 3835
f 3835 3836 3857
f 3837 3838 3860
f 3838 3839 3858
f 3839 3840 3861
f 3840 3849 3862
f 3850 3873 3849
f 3850 3851 3874
f 3851 3853 3875
f 3836 3859 3857
f 3837 3860 3859
f 1097 3835 3857
f 3838 3858 3860
f 3839 3861 3858
f 3840 3862 3861
f 3871 3924 3913
f 3871 3913 3872
f 3849 3873 3862
f 3850 3874 3873
f 3851 3875 3874
f 3853 3924 3879
f 3853 3879 3875
f 3871 3879 3924
f 3872 3913 3914
f 3914 3915 3955
f 3915 3916 3955
f 3872 3914 3954
f 3914 3955 3954
f 3916 3957 3955
f 3918 3957 3916
f 3917 3956 3918
f 3917 3938 3959
f 3918 3956 3957
f 3917 3958 3956
f 3917 3959 3958
f 3938 3939 3959
f 3939 3940 3967
f 3940 3941 3966
f 3959 3939 3967
f 3940 3966 3967
f 3941 3968 3966
f 3942 3969 3941
f 3941 3969 3968
f 3942 4017 3969
f 3969 4017 3970
f 4013 4028 4026
f 4008 4020 4018
f 3970 4017 4016
f 3970 4016 4018
f 4008 4019 4020
f 4013 4026 4019
f 4026 4028 4032
f 4028 4029 4032
f 4029 4034 4032
f 4029 4031 4034
f 4031 4035 4034
f 4031 4101 4035
f 4035 4101 4102
f 4101 4103 4102
f 4103 4150 4102
f 4103 4105 4150
f 4105 4108 4151
f 4105 4151 4150
f 4108 4153 4151
f 4108 4110 4153
f 4110 4167 4153
f 4110 4111 4167
f 4111 4174 4167
f 4111 4122 4174
f 4122 4141 4175
f 4141 4142 4178
f 4142 4145 4199
f 4145 4147 4200
f 4147 4148 4203
f 4122 4175 4174
f 4141 4178 4175
f 4142 4199 4178
f 4145 4200 4199
f 4147 4203 4200
f 4148 4288 4203
f 4148 4229 4288
f 4229 4289 4288
f 4229 4231 4289
f 4231 4238 4292
f 4231 4292 4289
f 4238 4241 4295
f 4238 4295 4292
f 4241 4296 4295
f 4241 4242 4296
f 4242 4381 4296
f 4242 4257 4381
f 4257 4258 4380
f 4258 4267 4383
f 4258 4383 4380
f 4381 4382 4408
f 4382 4383 4415
f 4383 4267 4384
f 4384 5319 4385
f 4268 5319 4384
f 4383 4384 4465
f 4382 4411 4408
f 4409 4413 4412
f 4383 4418 4415
f 4416 4419 4421
f 4384 4467 4465
f 4461 4462 4469
f 3167 4977 4976
f 3167 4978 4977
f 3168 5189 4978
f 4978 5189 5192
f 4978 5192 5188
f 5191 4991 5190
f 5188 5190 4979
f 4979 5190 4980
f 4980 5190 4991
f 5191 5193 4991
f 5188 5192 5190
f 5193 5194 4991
f 4991 5194 5201
f 5201 5207 5205
f 5205 5207 5206
f 5206 5211 5258
f 5211 5259 5258
f 5201 5194 5207
f 5206 5207 5208
f 5206 5208 5209
f 5206 5209 5211
f 5211 5212 5259
f 5210 5260 5212
f 5212 5261 5259
f 5212 5260 5261
f 5236 5262 5260
f 5234 5262 5236
f 5210 5235 5260
f 5235 5236 5260
f 5234 5239 5238
f 5234 5236 5239
f 5135 5238 5241
f 5135 5241 5137
f 5137 5241 5265
f 5177 5265 5266
f 5268 5182 5178
f 5266 5268 5178
f 5268 5277 5182
f 5145 5182 5277
f 5145 5277 5278
f 5145 5278 5148
f 5148 5279 5570
f 5148 5278 5279
f 5137 5265 5177
f 5177 5266 5178
f 5406 5517 5577
f 5405 5406 5577
f 5456 5521 5457
f 5320 5321 5458
f 5321 5460 5459
f 4385 5319 5320
f 4385 5320 5458
f 5459 5460 5462
f 5321 5459 5458
f 5460 5461 5462
f 5456 5461 5521
f 5456 5462 5461
f 5509 5519 5513
f 5509 5514 5522
f 5512 5513 5519
f 5457 5522 5514
f 5509 5513 5514
f 5512 5519 5518
f 5517 5520 5518
f 5512 5518 5520
f 5406 5520 5517
f 5457 5521 5522
f 5569 5579 5581
f 5570 5573 5571
f 5279 5573 5570
f 5566 5571 5573
f 5566 5572 5571
f 5566 5569 5572
f 5569 5581 5572
f 5576 5579 5580
f 5576 5581 5579
f 5576 5580 5578
f 5405 5577 5578
f 5405 5578 5580
f 834 1310 1307
f 763 765 764
f 764 765 791
f 763 1223 765
f 788 765 1219
f 788 1219 766
f 786 790 788
f 788 766 789
f 784 788 785
f 784 787 788
f 786 788 787
f 785 788 808
f 788 789 809
f 788 790 765
f 790 791 765
f 803 812 811
f 803 830 812
f 806 808 807
f 785 808 805
f 805 808 806
f 808 810 807
f 788 803 808
f 788 809 803
f 803 810 808
f 803 811 810
f 803 809 804
f 831 834 832
f 803 835 834
f 803 831 830
f 803 834 831
f 803 804 835
f 833 834 836
f 832 834 833
f 836 834 1307
f 834 835 1311
f 1048 1070 1224
f 1049 1063 1070
f 1048 1050 1070
f 1049 1070 1050
f 1063 1066 1077
f 1064 1077 1065
f 1065 1077 1066
f 1070 1077 1219
f 1071 1219 1077
f 1075 1076 1078
f 1072 1073 1075
f 1051 1072 1075
f 1073 1074 1075
f 1070 1063 1077
f 1071 1077 1078
f 1051 1077 1064
f 1075 1078 1077
f 1051 1075 1077
f 1091 1092 1093
f 1091 1093 1094
f 1091 1099 1148
f 1091 1094 1098
f 1095 1098 1094
f 1095 1096 1098
f 1096 1097 1098
f 1097 3857 1098
f 1091 1098 3863
f 1091 3863 1099
f 1098 3857 3863
f 1141 1142 1144
f 1142 1145 1146
f 1141 1145 1142
f 1075 1142 1091
f 1075 1091 1143
f 1074 1144 1075
f 1075 1144 1142
f 1075 1143 1076
f 1142 1146 1147
f 1091 1142 1147
f 1091 1147 1161
f 1091 1148 1143
f 1091 1161 1092
f 1218 1219 1223
f 1221 1224 1219
f 1221 1219 1222
f 1218 1222 1219
f 765 1223 1219
f 766 1219 1220
f 1070 1219 1224
f 1071 1220 1219
f 1307 1310 1308
f 834 1311 1310
f 1308 1310 1309
f 1309 1310 1312
f 1310 1313 1312
f 1310 1311 1343
f 1310 1336 1313
f 1334 1336 1335
f 1335 1336 1337
f 1310 1340 1336
f 1310 1343 1340
f 1337 1336 1342
f 1338 1342 1340
f 1338 1340 1339
f 1339 1340 1387
f 1336 1340 1342
f 1340 1343 1341
f 1313 1336 1334
f 1358 1389 1359
f 1359 1389 1360
f 1360 1389 1369
f 1371 1389 1390
f 1369 1389 1370
f 1370 1389 1371
f 1369 1370 1372
f 1370 1448 1445
f 1370 1373 1372
f 1370 1374 1373
f 1370 1445 1374
f 1370 1371 1449
f 1340 1388 1387
f 1340 1341 1390
f 1340 1389 1388
f 1340 1390 1389
f 1358 1388 1389
f 1445 1448 1446
f 1446 1448 1447
f 1447 1448 1450
f 1370 1449 1462
f 1370 1462 1448
f 1448 1451 1450
f 1448 1462 1451
f 1449 1463 1462
f 1451 1462 1460
f 1460 1462 1461
f 1461 1462 1464
f 1464 1462 1465
f 1462 1463 1467
f 1462 1466 1465
f 1462 1467 1466
f 1465 1466 1497
f 1466 1496 1497
f 1466 1498 1496
f 1466 1506 1498
f 1498 1506 1500
f 1500 1506 1505
f 1504 1505 1506
f 1504 1506 1510
f 1466 1467 1507
f 1466 1546 1506
f 1466 1507 1546
f 1510 1546 1521
f 1506 1546 1510
f 1521 1546 1532
f 1531 1532 1546
f 1507 1547 1546
f 1531 1546 1545
f 1546 1547 2051
f 1546 2050 1545
f 1545 2050 2049
f 2049 2050 2052
f 1546 2070 2050
f 1546 2051 2070
f 2052 2050 2053
f 2053 2050 2054
f 2054 2050 2070
f 2054 2070 2067
f 2051 2071 2070
f 2067 2070 2069
f 2068 2069 2070
f 2068 2070 2073
f 2073 2070 2182
f 2073 2182 2074
f 2070 2071 2183
f 2074 2182 2120
f 2120 2182 2121
f 2121 2182 2122
f 2122 2184 2126
f 2070 2184 2182
f 2070 2183 2184
f 2182 2184 2122
f 2183 2186 2184
f 2126 2184 2129
f 2128 2129 2184
f 2128 2184 2168
f 2184 2195 2168
f 2184 2186 2194
f 2168 2195 2193
f 2193 2195 2197
f 2196 2197 2195
f 2184 2194 2313
f 2184 2313 2195
f 2196 2195 2310
f 2195 2313 2310
f 2310 2313 2311
f 2311 2313 2314
f 2313 2315 2314
f 2194 2312 2313
f 2313 2316 2315
f 2312 2321 2313
f 2313 2320 2316
f 2316 2320 2317
f 2313 2321 2320
f 2317 2320 2319
f 2318 2319 2320
f 2318 2320 2322
f 2320 2321 2395
f 2322 2320 2394
f 2322 2394 2382
f 2382 2394 2383
f 2383 2394 2384
f 2384 2394 2460
f 2320 2469 2394
f 2320 2395 2469
f 2460 2469 2461
f 2461 2469 2467
f 2469 2466 2467
f 2394 2469 2460
f 2395 2470 2469
f 2469 2468 2466
f 2469 2470 2478
f 2469 2479 2468
f 2469 2478 2479
f 2468 2479 2475
f 2475 2479 2477
f 2476 2477 2479
f 2476 2479 2501
f 2478 2505 2479
f 2479 2506 2501
f 2501 2506 2502
f 2502 2506 2503
f 2503 2506 2504
f 2504 2506 2707
f 2479 2505 2708
f 2479 2708 2506
f 2506 2708 2707
f 2707 2708 2710
f 2505 2709 2708
f 2710 2708 2711
f 2711 2708 2712
f 2712 2708 2825
f 2825 2708 3095
f 2825 3095 2826
f 2826 3095 2827
f 2827 3095 2828
f 2828 3095 2837
f 2708 2709 3094
f 2708 3094 3095
f 3094 3102 3095
f 3095 3103 2837
f 2837 3103 3099
f 3099 3103 3100
f 3100 3103 3101
f 3101 3103 3112
f 3095 3102 3117
f 3095 3117 3103
f 3103 3117 3112
f 3102 3116 3117
f 3112 3117 3113
f 3113 3117 3114
f 3114 3117 3115
f 3116 3121 3117
f 3115 3117 3122
f 3117 3121 3126
f 3117 3126 3122
f 3122 3126 3123
f 3123 3126 3124
f 3124 3126 3125
f 3121 3147 3126
f 3125 3126 3142
f 3142 3148 3143
f 3143 3148 3144
f 3148 3145 3144
f 3126 3148 3142
f 3126 3147 3150
f 3126 3150 3148
f 3148 3146 3145
f 3148 3150 3146
f 3146 3150 3154
f 3147 3149 3150
f 3150 3155 3154
f 3150 3156 3155
f 3150 3163 3156
f 3149 3164 3150
f 3150 3165 3163
f 3163 3165 3166
f 3166 3165 3167
f 3150 3164 5218
f 3150 5218 3165
f 3167 3165 3168
f 3168 3165 5189
f 3165 5218 5189
f 3164 5217 5218
f 3857 3859 3863
f 3859 3860 3863
f 3860 3858 3863
f 3858 3861 3863
f 1099 3863 3864
f 3863 3865 3864
f 3864 3865 3866
f 3863 3861 3865
f 3861 3862 3865
f 3862 3873 3865
f 3865 3873 3874
f 3865 3869 4041
f 3865 4041 3870
f 3871 3869 3879
f 3871 3872 3869
f 3872 3954 3869
f 3954 4041 3869
f 3870 4041 4042
f 3865 3874 3875
f 3865 3875 3869
f 3875 3879 3869
f 3865 3870 3866
f 3954 3955 4041
f 3955 3957 4041
f 3956 4041 3957
f 3956 3958 4041
f 3958 4043 4041
f 3958 3959 4043
f 3959 3967 4043
f 3966 4043 3967
f 3966 3968 4043
f 3968 3969 4049
f 3969 3970 4049
f 3970 4018 4049
f 4018 4020 4055
f 4020 4019 4055
f 4019 4026 4057
f 4026 4032 4061
f 4041 4044 4042
f 4041 4043 4049
f 4041 4049 4044
f 3968 4049 4043
f 4044 4049 4050
f 4018 4055 4049
f 4049 4056 4050
f 4049 4055 4057
f 4049 4057 4056
f 4019 4057 4055
f 4056 4057 4058
f 4057 4061 4058
f 4026 4061 4057
f 4058 4061 4062
f 4032 4065 4061
f 4061 4065 4062
f 4062 4065 4066
f 4032 4034 4065
f 4034 4035 4069
f 4034 4069 4065
f 4065 4069 4066
f 4066 4069 4070
f 4035 4102 4071
f 4035 4071 4069
f 4071 4102 4080
f 4069 4072 4070
f 4069 4071 4080
f 4069 4080 4072
f 4072 4080 4079
f 4079 4080 4155
f 4080 4102 4150
f 4080 4150 4155
f 4150 4151 4155
f 4151 4153 4157
f 4153 4167 4163
f 4079 4155 4156
f 4155 4158 4156
f 4151 4157 4155
f 4155 4157 4163
f 4155 4163 4158
f 4153 4163 4157
f 4163 4167 4166
f 4158 4163 4164
f 4164 4163 4166
f 4164 4166 4165
f 4165 4166 4179
f 4166 4167 4174
f 4174 4175 4179
f 4166 4174 4179
f 4175 4185 4179
f 4165 4179 4180
f 4179 4185 4180
f 4180 4185 4184
f 4175 4178 4185
f 4178 4199 4187
f 4178 4187 4185
f 4187 4199 4192
f 4192 4200 4194
f 4184 4185 4186
f 4185 4192 4186
f 4185 4187 4192
f 4186 4192 4193
f 4192 4194 4193
f 4193 4194 4195
f 4194 4198 4195
f 4194 4305 4198
f 4192 4199 4200
f 4194 4200 4203
f 4203 4288 4204
f 4194 4203 4210
f 4203 4209 4210
f 4203 4204 4209
f 4204 4288 4205
f 4204 4206 4209
f 4206 4207 4209
f 4194 4210 4305
f 4209 4305 4210
f 4207 4298 4209
f 4205 4288 4297
f 4289 4301 4297
f 4288 4289 4297
f 4289 4292 4314
f 4292 4295 4324
f 4295 4296 4349
f 4296 4381 4369
f 4209 4299 4305
f 4209 4298 4299
f 4298 4302 4299
f 4302 4303 4299
f 4303 4315 4299
f 4289 4314 4301
f 4198 4305 4304
f 4304 4305 4312
f 4299 4320 4305
f 4299 4315 4320
f 4305 4320 4313
f 4305 4322 4312
f 4305 4313 4322
f 4315 4318 4320
f 4318 4319 4320
f 4319 4325 4320
f 4313 4320 4322
f 4320 4325 4321
f 4312 4322 4323
f 4320 4321 4322
f 4321 4325 4328
f 4321 4328 4329
f 4292 4317 4314
f 4292 4324 4317
f 4322 4356 4323
f 4321 4356 4322
f 4321 4329 4348
f 4321 4350 4356
f 4321 4348 4350
f 4323 4356 4355
f 4348 4353 4350
f 4353 4354 4350
f 4354 4372 4350
f 4356 4350 4367
f 4355 4356 4366
f 4350 4372 4367
f 4356 4367 4368
f 4367 4372 4373
f 4367 4373 4374
f 4356 4395 4366
f 4356 4368 4395
f 4367 4395 4368
f 4295 4327 4324
f 4295 4349 4327
f 4296 4352 4349
f 4296 4369 4352
f 4369 4381 4371
f 4367 4374 4409
f 4385 5458 4472
f 4384 4385 4468
f 4367 4412 4395
f 4366 4395 4396
f 4395 4406 4396
f 4395 4421 4407
f 4395 4474 4406
f 4395 4407 4474
f 4407 4421 4474
f 4406 4474 4473
f 4371 4381 4408
f 4382 4415 4411
f 4367 4409 4412
f 4413 4414 4412
f 4414 4416 4412
f 4395 4412 4421
f 4412 4416 4421
f 4383 4465 4418
f 4419 4420 4421
f 4420 4461 4421
f 4421 4461 4469
f 4421 4469 4474
f 4474 4469 4444
f 4442 4444 4443
f 4442 4445 4444
f 4445 4478 4444
f 4445 4458 4478
f 4478 4457 4460
f 4478 4458 4457
f 4384 4468 4467
f 4385 4471 4468
f 4462 4463 4469
f 4463 4464 4469
f 4444 4469 4464
f 4443 4444 4464
f 4385 4472 4471
f 4456 4472 5458
f 4456 5458 4459
f 4473 4474 4475
f 4474 4444 4476
f 4474 4479 4475
f 4474 4476 4479
f 4476 4444 4478
f 4475 4479 4477
f 4476 4478 4479
f 4477 4479 5487
f 4478 5487 4479
f 5189 5218 5192
f 5192 5218 5190
f 5191 5190 5218
f 5191 5218 5193
f 5193 5220 5194
f 5207 5194 5220
f 5207 5220 5208
f 5208 5220 5209
f 5210 5212 5224
f 5210 5224 5235
f 5217 5219 5218
f 5193 5218 5220
f 5218 5219 5224
f 5218 5224 5220
f 5209 5220 5224
f 5209 5224 5211
f 5219 5223 5224
f 5211 5224 5212
f 5224 5247 5235
f 5223 5246 5224
f 5239 5247 5238
f 5238 5249 5241
f 5224 5246 5249
f 5224 5249 5247
f 5235 5247 5236
f 5239 5236 5247
f 5238 5247 5249
f 5246 5248 5249
f 5248 5254 5249
f 5241 5249 5255
f 5255 5257 5265
f 5241 5255 5265
f 5249 5254 5257
f 5249 5257 5255
f 5254 5256 5257
f 5256 5271 5257
f 5257 5271 5285
f 5257 5285 5272
f 5257 5266 5265
f 5257 5272 5266
f 5277 5285 5287
f 5266 5272 5268
f 5268 5285 5277
f 5268 5272 5285
f 5277 5287 5278
f 5278 5287 5301
f 5279 5301 5297
f 5278 5301 5279
f 5279 5297 5573
f 5271 5284 5285
f 5284 5286 5285
f 5285 5286 5287
f 5296 5297 5300
f 5296 5298 5297
f 5297 5299 5573
f 5297 5298 5583
f 5297 5583 5299
f 5286 5300 5287
f 5287 5297 5301
f 5287 5300 5297
f 5389 5397 5497
f 5397 5392 5438
f 5388 5392 5397
f 5388 5397 5389
f 5394 5506 5396
f 5397 5506 5497
f 5393 5394 5396
f 5393 5396 5395
f 5396 5506 5397
f 5395 5396 5446
f 5396 5397 5447
f 5405 5580 5418
f 5405 5448 5406
f 5417 5449 5418
f 5416 5418 5580
f 5415 5417 5416
f 5415 5416 5584
f 5416 5417 5418
f 5431 5444 5433
f 5431 5433 5432
f 5435 5513 5439
f 5436 5438 5437
f 5436 5440 5438
f 5440 5443 5445
f 5447 5445 5444
f 5447 5438 5445
f 5438 5440 5445
f 5392 5437 5438
f 5439 5512 5442
f 5442 5512 5445
f 5444 5512 5520
f 5442 5445 5443
f 5433 5444 5520
f 5444 5445 5512
f 5396 5447 5444
f 5396 5444 5446
f 5431 5446 5444
f 5397 5438 5447
f 5406 5448 5433
f 5432 5433 5448
f 5432 5448 5449
f 5418 5449 5448
f 5405 5418 5448
f 5406 5433 5520
f 4460 5472 5486
f 5486 5472 5475
f 5486 5475 5476
f 4459 5459 5474
f 4459 5458 5459
f 5459 5477 5474
f 5459 5462 5477
f 5462 5480 5477
f 5462 5483 5480
f 4477 5487 5485
f 4478 5486 5487
f 4478 4460 5486
f 5485 5487 5488
f 5486 5490 5487
f 5486 5476 5490
f 5487 5505 5488
f 5487 5489 5505
f 5489 5490 5505
f 5490 5484 5504
f 5488 5505 5503
f 5490 5504 5505
f 5484 5494 5504
f 5476 5482 5490
f 5487 5490 5489
f 5490 5482 5481
f 5490 5481 5484
f 5496 5499 5506
f 5499 5501 5506
f 5497 5506 5501
f 5456 5492 5483
f 5456 5495 5492
f 5457 5500 5495
f 5387 5514 5391
f 5457 5514 5502
f 5387 5502 5514
f 5457 5502 5500
f 5456 5483 5462
f 5456 5457 5495
f 5504 5506 5505
f 5496 5506 5504
f 5394 5503 5505
f 5493 5496 5504
f 5493 5504 5494
f 5393 5503 5394
f 5394 5505 5506
f 5391 5513 5435
f 5391 5514 5513
f 5439 5513 5512
f 5299 5566 5573
f 5566 5583 5569
f 5569 5585 5579
f 5416 5580 5579
f 5569 5583 5585
f 5298 5582 5583
f 5582 5584 5583
f 5416 5585 5583
f 5416 5583 5584
f 5299 5583 5566
f 5416 5579 5585
f 804 5594 835
f 1311 5611 1343
f 835 5592 1311
f 1341 5613 1390
f 1341 1343 5608
f 1371 5777 1449
f 1371 1390 5589
f 1449 5780 1463
f 1463 5783 1467
f 1467 5786 1507
f 1507 5789 1547
f 1547 5792 2051
f 2051 5814 2071
f 1071 5626 1220
f 1076 5699 1078
f 1071 1078 5710
f 1076 1143 5726
f 804 809 5593
f 789 5588 809
f 766 5630 789
f 766 1220 5628
f 1143 1148 5731
f 1099 5735 1148
f 3864 3866 5938
f 1099 3864 5738
f 3866 3870 5941
f 3870 4042 5950
f 4042 4044 5956
f 2071 5817 2183
f 2183 5820 2186
f 2186 5875 2194
f 2194 5894 2312
f 2312 5897 2321
f 2321 8137 2395
f 2395 8140 2470
f 2470 8150 2478
f 2478 8153 2505
f 2505 8164 2709
f 2709 8196 3094
f 3094 8203 3102
f 3102 8206 3116
f 3116 8221 3121
f 3121 8371 3147
f 3147 8374 3149
f 3149 8377 3164
f 3164 8380 5217
f 5217 8387 5219
f 4044 4050 5970
f 4050 4056 5976
f 4056 4058 5982
f 4058 4062 5986
f 4062 4066 6021
f 4066 4070 6024
f 4070 4072 6034
f 4204 4205 4208
f 4204 4208 4206
f 4206 4208 4207
f 4205 4297 4208
f 4207 4208 4300
f 4208 4297 4300
f 4207 4300 4298
f 4298 4300 4302
f 4297 4301 4300
f 4300 4303 4302
f 4300 4301 4314
f 4300 4316 4303
f 4300 4314 4316
f 4303 4316 4315
f 4314 4317 4316
f 4315 4316 4318
f 4318 4316 4319
f 4316 4317 4324
f 4319 4316 4325
f 4316 4324 4326
f 4316 4326 4325
f 4324 4327 4326
f 4325 4326 4328
f 4326 4329 4328
f 4326 4327 4349
f 4326 4348 4329
f 4326 4349 4351
f 4326 4351 4348
f 4349 4352 4351
f 4351 4354 4353
f 4348 4351 4353
f 4351 4352 4369
f 4351 4372 4354
f 4351 4369 4371
f 4351 4370 4372
f 4351 4371 4370
f 4372 4370 4373
f 4373 4370 4374
f 4370 4371 4408
f 4370 4409 4374
f 4370 4411 4410
f 4370 4408 4411
f 4370 4410 4409
f 4409 4410 4413
f 4410 4414 4413
f 4410 4411 4415
f 4410 4416 4414
f 4410 4415 4417
f 4410 4417 4416
f 4415 4418 4417
f 4417 4420 4419
f 4416 4417 4419
f 4417 4418 4465
f 4417 4461 4420
f 4417 4465 4466
f 4417 4466 4461
f 4455 4470 4472
f 4445 4470 4455
f 4455 4472 4456
f 4445 4455 4458
f 4455 4457 4458
f 4455 4456 4459
f 4455 4460 4457
f 4465 4467 4466
f 4466 4467 4468
f 4462 4466 4463
f 4461 4466 4462
f 4463 4466 4464
f 4466 4468 4470
f 4464 4466 4470
f 4468 4471 4470
f 4443 4464 4470
f 4470 4471 4472
f 4442 4443 4470
f 4442 4470 4445
f 5387 5390 5502
f 5389 5497 5390
f 5390 5391 5434
f 5390 5437 5392
f 5387 5391 5390
f 5388 5389 5390
f 5388 5390 5392
f 5434 5435 5439
f 5434 5436 5437
f 5434 5440 5436
f 5434 5441 5443
f 5439 5442 5441
f 5434 5439 5441
f 5434 5443 5440
f 5391 5435 5434
f 5390 5434 5437
f 5441 5442 5443
f 4455 4459 5473
f 4455 5473 4460
f 4459 5474 5473
f 4460 5473 5472
f 5473 5477 5479
f 5473 5479 5476
f 5473 5474 5477
f 5472 5473 5475
f 5473 5476 5475
f 5484 5491 5494
f 5483 5492 5491
f 5477 5480 5479
f 5476 5479 5482
f 5479 5480 5483
f 5479 5481 5482
f 5479 5484 5481
f 5479 5483 5491
f 5479 5491 5484
f 5491 5493 5494
f 5491 5492 5495
f 5491 5496 5493
f 5491 5495 5498
f 5491 5498 5496
f 5496 5498 5499
f 5495 5500 5498
f 5498 5501 5499
f 5498 5500 5502
f 5498 5497 5501
f 5390 5498 5502
f 5390 5497 5498
f 5586 5588 5630
f 5586 5587 5588
f 5587 5597 5588
f 5589 5615 5775
f 5592 5594 5600
f 5591 5592 5600
f 5591 5611 5592
f 5590 5611 5591
f 5593 5598 5596
f 5594 5595 5600
f 5594 5596 5595
f 5594 5593 5596
f 5588 5597 5593
f 5593 5597 5598
f 5606 5607 5608
f 5606 5608 5611
f 5607 5609 5608
f 5608 5609 5613
f 5590 5606 5611
f 5609 5610 5613
f 5610 5614 5613
f 5589 5613 5614
f 5589 5614 5615
f 766 5628 5630
f 1220 5626 5628
f 1071 5710 5626
f 5626 5708 5629
f 5626 5629 5628
f 5627 5632 5628
f 5627 5628 5629
f 5586 5630 5631
f 5630 5632 5631
f 5628 5632 5630
f 804 5593 5594
f 1343 5611 5608
f 1341 5608 5613
f 835 5594 5592
f 1311 5592 5611
f 789 5630 5588
f 809 5588 5593
f 5697 5710 5698
f 5698 5710 5699
f 5698 5699 5729
f 5699 5728 5729
f 5626 5709 5708
f 5626 5710 5709
f 5697 5709 5710
f 5724 5731 5725
f 5725 5731 5735
f 5726 5731 5730
f 5726 5727 5728
f 5726 5730 5727
f 5699 5726 5728
f 5724 5730 5731
f 5725 5735 5736
f 5735 5737 5736
f 5735 5738 5737
f 5737 5738 5739
f 5738 5740 5739
f 5738 5938 5740
f 1463 5780 5783
f 1467 5783 5786
f 5589 5775 5777
f 5775 5776 5777
f 5776 5778 5777
f 5777 5778 5780
f 5779 5781 5780
f 5778 5779 5780
f 5780 5781 5783
f 5781 5782 5783
f 5782 5785 5783
f 5783 5785 5786
f 5784 5786 5785
f 5784 5787 5786
f 5786 5787 5789
f 5787 5788 5789
f 5788 5790 5789
f 5789 5790 5792
f 5790 5791 5792
f 5791 5812 5792
f 1507 5786 5789
f 1547 5789 5792
f 2051 5792 5814
f 5792 5812 5814
f 5812 5813 5814
f 5813 5815 5814
f 5814 5815 5817
f 5815 5816 5817
f 5816 5818 5817
f 5817 5818 5820
f 5818 5819 5820
f 5819 5821 5820
f 5820 5821 5875
f 1390 5613 5589
f 1371 5589 5777
f 1449 5777 5780
f 2071 5814 5817
f 2183 5817 5820
f 2186 5820 5875
f 5821 5822 5875
f 5822 5886 5875
f 5875 5886 5894
f 5886 5887 5894
f 5887 5895 5894
f 5894 5895 5897
f 5895 5896 5897
f 5896 5898 5897
f 5897 5898 8137
f 5898 5899 8137
f 1076 5726 5699
f 1143 5731 5726
f 1148 5735 5731
f 1078 5699 5710
f 3864 5938 5738
f 1099 5738 5735
f 3866 5941 5938
f 3870 5950 5941
f 4042 5956 5950
f 4044 5970 5956
f 4050 5976 5970
f 4056 5982 5976
f 4058 5986 5982
f 4062 6021 5986
f 4066 6024 6021
f 5740 5938 5939
f 5938 5941 5939
f 5940 5939 5941
f 5940 5941 5942
f 5941 5943 5942
f 5941 5956 5943
f 5941 5950 5956
f 5943 5956 5951
f 5951 5956 5952
f 5952 5956 5957
f 5956 5958 5957
f 5956 5971 5958
f 5956 5970 5971
f 5970 5973 5971
f 5970 5977 5973
f 5970 5976 5977
f 5976 5982 5977
f 5977 5982 5978
f 5978 5982 5983
f 5982 5986 5983
f 5983 5986 5984
f 5984 5986 5987
f 5986 6021 5987
f 5987 6021 5988
f 5988 6021 6022
f 6021 6024 6022
f 6022 6024 6023
f 6023 6024 6025
f 6024 6034 6025
f 6025 6034 6026
f 6026 6034 6035
f 6034 6040 6035
f 6035 6040 6036
f 6036 6040 6041
f 6040 6049 6041
f 6041 6049 6042
f 6042 6049 6050
f 6049 6053 6050
f 6050 6053 6051
f 6051 6053 6052
f 6052 6053 6054
f 6053 6106 6054
f 6054 6106 6055
f 6055 6106 6111
f 6106 6113 6111
f 6111 6113 6112
f 6112 6113 6114
f 6113 6116 6114
f 6114 6116 6115
f 6115 6116 6122
f 6116 6124 6122
f 6122 6124 6123
f 6123 6124 10844
f 2194 5875 5894
f 2312 5894 5897
f 2321 5897 8137
f 2395 8137 8140
f 2470 8140 8150
f 2478 8150 8153
f 2505 8153 8164
f 2709 8164 8196
f 3094 8196 8203
f 3102 8203 8206
f 3116 8206 8221
f 5899 8138 8137
f 8137 8138 8140
f 8138 8139 8140
f 8139 8141 8140
f 8140 8141 8150
f 8141 8142 8150
f 8142 8151 8150
f 8150 8151 8152
f 8150 8152 8153
f 8152 8155 8153
f 8153 8155 8156
f 8153 8156 8164
f 8156 8165 8164
f 8164 8165 8166
f 8164 8166 8196
f 8166 8197 8196
f 8196 8197 8198
f 8196 8198 8203
f 8198 8204 8203
f 8203 8204 8205
f 8203 8205 8206
f 8205 8211 8206
f 8206 8213 8214
f 8206 8212 8213
f 8206 8211 8212
f 8206 8214 8221
f 8214 8226 8221
f 8221 8226 8225
f 8221 8225 8371
f 8225 8372 8371
f 8371 8372 8373
f 8371 8373 8374
f 8373 8375 8374
f 8374 8375 8376
f 8374 8376 8377
f 8376 8378 8377
f 8377 8378 8379
f 8377 8379 8380
f 8379 8381 8380
f 8380 8381 8382
f 8380 8382 8387
f 8382 8388 8387
f 8387 8388 8389
f 8387 8389 8578
f 3121 8221 8371
f 3147 8371 8374
f 3149 8374 8377
f 3164 8377 8380
f 5217 8380 8387
f 5219 8387 8578
f 5223 8578 8581
f 5246 8581 8590
f 5248 8590 8593
f 5256 8660 8650
f 5254 8593 8660
f 5271 8650 8662
f 5284 8662 8667
f 5286 8667 8899
f 5300 8899 8902
f 8389 8579 8578
f 8578 8579 8580
f 8578 8580 8581
f 8580 8582 8581
f 8581 8582 8583
f 8581 8583 8590
f 8583 8591 8590
f 8590 8591 8592
f 8590 8592 8593
f 8592 8610 8593
f 8593 8610 8611
f 8593 8611 8660
f 8645 8646 8660
f 8646 8650 8660
f 8646 8652 8650
f 8650 8652 8651
f 8650 8651 8662
f 8611 8645 8660
f 8651 8663 8662
f 8662 8663 8667
f 8663 8664 8667
f 8665 8899 8667
f 8665 8666 8899
f 8664 8665 8667
f 8725 8735 8902
f 8725 8726 8735
f 8726 8736 8735
f 8735 8736 8738
f 8736 8737 8738
f 8737 8739 8738
f 8739 8740 8894
f 8740 8887 8894
f 8738 8739 8894
f 8826 8827 8884
f 8825 8891 8890
f 8825 8890 8826
f 8825 8826 8884
f 8876 8883 11895
f 8883 11898 11895
f 8876 8882 8883
f 8876 8884 8882
f 8827 8882 8884
f 8887 8888 8894
f 8886 8893 8888
f 8886 8888 8887
f 8889 8892 8893
f 8825 8892 8891
f 8889 8891 8892
f 8888 8893 8892
f 8666 8901 8899
f 8899 8901 8902
f 8900 8902 8901
f 8725 8902 8900
f 5219 8578 5223
f 5223 8581 5246
f 5246 8590 5248
f 5248 8593 5254
f 4070 6034 6024
f 4072 6040 6034
f 4079 6049 6040
f 4156 6053 6049
f 4158 6106 6053
f 4164 6113 6106
f 4165 6116 6113
f 4180 6124 6116
f 4184 10846 6124
f 4186 10850 10846
f 4072 4079 6040
f 4079 4156 6049
f 4156 4158 6053
f 4158 4164 6106
f 4164 4165 6113
f 4165 4180 6116
f 4180 4184 6124
f 4184 4186 10846
f 4186 4193 10850
f 4193 4195 10853
f 4193 10853 10850
f 4198 10862 10853
f 4304 10883 10862
f 6124 10846 10844
f 10844 10846 10845
f 10845 10846 10847
f 10846 10848 10847
f 10846 10850 10848
f 10848 10850 10851
f 10850 10852 10851
f 10850 10853 10852
f 10852 10853 10860
f 10853 10861 10860
f 10853 10862 10861
f 10861 10862 10863
f 10862 10864 10863
f 10862 10883 10864
f 10864 10883 10884
f 10883 10886 10884
f 10884 10886 10885
f 10885 10886 10887
f 10886 10889 10887
f 10887 10889 10888
f 10888 10889 10890
f 10889 10891 10890
f 10889 10926 10891
f 4312 10886 10883
f 10891 10926 10927
f 10926 10928 10927
f 10926 10929 10928
f 10928 10929 10968
f 10929 10973 10968
f 10968 10973 10972
f 10972 10973 10974
f 10973 10976 10974
f 10974 10976 10975
f 10975 10976 11025
f 10976 11029 11025
f 11025 11029 11026
f 11027 11029 11040
f 11026 11029 11027
f 11027 11040 11028
f 11028 11040 11041
f 11040 11042 11041
f 11040 11102 11042
f 11040 11043 11102
f 11099 11100 11103
f 11043 11101 11102
f 11043 11100 11101
f 11043 11103 11100
f 11099 11103 11106
f 11103 11104 11106
f 11104 11107 11106
f 11104 11135 11107
f 11104 11105 11135
f 11117 11118 11137
f 11132 11137 11133
f 11117 11137 11132
f 11129 11134 11130
f 11130 11134 11896
f 11129 11131 11133
f 11131 11132 11133
f 11129 11133 11134
f 11105 11136 11135
f 11105 11118 11136
f 11105 11137 11118
f 4323 10889 10886
f 4355 10926 10889
f 4366 10929 10926
f 4396 10973 10929
f 4396 10976 10973
f 4406 11029 10976
f 4473 11040 11029
f 4475 11043 11040
f 4477 11103 11043
f 5503 11137 11105
f 5485 11104 11103
f 5488 11105 11104
f 4195 4198 10853
f 4198 4304 10862
f 4304 4312 10883
f 4312 4323 10886
f 4323 4355 10889
f 4355 4366 10926
f 4366 4396 10929
f 4396 4406 10976
f 4406 4473 11029
f 4473 4475 11040
f 4477 5485 11103
f 5485 5488 11104
f 4475 4477 11043
f 5296 5300 8902
f 5296 8735 5298
f 5296 8902 8735
f 5298 8735 8738
f 5395 5446 11134
f 5431 5432 8876
f 5431 11895 5446
f 5415 8892 5417
f 5582 8894 5584
f 5298 8738 5582
f 5415 5584 8888
f 5432 5449 8884
f 5417 8825 5449
f 5449 8825 8884
f 5417 8892 8825
f 5432 8884 8876
f 5431 8876 11895
f 11895 11898 11897
f 11134 11897 11896
f 11134 11895 11897
f 5584 8894 8888
f 5582 8738 8894
f 5415 8888 8892
f 5395 11134 11133
f 5393 11133 11137
f 5446 11895 11134
f 5254 8660 5256
f 5256 8650 5271
f 5271 8662 5284
f 5284 8667 5286
f 5286 8899 5300
f 5488 5503 11105
f 5393 11137 5503
f 5393 5395 11133
f 5784 5830 5787
f 5639 5641 5646
f 5639 5667 5640
f 5641 5642 5647
f 5642 5719 5649
f 5639 5646 5667
f 5641 5647 5646
f 5642 5649 5647
f 5648 5649 5719
f 5660 5669 5661
f 5653 5670 5657
f 5657 5670 5678
f 5653 5661 5669
f 5656 5678 5679
f 5654 5655 5681
f 5655 5679 5681
f 5654 5681 5680
f 5656 5657 5678
f 5656 5679 5655
f 5640 5668 5660
f 5660 5668 5669
f 5653 5669 5670
f 5640 5667 5668
f 5702 5703 5758
f 5645 5700 5702
f 5701 5759 5703
f 5648 5719 5700
f 5645 5648 5700
f 5645 5702 5758
f 5703 5759 5758
f 5701 5747 5761
f 5747 5760 5761
f 5701 5761 5759
f 5747 5748 5760
f 5748 5751 5766
f 5748 5766 5760
f 5751 5767 5766
f 5751 5964 5767
f 5771 5964 5966
f 5767 5964 5771
f 5771 5966 5772
f 5654 5680 5828
f 5828 5841 5829
f 5829 5841 5843
f 5680 5841 5828
f 5829 5843 5830
f 5830 5843 5844
f 5790 5836 5791
f 5790 5835 5836
f 5835 5854 5836
f 5835 5844 5854
f 5836 5854 5856
f 5836 5856 5837
f 5837 5857 5868
f 5837 5856 5857
f 5818 5868 5869
f 5818 5869 5819
f 5819 5869 5821
f 5873 5822 5821
f 5869 5873 5821
f 5857 5908 5868
f 5868 5908 5869
f 5869 5908 5909
f 5869 5909 5873
f 5873 5909 5911
f 5873 5911 5876
f 5876 5911 5922
f 5876 5922 5877
f 5877 5922 5923
f 5877 5923 5879
f 5879 5926 8136
f 5879 5923 5926
f 5926 5927 8136
f 5772 5966 5968
f 5968 5994 5997
f 5772 5968 5997
f 5994 5998 5997
f 5994 6005 5998
f 5998 6005 6001
f 6001 6006 6002
f 6001 6005 6006
f 6002 6006 6009
f 6002 6009 6013
f 6009 6010 6013
f 6010 6014 6013
f 6010 6060 6014
f 6014 6060 6017
f 6017 6061 6019
f 6017 6060 6061
f 6019 6061 6064
f 6064 6065 6066
f 6067 6052 6054
f 6065 6052 6067
f 6067 6054 6068
f 6069 6068 6055
f 6019 6064 6066
f 6065 6067 6066
f 6069 6055 6082
f 6082 6055 6083
f 6065 6051 6052
f 6068 6054 6055
f 6083 6055 6111
f 6111 6112 6125
f 6112 6114 6127
f 6083 6111 6084
f 6084 6111 6125
f 6112 6126 6125
f 6112 6127 6126
f 6114 6128 6127
f 6114 6129 6128
f 6115 6130 6129
f 6122 6131 6130
f 6122 6132 6131
f 6114 6115 6129
f 6115 6122 6130
f 6122 6123 6140
f 6122 6140 6132
f 6123 6141 6140
f 6141 10844 6142
f 6142 10844 6143
f 6143 10844 6149
f 6149 10845 6150
f 6123 10844 6141
f 6149 10844 10845
f 6150 10845 10847
f 6150 10847 6151
f 6151 10847 6152
f 6152 10847 6184
f 6184 10848 6186
f 6186 10851 6187
f 6187 10851 6188
f 6188 10851 6189
f 6311 11130 6312
f 6310 6312 11896
f 5927 8157 8136
f 8157 8169 8159
f 8159 8171 8160
f 8160 8174 8167
f 8167 8175 8168
f 8168 8186 8216
f 5927 8169 8157
f 8159 8169 8171
f 8160 8171 8174
f 8167 8174 8175
f 8168 8175 8186
f 8186 8187 8216
f 8187 8212 8216
f 8216 8212 8211
f 8212 8218 8213
f 8213 8218 8214
f 8187 8218 8212
f 8214 8240 8226
f 8214 8218 8240
f 8226 8241 8242
f 8225 8226 8242
f 8225 8244 8372
f 8225 8242 8243
f 8225 8243 8244
f 8244 8245 8372
f 8245 8254 8372
f 8254 8255 8373
f 8255 8256 8373
f 8256 8257 8375
f 8187 8240 8218
f 8226 8240 8241
f 8254 8373 8372
f 8256 8375 8373
f 8257 8259 8375
f 8259 8260 8376
f 8259 8376 8375
f 8261 8378 8376
f 8378 8390 8379
f 8379 8392 8381
f 8381 8394 8382
f 8382 8396 8388
f 8388 8398 8389
f 8389 8400 8579
f 8260 8261 8376
f 8261 8262 8378
f 8262 8390 8378
f 8379 8390 8391
f 8379 8391 8392
f 8381 8392 8393
f 8381 8393 8394
f 8382 8394 8395
f 8382 8395 8396
f 8388 8396 8397
f 8388 8397 8398
f 8389 8398 8399
f 8389 8399 8400
f 8400 8401 8579
f 8401 8402 8579
f 8402 8403 8580
f 8403 8404 8580
f 8402 8580 8579
f 8405 8582 8580
f 8404 8405 8580
f 8405 8594 8582
f 8594 8595 8583
f 8595 8596 8583
f 8594 8583 8582
f 8597 8591 8583
f 8596 8597 8583
f 8597 8598 8591
f 8598 8599 8592
f 8598 8592 8591
f 8592 8601 8610
f 8599 8600 8592
f 8600 8601 8592
f 8610 8601 8602
f 8610 8602 8611
f 8611 8605 8645
f 8611 8602 8603
f 8611 8603 8604
f 8611 8604 8605
f 8605 8607 8645
f 8607 8646 8645
f 8606 8652 8646
f 8651 8652 8653
f 8651 8656 8663
f 8607 8608 8646
f 8608 8609 8646
f 8606 8646 8609
f 8606 8653 8652
f 8663 8656 8659
f 8651 8653 8654
f 8651 8654 8655
f 8651 8655 8656
f 8664 8658 8668
f 8664 8659 8657
f 8664 8657 8658
f 8664 8668 8665
f 8665 8668 8669
f 8663 8659 8664
f 8665 8669 8666
f 8553 8901 8666
f 8666 8669 8670
f 8666 8670 8671
f 8553 8666 8671
f 8553 8554 8901
f 8725 8900 8776
f 8554 8555 8900
f 8555 8556 8900
f 8556 8776 8900
f 8726 8779 8777
f 8725 8776 8779
f 8737 8780 8782
f 8737 8782 8783
f 8726 8777 8778
f 8726 8778 8771
f 8725 8779 8726
f 8726 8771 8736
f 8736 8771 8780
f 8795 8886 8887
f 8737 8783 8781
f 8737 8781 8739
f 8736 8780 8737
f 8810 8740 8739
f 8793 8887 8740
f 8793 8795 8887
f 8796 8797 8886
f 8795 8796 8886
f 8794 8886 8797
f 8781 8810 8739
f 8791 8792 8740
f 8791 8740 8810
f 8792 8793 8740
f 8850 8891 8897
f 8856 8857 8890
f 8855 8890 8857
f 8850 8856 8891
f 8852 8826 8855
f 8856 8890 8891
f 8855 8826 8890
f 8869 8882 8871
f 8870 8872 8883
f 8869 8870 8883
f 8873 11896 11897
f 8874 11897 11898
f 8874 8875 11897
f 8873 11897 8875
f 8868 8874 11898
f 6310 11896 8873
f 8869 8883 8882
f 8872 11898 8883
f 8868 11898 8872
f 8853 8827 8826
f 8851 8827 8854
f 8852 8853 8826
f 8853 8854 8827
f 8851 8882 8827
f 8851 8871 8882
f 8794 8893 8886
f 8889 8898 8895
f 8794 8898 8893
f 8889 8896 8897
f 8889 8893 8898
f 8889 8895 8896
f 8889 8897 8891
f 8554 8900 8901
f 6184 10847 10848
f 6186 10848 10851
f 6189 10851 10852
f 6190 10852 10860
f 10860 10861 10865
f 10861 10863 10866
f 10863 10864 10869
f 6189 10852 6190
f 6190 10860 6191
f 6191 10860 6192
f 6192 10860 10865
f 10861 10866 10865
f 10863 10867 10866
f 10863 10868 10867
f 10863 10869 10868
f 10864 10870 10869
f 10864 10884 10870
f 10870 10884 10871
f 10871 10884 10892
f 10893 10892 10884
f 10893 10885 10894
f 10894 10885 10895
f 10895 10887 10896
f 10896 10887 10897
f 10897 10888 10908
f 10908 10888 10909
f 10893 10884 10885
f 10895 10885 10887
f 10897 10887 10888
f 10909 10888 10890
f 10909 10890 10918
f 10910 10890 10891
f 10919 10891 10927
f 10918 10890 10910
f 10910 10891 10919
f 10919 10927 10920
f 10920 10927 10921
f 10941 10927 10928
f 10921 10927 10941
f 10941 10928 10942
f 10942 10928 10968
f 10942 10968 10943
f 10943 10968 10947
f 10947 10968 10969
f 10969 10972 10970
f 10968 10972 10969
f 10970 10972 10971
f 10971 10974 10977
f 10974 10978 10977
f 10975 10979 10978
f 10975 10980 10979
f 10980 11025 10981
f 10971 10972 10974
f 10974 10975 10978
f 10975 11025 10980
f 10981 11025 11030
f 11026 11031 11030
f 11026 11032 11031
f 11027 11033 11032
f 11027 11034 11033
f 11028 11035 11034
f 11028 11036 11035
f 11025 11026 11030
f 11026 11027 11032
f 11027 11028 11034
f 11028 11041 11036
f 11036 11041 11044
f 11041 11045 11044
f 11047 11102 11048
f 11041 11042 11045
f 11042 11046 11045
f 11042 11047 11046
f 11042 11102 11047
f 11072 11106 11073
f 11073 11106 11094
f 11094 11107 11095
f 11095 11107 11096
f 11096 11135 11097
f 11097 11135 11098
f 11048 11102 11062
f 11062 11101 11063
f 11063 11101 11064
f 11064 11100 11065
f 11062 11102 11101
f 11064 11101 11100
f 11065 11100 11070
f 11070 11099 11071
f 11071 11099 11072
f 11070 11100 11099
f 11072 11099 11106
f 11094 11106 11107
f 11096 11107 11135
f 11115 11132 11116
f 11098 11136 11123
f 11123 11136 11124
f 11118 11120 11119
f 11118 11119 11124
f 11098 11135 11136
f 11118 11124 11136
f 11117 11120 11118
f 11117 11114 11120
f 11117 11115 11114
f 11117 11132 11115
f 11131 11127 11132
f 11129 11128 11126
f 11116 11132 11127
f 11131 11125 11127
f 11131 11126 11125
f 6309 11129 11130
f 6312 11130 11896
f 11129 11126 11131
f 6309 11128 11129
f 6309 11130 6311
f 5645 5758 6325
f 5646 5675 5667
f 5646 5647 6322
f 5647 5649 6321
f 5646 6322 5675
f 5647 6321 6322
f 5649 6323 6321
f 5648 6323 5649
f 5645 6324 5648
f 5648 6324 6323
f 5645 6325 6324
f 5670 5673 5678
f 5668 5676 5669
f 5669 5676 5670
f 5668 5674 5676
f 5667 5674 5668
f 5667 5675 5674
f 5670 5676 5673
f 5678 5685 5679
f 5680 5681 5686
f 5679 5687 5681
f 5678 5673 5685
f 5679 5685 5687
f 5681 5687 5686
f 5680 5686 5848
f 5758 5759 6373
f 5759 5761 6369
f 5758 6373 6325
f 5761 6370 6369
f 5759 6369 6373
f 5760 5766 6371
f 5766 6388 6371
f 5760 6370 5761
f 5760 6371 6370
f 5766 5767 6388
f 5767 5771 6387
f 5767 6387 6388
f 5771 6391 6387
f 5771 5772 6391
f 5772 5997 6392
f 5772 6392 6391
f 5997 6646 6392
f 5830 5844 5835
f 5680 5848 5841
f 5841 5849 5843
f 5843 5852 5844
f 5841 5848 5849
f 5843 5849 5852
f 5844 5852 5860
f 5844 5860 5854
f 5854 5861 5856
f 5856 5864 5857
f 5857 5865 5908
f 5856 5861 5864
f 5857 5864 5865
f 5911 5919 5922
f 5865 5915 5908
f 5911 5918 5919
f 5922 5928 5923
f 5923 5929 5926
f 5926 5932 5927
f 5919 5928 5922
f 5923 5928 5929
f 5926 5929 5932
f 5927 5932 5933
f 5997 5998 6646
f 5998 6001 6647
f 5998 6647 6646
f 6001 6002 6650
f 6001 6650 6647
f 6002 6651 6650
f 6002 6013 6651
f 6013 6664 6651
f 6013 6014 6664
f 6014 6666 6664
f 6014 6017 6666
f 6017 6019 6667
f 6019 6066 6668
f 6066 6067 6718
f 6067 6068 6722
f 6069 6722 6068
f 6082 6721 6722
f 6082 6083 6086
f 6083 6084 6086
f 6084 6125 6734
f 6125 6126 6734
f 6126 6127 6090
f 6127 6128 6090
f 6082 6085 6721
f 6069 6082 6722
f 6082 6086 6085
f 6084 6087 6086
f 6084 6734 6087
f 6126 6088 6734
f 6126 6090 6088
f 6128 6089 6090
f 6128 6735 6089
f 6129 6101 6735
f 6129 6735 6128
f 6129 6130 6101
f 6130 6131 6102
f 6131 6132 6102
f 6140 6141 6145
f 6141 6142 6145
f 6130 6102 6101
f 6132 6144 6102
f 6132 6760 6144
f 6132 6140 6760
f 6140 6145 6760
f 6142 6143 6146
f 6142 6146 6145
f 6143 6149 6761
f 6149 6150 6761
f 6150 6151 6761
f 6143 6147 6146
f 6143 6761 6147
f 6151 6148 6761
f 6151 6174 6148
f 6152 6175 6174
f 6151 6152 6174
f 6152 6802 6175
f 6152 6184 6802
f 6184 6186 6802
f 6186 6187 6802
f 6187 6188 6193
f 6187 6176 6802
f 6187 6193 6176
f 6188 6194 6193
f 6188 6189 6821
f 6188 6821 6194
f 6191 6195 6821
f 6191 6204 6195
f 6189 6190 6821
f 6190 6191 6821
f 6191 6192 6204
f 6192 6205 6204
f 6192 10865 6822
f 6822 10865 10866
f 6822 10866 10867
f 6210 10867 10868
f 6192 6822 6205
f 6822 10867 6209
f 6209 10867 6210
f 6210 10868 6211
f 6211 10868 6823
f 6823 10871 6212
f 6300 11127 6301
f 6309 6318 6315
f 6316 11125 11126
f 6317 11126 11128
f 6315 6317 11128
f 6301 11125 6316
f 6316 11126 6317
f 6309 6315 11128
f 6311 6312 6319
f 6312 6320 6319
f 6311 6319 6318
f 6310 6320 6312
f 6310 6314 6320
f 6310 8880 6314
f 6309 6311 6318
f 6017 6667 6666
f 6019 6668 6667
f 6066 6718 6668
f 6067 6722 6718
f 5927 5933 8169
f 8169 8170 8171
f 5933 8170 8169
f 8170 8178 8171
f 8171 8178 8174
f 8174 8181 8175
f 8175 8182 8186
f 8174 8178 8181
f 8175 8181 8182
f 8186 8189 8187
f 8187 8188 8240
f 8182 8189 8186
f 8187 8189 8188
f 8188 8265 8240
f 8240 8265 8241
f 8242 8241 8265
f 8243 8264 8272
f 8242 8265 8264
f 8242 8264 8243
f 8244 8243 8274
f 8244 8274 8245
f 8245 8275 8254
f 8243 8272 8274
f 8245 8274 8273
f 8245 8273 8275
f 8255 8275 8276
f 8254 8275 8255
f 8255 8294 8256
f 8256 8294 8257
f 8257 8296 8259
f 8255 8276 8294
f 8257 8294 8295
f 8257 8295 8296
f 8260 8296 8297
f 8259 8296 8260
f 8260 8299 8261
f 8261 8299 8262
f 8262 8301 8390
f 8260 8297 8299
f 8262 8299 8300
f 8262 8300 8301
f 8301 8302 8391
f 8302 8337 8391
f 8301 8391 8390
f 8337 8392 8391
f 8337 8393 8392
f 8339 8394 8393
f 8337 8338 8393
f 8338 8339 8393
f 8339 8406 8395
f 8339 8395 8394
f 8395 8407 8396
f 8396 8407 8397
f 8397 8409 8398
f 8395 8406 8407
f 8397 8407 8408
f 8397 8408 8409
f 8398 8409 8410
f 8398 8418 8399
f 8399 8418 8400
f 8400 8418 8401
f 8398 8410 8418
f 8401 8418 8419
f 8401 8419 8420
f 8401 8420 8402
f 8402 8420 8421
f 8402 8422 8403
f 8403 8422 8404
f 8402 8421 8422
f 8404 8422 8405
f 8405 8424 8594
f 8405 8422 8423
f 8405 8423 8424
f 8424 8425 8594
f 8547 8671 8670
f 8553 8671 8547
f 8515 8546 8669
f 8546 8547 8669
f 8553 8548 8549
f 8553 8547 8548
f 8553 8549 8554
f 8556 8559 8776
f 8554 8558 8555
f 8555 8558 8556
f 8554 8557 8558
f 8556 8558 8559
f 8554 8549 8557
f 8559 8560 8776
f 8594 8612 8595
f 8595 8612 8596
f 8596 8612 8597
f 8597 8614 8598
f 8598 8616 8599
f 8599 8616 8600
f 8600 8616 8601
f 8601 8618 8602
f 8603 8627 8604
f 8604 8627 8605
f 8605 8629 8607
f 8602 8627 8603
f 8607 8631 8608
f 8608 8631 8609
f 8606 8609 8631
f 8425 8612 8594
f 8597 8612 8613
f 8597 8613 8614
f 8598 8614 8615
f 8598 8615 8616
f 8601 8616 8617
f 8601 8617 8618
f 8618 8619 8602
f 8619 8627 8602
f 8605 8627 8628
f 8605 8628 8629
f 8607 8629 8630
f 8607 8630 8631
f 8606 8631 8632
f 8606 8632 8633
f 8606 8633 8653
f 8633 8672 8653
f 8653 8672 8673
f 8656 8673 8674
f 8656 8674 8675
f 8653 8673 8654
f 8654 8673 8655
f 8655 8673 8656
f 8659 8675 8676
f 8659 8676 8677
f 8656 8675 8659
f 8657 8659 8677
f 8657 8677 8658
f 8658 8677 8668
f 8677 8678 8668
f 8515 8668 8678
f 8515 8669 8668
f 8547 8670 8669
f 8764 8765 8810
f 8771 8778 8773
f 8771 8775 8780
f 8779 8774 8772
f 8778 8772 8773
f 8771 8773 8775
f 8780 8775 8784
f 8560 8779 8776
f 8777 8779 8772
f 8777 8772 8778
f 8560 8774 8779
f 8780 8787 8782
f 8782 8787 8783
f 8780 8784 8787
f 8764 8783 8788
f 8783 8787 8788
f 8764 8781 8783
f 8764 8810 8781
f 8791 8805 8792
f 8791 8810 8805
f 8765 8805 8810
f 8792 8805 8806
f 8792 8806 8807
f 8793 8807 8795
f 8798 8795 8807
f 8798 8799 8795
f 8792 8807 8793
f 8794 8797 8809
f 8800 8809 8797
f 8799 8800 8797
f 8711 8898 8808
f 8808 8898 8809
f 8711 8712 8896
f 8711 8895 8898
f 8794 8809 8898
f 8799 8796 8795
f 8799 8797 8796
f 8712 8713 8896
f 8844 8869 8846
f 8846 8871 8867
f 8713 8850 8897
f 8858 8855 8857
f 8861 8857 8856
f 8850 8861 8856
f 8858 8852 8855
f 8853 8865 8854
f 8851 8854 8865
f 8851 8867 8871
f 8852 8865 8853
f 8713 8863 8850
f 8858 8857 8862
f 8850 8863 8861
f 8861 8862 8857
f 8851 8866 8867
f 8851 8865 8866
f 8858 8864 8852
f 8852 8864 8865
f 8844 8870 8869
f 8844 8872 8870
f 8846 8869 8871
f 8868 8881 8879
f 8874 8879 8877
f 8874 8877 8875
f 8873 8875 8877
f 8873 8877 8878
f 8873 8878 8880
f 8868 8879 8874
f 8845 8881 8872
f 8844 8845 8872
f 8868 8872 8881
f 6310 8873 8880
f 8711 8896 8895
f 8713 8897 8896
f 6823 10868 10869
f 6823 10869 10870
f 6823 10870 10871
f 6229 10871 10892
f 6860 10892 10893
f 6860 10893 10894
f 6860 10894 10895
f 6212 10871 6229
f 6229 10892 6230
f 6230 10892 6860
f 6860 10895 10898
f 10895 10896 10899
f 10896 10897 11138
f 10897 10908 11138
f 10895 10899 10898
f 10896 10900 10899
f 10896 11138 10900
f 10909 10911 11138
f 10909 10912 10911
f 10918 10913 10912
f 10918 11139 10913
f 10908 10909 11138
f 10909 10918 10912
f 10918 10910 11139
f 10910 10919 11139
f 10919 10920 10914
f 10920 10921 10915
f 10919 10914 11139
f 10920 10915 10914
f 10921 10916 10915
f 10921 10917 10916
f 10921 10941 10917
f 10941 10942 10917
f 10942 10943 10917
f 10943 10947 10945
f 10943 10944 10917
f 10943 10945 10944
f 10947 10946 10945
f 10947 10969 10948
f 10969 10970 10948
f 10970 10971 10948
f 10947 10948 10946
f 10971 10949 10948
f 10971 10961 10949
f 10971 10977 10961
f 10977 10978 10963
f 10978 10979 10963
f 10977 10962 10961
f 10977 10963 10962
f 10979 10964 10963
f 10979 10980 10964
f 10980 10981 10965
f 10981 11030 10967
f 10980 10965 10964
f 10981 10966 10965
f 10981 10967 10966
f 11030 11031 11003
f 11031 11032 11003
f 11032 11033 11005
f 11030 11003 10967
f 11032 11004 11003
f 11032 11005 11004
f 11033 11006 11005
f 11033 11034 11006
f 11034 11035 11007
f 11035 11036 11007
f 11036 11044 11009
f 11034 11007 11006
f 11036 11008 11007
f 11036 11009 11008
f 11044 11045 11020
f 11045 11046 11021
f 11044 11020 11009
f 11045 11021 11020
f 11046 11022 11021
f 11046 11047 11022
f 11047 11048 11023
f 11048 11062 11024
f 11047 11023 11022
f 11048 11024 11023
f 11062 11068 11024
f 11062 11063 11068
f 11063 11064 11066
f 11064 11065 11067
f 11065 11070 11069
f 11063 11066 11068
f 11064 11067 11066
f 11065 11069 11067
f 11071 11072 11075
f 11072 11073 11076
f 11070 11071 11074
f 11070 11074 11069
f 11071 11075 11074
f 11072 11076 11075
f 11073 11061 11076
f 11095 11088 11087
f 11096 11089 11088
f 11097 11093 11089
f 11098 11090 11093
f 11098 11123 11090
f 11124 11092 11091
f 11123 11091 11090
f 11073 11094 11061
f 11094 11095 11087
f 11095 11096 11088
f 11096 11097 11089
f 11094 11087 11061
f 11097 11098 11093
f 11120 11122 11121
f 11119 11092 11124
f 11123 11124 11091
f 11119 11121 11092
f 11119 11120 11121
f 6298 11114 11115
f 6299 11115 11116
f 6298 11115 6299
f 6299 11116 6300
f 6298 11122 11114
f 6300 11116 11127
f 11120 11114 11122
f 6301 11127 11125
f 5854 5860 5861
f 5908 5915 5909
f 5909 5918 5911
f 5909 5915 5918
f 5919 6512 5928
f 5928 6513 5929
f 5929 6516 5932
f 5932 6517 5933
f 6298 7522 11122
f 6298 6299 7522
f 6299 6300 7520
f 6300 6301 7520
f 7543 6318 7544
f 6314 9979 7550
f 7551 6318 6319
f 7551 6319 6320
f 7551 6320 7552
f 7549 7552 6320
f 7544 6318 7551
f 6314 7550 6320
f 6314 8880 9979
f 7549 6320 7550
f 6301 6316 7557
f 6316 6317 7557
f 7543 6317 6315
f 7543 6315 6318
f 6321 6323 6344
f 6323 6328 6344
f 6324 6325 6329
f 6325 6373 6330
f 6323 6324 6328
f 6324 6329 6328
f 6325 6330 6329
f 6322 6331 5675
f 5674 5675 6332
f 5674 6335 5676
f 5673 5676 6335
f 5674 6332 6335
f 5675 6331 6332
f 5673 6336 5685
f 5685 6333 5687
f 5685 6336 6333
f 5686 5687 6334
f 5687 6333 6334
f 5686 6334 6459
f 5673 6335 6336
f 6321 6343 6322
f 6321 6344 6343
f 6322 6343 6331
f 6369 6370 6380
f 6370 6371 6384
f 6371 6388 6372
f 6371 6372 6384
f 6372 6388 6395
f 6369 6379 6373
f 6369 6380 6379
f 6330 6373 6379
f 6370 6384 6380
f 6387 6395 6388
f 6387 6391 6396
f 6392 6646 6398
f 6391 6392 6397
f 6387 6396 6395
f 6391 6397 6396
f 6392 6398 6397
f 6398 6646 6655
f 5686 6459 5848
f 5848 6458 5849
f 5848 6459 6458
f 5849 6460 5852
f 5852 6461 5860
f 5849 6458 6460
f 5852 6460 6461
f 6461 6467 5860
f 5861 6467 6470
f 5861 6470 5864
f 5864 6465 5865
f 5864 6470 6465
f 5865 6465 6505
f 5865 6505 5915
f 5915 6506 5918
f 5915 6505 6506
f 5918 6508 5919
f 5918 6506 6508
f 5919 6508 6512
f 5928 6512 6513
f 5929 6513 6516
f 5932 6516 6517
f 5933 6517 8903
f 6646 6647 6655
f 6647 6650 6656
f 6650 6651 6657
f 6651 6664 6658
f 6647 6656 6655
f 6650 6657 6656
f 6651 6658 6657
f 6658 6664 6669
f 6664 6666 6669
f 6666 6667 6670
f 6667 6671 6670
f 6667 6668 6671
f 6668 6679 6671
f 6668 6718 6679
f 6666 6670 6669
f 6679 6718 6678
f 6721 6085 6746
f 6678 6718 6722
f 6678 6722 6746
f 6721 6746 6722
f 6085 6747 6746
f 6085 6723 6747
f 6087 6725 6723
f 6085 6086 6723
f 6086 6087 6723
f 6088 6090 6737
f 6089 6737 6090
f 6087 6734 6724
f 6734 6088 6724
f 6089 6738 6737
f 6089 6735 6739
f 6087 6724 6725
f 6088 6736 6724
f 6088 6737 6736
f 6735 6101 6739
f 6101 6102 6742
f 6102 6144 6742
f 6744 6144 6760
f 6101 6742 6740
f 6742 6144 6743
f 6743 6144 6744
f 6744 6145 6745
f 6089 6739 6738
f 6101 6740 6739
f 6744 6760 6145
f 6145 6146 6762
f 6146 6147 6762
f 6147 6761 6763
f 6761 6148 6764
f 6745 6145 6762
f 6147 6763 6762
f 6761 6764 6763
f 6148 6803 6764
f 6148 6804 6803
f 6148 6174 6804
f 6174 6175 6804
f 6175 6802 6805
f 6802 6176 6807
f 6175 6805 6804
f 6802 6806 6805
f 6802 6807 6806
f 6176 6193 6808
f 6808 6193 6194
f 6809 6194 6821
f 6176 6808 6807
f 6808 6194 6809
f 6809 6821 6810
f 6810 6821 6811
f 6811 6821 6195
f 6195 6204 6824
f 6204 6205 6824
f 6205 6822 6825
f 6822 6209 6827
f 6811 6195 6824
f 6205 6825 6824
f 6822 6826 6825
f 6822 6827 6826
f 6209 6828 6827
f 6211 6829 6828
f 6823 6830 6829
f 6823 6831 6830
f 6209 6210 6828
f 6210 6211 6828
f 6211 6823 6829
f 6823 6212 6831
f 6212 6229 6864
f 6229 6230 6864
f 6230 6860 6866
f 6860 10898 6867
f 6212 6864 6831
f 6230 6865 6864
f 6230 6866 6865
f 6860 6867 6866
f 6868 10898 10899
f 6868 10899 10900
f 6867 10898 6868
f 6868 10900 6869
f 6869 10900 6870
f 6870 11138 6879
f 7519 11122 7522
f 7518 11122 7519
f 6301 7521 7520
f 6301 7557 7521
f 6299 7523 7522
f 6299 7520 7523
f 7543 7558 6317
f 6317 7558 7557
f 5933 8903 8170
f 8170 8904 8178
f 8178 8909 8181
f 8181 8910 8182
f 8182 8908 8189
f 8189 8923 8188
f 8188 8924 8265
f 8264 8265 8944
f 8272 8943 8274
f 8273 8274 8277
f 8273 8278 8275
f 8275 8278 8276
f 8276 8280 8294
f 8264 8944 8272
f 8274 8943 8277
f 8272 8944 8943
f 8273 8277 8279
f 8273 8279 8278
f 8276 8278 8949
f 8276 8949 8280
f 8294 8280 8295
f 8295 8303 8296
f 8296 8303 8297
f 8297 8306 8299
f 8299 8306 8300
f 8300 8309 8301
f 8301 8309 8302
f 8302 8311 8337
f 8337 8311 8338
f 8295 8280 8304
f 8295 8304 8303
f 8297 8303 8305
f 8297 8305 8306
f 8300 8306 8308
f 8300 8308 8309
f 8302 8309 8310
f 8302 8310 8311
f 8338 8311 8312
f 8338 8313 8339
f 8339 8313 8406
f 8338 8312 8313
f 8406 8313 8348
f 8406 8411 8407
f 8407 8411 8408
f 8408 8413 8409
f 8409 8413 8410
f 8410 8415 8418
f 8418 8415 8419
f 8406 8348 8411
f 8408 8411 8412
f 8408 8412 8413
f 8410 8413 8414
f 8410 8414 8415
f 8419 8415 8416
f 8419 8417 8420
f 8421 8420 8417
f 8421 8427 8422
f 8422 8427 8423
f 8423 8428 8424
f 8424 8429 8425
f 8425 8431 8612
f 8419 8416 8417
f 8421 8417 8426
f 8421 8426 8427
f 8423 8427 8428
f 8424 8428 8429
f 8425 8429 8430
f 8425 8430 8431
f 8613 8431 8432
f 8677 8521 8678
f 8515 8678 8523
f 8678 8521 8523
f 8515 8523 8524
f 8515 8524 8525
f 8515 8525 8546
f 8546 8525 8526
f 8549 8562 8563
f 8546 8526 8547
f 8547 8561 8548
f 8548 8562 8549
f 8547 8526 8561
f 8548 8561 8562
f 8549 8563 8557
f 8557 8563 8564
f 8558 8564 8565
f 8560 8567 8774
f 8772 8774 8570
f 8560 8566 8567
f 8774 8567 8570
f 8772 8570 8568
f 8557 8564 8558
f 8559 8566 8560
f 8558 8565 8559
f 8559 8565 8566
f 8612 8431 8613
f 8613 8432 8614
f 8614 8620 8615
f 8615 8622 8616
f 8616 8622 8617
f 8617 8623 8618
f 8618 8624 8619
f 8614 8432 8620
f 8615 8620 8621
f 8615 8621 8622
f 8617 8622 8623
f 8618 8623 8624
f 8619 8624 8625
f 8619 8625 8626
f 8619 8626 8627
f 8627 8626 8628
f 8628 8634 8629
f 8629 8635 8630
f 8630 8637 8631
f 8628 8626 8634
f 8629 8634 8635
f 8630 8635 8636
f 8630 8636 8637
f 8631 8637 8632
f 8632 8638 8633
f 8632 8637 8638
f 8633 8638 8639
f 8672 8639 8640
f 8633 8639 8672
f 8672 8640 8641
f 8672 8641 8673
f 8673 8641 8674
f 8674 8679 8675
f 8674 8641 8679
f 8675 8679 8680
f 8676 8680 8681
f 8675 8680 8676
f 8676 8681 8521
f 8676 8521 8677
f 8712 8717 8713
f 8711 8716 8712
f 8713 8715 8863
f 8711 8714 8716
f 8712 8716 8717
f 8863 8715 8718
f 8713 8717 8715
f 8788 8759 8760
f 8764 8767 8765
f 8806 8769 8807
f 8805 8768 8806
f 8765 8766 8805
f 8764 8760 8767
f 8765 8767 8766
f 8805 8766 8768
f 8807 8769 8770
f 8806 8768 8769
f 8772 8568 8773
f 8773 8569 8775
f 8775 8785 8784
f 8784 8786 8787
f 8775 8569 8785
f 8773 8568 8569
f 8784 8785 8786
f 8787 8786 8759
f 8787 8759 8788
f 8764 8788 8760
f 8799 8802 8800
f 8798 8801 8799
f 8800 8803 8809
f 8798 8770 8801
f 8809 8803 8804
f 8799 8801 8802
f 8800 8802 8803
f 8798 8807 8770
f 8808 8809 8804
f 8711 8808 8714
f 8808 8804 8714
f 9948 8879 8881
f 9941 8879 9942
f 9942 8879 9948
f 8846 8867 9967
f 8846 9967 9939
f 8846 9939 9949
f 8845 9948 8881
f 8844 8846 9949
f 8844 9949 8845
f 8845 9947 9948
f 8845 9949 9947
f 8858 8860 9965
f 8864 9965 8865
f 8865 9968 8866
f 8865 9965 9968
f 8866 9968 9966
f 8866 9966 9967
f 8858 9965 8864
f 8861 8863 8718
f 8861 8718 8859
f 8861 8859 8862
f 8858 8862 8860
f 8862 8859 8860
f 8866 9967 8867
f 9941 8877 8879
f 8878 9979 8880
f 9941 8878 8877
f 8878 9978 9979
f 9941 9978 8878
f 8170 8903 8904
f 8178 8904 8909
f 8181 8909 8910
f 8182 8910 8908
f 8189 8908 8923
f 8188 8923 8924
f 8265 8924 8944
f 11074 11075 11393
f 11075 11076 11393
f 11061 11395 11076
f 11061 11087 11395
f 11087 11088 11404
f 11088 11089 11404
f 11089 11093 11407
f 11090 11407 11093
f 7416 11091 11092
f 7416 11090 11091
f 7518 11092 11121
f 7518 11121 11122
f 6870 10900 11138
f 6879 11138 10911
f 6880 10911 10912
f 6880 10912 10913
f 6882 10913 11139
f 6879 10911 6880
f 6880 10913 6881
f 6881 10913 6882
f 6882 11139 11141
f 11139 10914 11141
f 10914 10915 11140
f 10915 10916 11140
f 10916 10917 11143
f 10914 11140 11141
f 10916 11142 11140
f 10916 11143 11142
f 10917 10944 11144
f 10944 10945 11145
f 10945 10946 11145
f 10917 11144 11143
f 10944 11145 11144
f 10946 10948 11147
f 10948 10949 11148
f 10946 11146 11145
f 10946 11147 11146
f 10948 11148 11147
f 10949 11155 11148
f 10962 11156 11155
f 10962 11157 11156
f 10963 11158 11157
f 10964 11159 11158
f 10949 10961 11155
f 10961 10962 11155
f 10962 10963 11157
f 10963 10964 11158
f 10964 10965 11159
f 10965 10966 11159
f 10966 11160 11159
f 10966 10967 11162
f 10967 11003 11162
f 10966 11161 11160
f 10966 11162 11161
f 11003 11004 11185
f 11162 11003 11185
f 11004 11005 11186
f 11005 11006 11188
f 11004 11186 11185
f 11005 11187 11186
f 11005 11188 11187
f 11006 11007 11188
f 11007 11189 11188
f 11007 11008 11189
f 11008 11009 11197
f 11008 11197 11189
f 11009 11198 11197
f 11023 11203 11202
f 11203 11068 11389
f 11009 11020 11199
f 11020 11021 11199
f 11009 11199 11198
f 11021 11022 11200
f 11021 11200 11199
f 11022 11023 11201
f 11023 11024 11203
f 11022 11201 11200
f 11023 11202 11201
f 11024 11068 11203
f 11066 11390 11389
f 11067 11391 11390
f 11067 11069 11392
f 11069 11074 11392
f 11067 11392 11391
f 11074 11393 11396
f 11074 11396 11392
f 11076 11394 11393
f 11076 11395 11394
f 11066 11389 11068
f 11066 11067 11390
f 11087 11404 11406
f 11089 11407 11405
f 11089 11405 11404
f 11395 11087 11406
f 7415 11407 11090
f 7415 11090 7416
f 7416 11092 7417
f 7417 11092 7518
f 5861 5860 6467
f 6467 6480 6481
f 6467 6481 6470
f 6742 6743 6754
f 6743 6744 6754
f 6745 6762 6794
f 6723 6725 6750
f 6724 6750 6725
f 6723 6766 6747
f 6747 6766 6746
f 6724 6736 6751
f 6724 6751 6750
f 6723 6750 6753
f 6751 6736 6752
f 6723 6753 6766
f 6736 6737 6755
f 6737 6738 6756
f 6738 6739 6756
f 6739 6740 6758
f 6737 6756 6755
f 6752 6736 6755
f 6739 6758 6756
f 6740 6757 6758
f 6740 6759 6757
f 6740 6742 6759
f 6744 6793 6754
f 6744 6745 6793
f 6742 6754 6759
f 6745 6790 6793
f 6745 6794 6790
f 6762 6832 6794
f 6762 6763 6832
f 6763 6764 6832
f 6764 6803 6834
f 6804 6835 6803
f 6804 6805 6836
f 6805 6806 6836
f 6806 6807 6838
f 6808 6839 6807
f 6808 6809 6844
f 6809 6810 6844
f 6810 6811 6845
f 6811 6824 6847
f 6824 6825 6848
f 6825 6826 6848
f 6826 6827 6853
f 6827 6828 6854
f 6828 6829 6911
f 6829 6830 6911
f 6764 6834 6832
f 6803 6833 6834
f 6803 6835 6833
f 6804 6836 6835
f 6806 6838 6836
f 6807 6837 6838
f 6807 6839 6837
f 6808 6844 6839
f 6810 6845 6844
f 6811 6846 6845
f 6811 6847 6846
f 6824 6848 6847
f 6826 6853 6848
f 6827 6852 6853
f 6827 6854 6852
f 6828 6911 6854
f 6830 6831 6912
f 6831 6864 6914
f 6864 6915 6914
f 6864 6865 6915
f 6865 6866 6915
f 6868 6869 6932
f 6869 6870 6932
f 6866 6867 6917
f 6867 6868 6918
f 6866 6917 6915
f 6867 6916 6917
f 6867 6918 6916
f 6868 6932 6918
f 6870 6879 6934
f 6879 6880 6935
f 6870 6934 6932
f 6879 6933 6934
f 6879 6935 6933
f 6880 6936 6935
f 6880 6881 6936
f 6881 6882 6936
f 6882 11141 6938
f 6882 6938 6936
f 6937 6938 11141
f 6937 11141 6939
f 6830 6912 6911
f 6831 6913 6912
f 6831 6914 6913
f 7415 7429 11407
f 7427 11407 7429
f 7416 7417 7530
f 7415 7416 7530
f 7415 7430 7429
f 7415 7530 7430
f 7519 7528 7531
f 7519 7537 7528
f 7417 7518 7531
f 7518 7519 7531
f 7417 7529 7530
f 7417 7531 7529
f 7522 7523 7537
f 7519 7522 7537
f 7520 7538 7523
f 7523 7538 7536
f 7523 7536 7537
f 7520 7521 7538
f 7521 7547 7538
f 7557 7558 7546
f 7543 7548 7558
f 7543 7544 7548
f 7521 7546 7547
f 7558 7545 7546
f 7558 7548 7545
f 7544 7554 7548
f 7551 7552 7556
f 7549 7553 7552
f 7499 7549 7550
f 7544 7551 7556
f 7544 7556 7554
f 7552 7555 7556
f 7552 7553 7555
f 7499 7553 7549
f 7521 7557 7546
f 8943 8980 8277
f 8277 8950 8279
f 8278 8279 8950
f 8278 8952 8949
f 8280 8949 8953
f 8280 8953 8963
f 8943 8944 8980
f 8277 8980 8979
f 8277 8979 8950
f 8278 8950 8952
f 8949 8952 8951
f 8949 8951 8953
f 8280 8963 8304
f 8303 8304 8963
f 8303 8965 8305
f 8306 8305 8966
f 8303 8963 8965
f 8305 8965 8964
f 8305 8964 8966
f 8306 8966 8970
f 8306 8970 8308
f 8308 8970 8309
f 8309 8972 8310
f 8310 8973 8311
f 8311 9002 8312
f 8309 8970 8972
f 8310 8972 8971
f 8310 8971 8973
f 8311 8973 9002
f 8312 9002 8313
f 8313 9083 8348
f 8348 9084 8411
f 8313 9002 9083
f 8348 9083 9082
f 8348 9082 9084
f 8411 9085 8412
f 8411 9084 9085
f 8412 9085 8413
f 8413 9087 8414
f 8414 9088 8415
f 8415 9090 8416
f 8416 9090 8417
f 8413 9085 9087
f 8414 9087 9086
f 8414 9086 9088
f 8415 9088 9090
f 8417 9092 8426
f 8426 9093 8427
f 8427 9094 8428
f 8428 9094 8429
f 8417 9090 9092
f 8426 9092 9091
f 8426 9091 9093
f 8427 9093 9094
f 8429 9096 8430
f 8430 9097 8431
f 8431 9089 8432
f 8432 9089 8620
f 8429 9094 9096
f 8430 9096 9095
f 8430 9095 9097
f 8431 9097 9089
f 8521 8681 9512
f 8521 9334 8523
f 8523 9334 8524
f 8521 9512 9334
f 8524 9337 8525
f 8525 9338 8526
f 8525 9336 9338
f 8524 9334 9337
f 8525 9337 9336
f 8526 9339 8561
f 9339 8562 8561
f 9339 9370 8562
f 8526 9338 9339
f 8565 9368 8566
f 8562 9370 8563
f 8563 9371 8564
f 8563 9370 9369
f 8563 9369 9371
f 8564 9372 8565
f 8564 9371 9372
f 8565 9372 9368
f 8566 9368 8567
f 8567 9373 8570
f 8567 9368 9367
f 8567 9367 9373
f 8568 9375 8569
f 8569 9375 8785
f 9374 8785 9375
f 8568 8570 9376
f 8570 9373 9376
f 8568 9376 9375
f 8620 9447 8621
f 8621 9453 8622
f 8622 9448 8623
f 9089 9447 8620
f 8621 9447 9446
f 8621 9446 9453
f 8622 9453 9448
f 8623 9448 8624
f 8624 9450 8625
f 8625 9451 8626
f 8626 9452 8634
f 8624 9448 9450
f 8625 9450 9449
f 8625 9449 9451
f 8626 9451 9452
f 8635 9456 8636
f 9452 8635 8634
f 9452 9456 8635
f 8636 9454 8637
f 8637 9457 8638
f 8637 9454 9457
f 8636 9456 9455
f 8636 9455 9454
f 8638 9457 8639
f 8639 9459 8640
f 8639 9457 9459
f 8640 9459 9458
f 8640 9458 9460
f 8640 9460 8641
f 8641 9461 8679
f 8641 9460 9461
f 9461 8680 8679
f 8680 9511 8681
f 9461 9511 8680
f 8681 9511 9510
f 8681 9510 9512
f 9782 8860 8859
f 9781 9965 9782
f 8714 9780 8716
f 8716 9784 8717
f 8715 8717 9784
f 8715 9784 9783
f 8716 9780 9784
f 8715 9783 9785
f 8715 9785 8718
f 8718 9786 8859
f 8718 9785 9786
f 9782 8859 9786
f 8759 8786 9845
f 8760 9825 8767
f 8759 9825 8760
f 8759 9845 9825
f 8767 9825 9824
f 8767 9824 9826
f 8770 9830 8801
f 8766 8767 9826
f 8766 9826 9827
f 8769 9829 8770
f 8766 9827 8768
f 8768 9829 8769
f 8770 9829 9828
f 8770 9828 9830
f 8768 9827 9829
f 8785 9844 8786
f 9374 9844 8785
f 8786 9844 9845
f 8804 9854 9853
f 8801 9852 8802
f 8802 9854 8803
f 9830 9852 8801
f 8802 9852 9854
f 8803 9854 8804
f 8714 8804 9855
f 8804 9853 9855
f 8714 9855 9780
f 9939 9940 9949
f 9939 9971 9940
f 7550 9979 9945
f 9941 9944 9978
f 9944 9979 9978
f 9941 9942 9943
f 9945 9979 9946
f 7499 7550 9945
f 9944 9946 9979
f 9941 9943 9944
f 9947 9949 9952
f 9942 9948 9951
f 9947 9952 9948
f 9948 9952 9951
f 9942 9951 9950
f 9942 9950 9943
f 9949 9940 9952
f 9782 9965 8860
f 9965 9970 9968
f 9966 9968 9969
f 9939 9967 9972
f 9966 9969 9967
f 9968 9970 9969
f 9781 9970 9965
f 9967 9969 9972
f 9939 9972 9971
f 6939 11141 11140
f 7231 11140 11142
f 7231 11142 11143
f 11143 11144 11150
f 11144 11145 11151
f 6939 11140 7231
f 7231 11143 11150
f 11144 11149 11150
f 11144 11151 11149
f 11145 11146 11152
f 11146 11147 11152
f 11147 11148 11154
f 11148 11155 11163
f 11145 11152 11151
f 11147 11154 11152
f 11148 11163 11153
f 11148 11153 11154
f 11155 11156 11164
f 11156 11157 11164
f 11157 11158 11165
f 11157 11165 11164
f 11158 11166 11165
f 11155 11164 11163
f 11158 11159 11167
f 11158 11167 11166
f 11159 11160 11168
f 11160 11161 11168
f 11161 11162 11190
f 11159 11168 11167
f 11161 11190 11168
f 11188 11189 11196
f 11189 11197 11207
f 11162 11185 11192
f 11162 11191 11190
f 11162 11192 11191
f 11185 11186 11193
f 11186 11187 11195
f 11185 11193 11192
f 11187 11188 11195
f 11186 11195 11193
f 11188 11194 11195
f 11188 11196 11194
f 11189 11207 11196
f 11197 11198 11205
f 11198 11199 11205
f 11199 11200 11206
f 11200 11201 11209
f 11201 11202 11211
f 11202 11203 11210
f 11203 11389 11208
f 11197 11205 11207
f 11199 11204 11205
f 11199 11206 11204
f 11200 11209 11206
f 11202 11210 11211
f 11201 11211 11209
f 11203 11208 11210
f 11389 11390 11397
f 11390 11391 11399
f 11391 11392 11398
f 11392 11396 11400
f 11393 11401 11396
f 11393 11394 11403
f 11394 11395 11402
f 11395 11408 11402
f 11393 11403 11401
f 11394 11402 11403
f 11390 11399 11397
f 11391 11398 11399
f 11392 11400 11398
f 11208 11389 11397
f 11396 11401 11400
f 11395 11406 11408
f 7426 11408 11406
f 7426 11406 11404
f 7428 11404 11405
f 7427 11405 11407
f 7426 11404 7428
f 7427 7428 11405
f 6328 6329 6355
f 6329 6330 6354
f 6331 6359 6332
f 6332 6351 6335
f 6335 6351 6336
f 6333 6336 6352
f 6333 6474 6334
f 6328 6356 6344
f 6343 6344 6353
f 6331 6343 6360
f 6332 6359 6351
f 6333 6352 6474
f 6336 6351 6352
f 6344 6356 6353
f 6331 6360 6359
f 6343 6353 6360
f 6328 6355 6356
f 6329 6354 6355
f 6379 6380 6403
f 6380 6384 6404
f 6330 6379 6419
f 6372 6405 6384
f 6372 6395 6407
f 6396 6397 6409
f 6397 6398 6412
f 6398 6655 6413
f 6395 6396 6408
f 6330 6419 6354
f 6379 6403 6419
f 6380 6404 6403
f 6384 6405 6404
f 6372 6407 6405
f 6395 6408 6407
f 6396 6409 6408
f 6397 6412 6409
f 6398 6413 6412
f 6334 6473 6459
f 6458 6459 6478
f 6458 6475 6460
f 6460 6479 6461
f 6461 6480 6467
f 6461 6479 6480
f 6470 6482 6465
f 6470 6481 6482
f 6458 6478 6475
f 6460 6475 6479
f 6334 6474 6473
f 6459 6473 6478
f 6480 6488 6481
f 6481 6535 6482
f 6465 6527 6505
f 6505 6528 6506
f 6465 6482 6527
f 6505 6527 6528
f 6506 6531 6508
f 6508 6538 6512
f 6506 6528 6531
f 6508 6531 6538
f 6512 6519 6513
f 6513 6521 6516
f 6512 6538 6519
f 6513 6519 6521
f 6517 6516 6522
f 6517 8905 8903
f 6517 6522 8905
f 6516 6521 6522
f 6482 6534 6527
f 6527 6536 6528
f 6528 6537 6531
f 6655 6656 6681
f 6656 6657 6682
f 6657 6658 6685
f 6658 6669 6686
f 6669 6670 6693
f 6670 6671 6694
f 6670 6694 6693
f 6671 6679 6697
f 6671 6697 6694
f 6679 6678 6698
f 6679 6698 6697
f 6678 6765 6698
f 6413 6655 6681
f 6656 6682 6681
f 6657 6685 6682
f 6658 6686 6685
f 6669 6693 6686
f 6678 6746 6765
f 6746 6766 6765
f 6751 6752 6962
f 6752 6755 6962
f 6755 6756 6964
f 6756 6758 6968
f 6750 6957 6753
f 6750 6751 6957
f 6753 6957 6766
f 6751 6955 6957
f 6751 6962 6960
f 6751 6960 6955
f 6757 6968 6758
f 6757 6759 6968
f 6754 6793 6967
f 6790 6967 6793
f 6759 6754 6970
f 6790 6794 6967
f 6794 6832 7010
f 6754 6967 6965
f 6794 6966 6967
f 6794 7010 6966
f 6832 6834 7013
f 6833 7013 6834
f 6833 6835 7013
f 6836 7014 6835
f 6832 7011 7010
f 6832 7013 7011
f 6835 7012 7013
f 6836 6838 7018
f 6837 7018 6838
f 6836 7016 7014
f 6835 7014 7012
f 6836 7018 7016
f 6837 6839 7018
f 6839 6844 7019
f 6839 7017 7018
f 6839 7019 7017
f 6844 6845 6851
f 6845 6846 6851
f 6846 6847 6851
f 6847 6848 6895
f 6844 6849 7019
f 6844 6851 6849
f 6847 6850 6851
f 6847 6895 6850
f 6848 6853 6921
f 6852 6921 6853
f 6848 6919 6895
f 6852 6854 6921
f 6854 6911 6922
f 6911 6912 6925
f 6912 6913 6925
f 6913 6914 6925
f 6915 6926 6914
f 6915 6917 6943
f 6916 6943 6917
f 6916 6918 6943
f 6848 6921 6919
f 6854 6920 6921
f 6854 6922 6920
f 6911 6923 6922
f 6911 6925 6923
f 6914 6924 6925
f 6914 6926 6924
f 6915 6941 6926
f 6918 6932 6944
f 6932 6934 6947
f 6933 6947 6934
f 6936 6938 7243
f 6937 7243 6938
f 6933 6935 6947
f 6932 6947 6945
f 6935 6936 6948
f 6935 6946 6947
f 6935 6948 6946
f 6936 7241 6948
f 6915 6943 6941
f 6918 6942 6943
f 6918 6944 6942
f 6932 6945 6944
f 6755 6961 6962
f 6755 6964 6961
f 6756 6963 6964
f 6756 6968 6963
f 6759 6969 6968
f 6759 6970 6969
f 6754 6965 6970
f 6937 6939 7243
f 6939 7231 7244
f 6936 7243 7241
f 6939 7242 7243
f 6939 7244 7242
f 7231 11169 7244
f 7426 7431 11430
f 7426 7428 7433
f 7427 7433 7428
f 7427 7429 7434
f 7429 7430 7434
f 7426 7433 7431
f 7427 7434 7432
f 7427 7432 7433
f 7430 7533 7434
f 7499 9959 7553
f 7528 7532 7531
f 7430 7530 7535
f 7529 7535 7530
f 7529 7531 7532
f 7528 7539 7532
f 7430 7535 7533
f 7529 7534 7535
f 7529 7532 7534
f 7528 7537 7541
f 7536 7541 7537
f 7536 7538 7542
f 7538 7547 7542
f 7528 7541 7539
f 7536 7542 7540
f 7536 7540 7541
f 7545 7561 7546
f 7546 7561 7547
f 7547 7559 7542
f 7547 7561 7559
f 7545 7560 7561
f 7545 7548 7562
f 7548 7554 7562
f 7545 7562 7560
f 7555 7566 7556
f 7554 7556 7566
f 7554 7563 7562
f 7554 7566 7563
f 7555 7565 7566
f 7553 7564 7555
f 7555 7564 7565
f 7553 9959 7564
f 8903 8914 8904
f 8903 8905 8914
f 8904 8917 8909
f 8909 8918 8910
f 8910 8922 8908
f 8904 8914 8917
f 8909 8917 8918
f 8910 8918 8922
f 8908 8925 8923
f 8924 8976 8944
f 8923 8926 8924
f 8908 8922 8925
f 8923 8925 8926
f 8924 8926 8976
f 8944 8976 8980
f 8970 8966 9081
f 8970 9098 8972
f 8971 8972 9100
f 8971 9100 8973
f 8950 8987 8952
f 8979 8980 9045
f 8950 8979 9045
f 8951 8952 8985
f 8950 9045 8987
f 8951 8985 8953
f 8953 8986 8963
f 8963 8986 8965
f 8964 8965 8996
f 8964 8996 8966
f 8952 8983 8985
f 8953 8985 8984
f 8953 8984 8986
f 8952 8987 8983
f 8965 8986 8994
f 8970 9081 9098
f 8965 8994 8996
f 8966 8996 8995
f 8966 8995 9081
f 8972 9098 9100
f 8973 9102 9002
f 9002 9101 9083
f 9082 9083 9101
f 9082 9104 9084
f 9085 9106 9087
f 9086 9087 9106
f 9084 9105 9085
f 9086 9111 9088
f 9088 9112 9090
f 9090 9107 9092
f 9091 9092 9107
f 9091 9109 9093
f 9093 9113 9094
f 9094 9114 9096
f 9095 9096 9114
f 9095 9116 9097
f 9097 9466 9089
f 9094 9113 9114
f 9095 9114 9116
f 9097 9116 9115
f 9097 9115 9466
f 8973 9100 9099
f 8973 9099 9102
f 9002 9102 9101
f 9082 9101 9104
f 9084 9104 9103
f 9084 9103 9105
f 9085 9105 9106
f 9086 9106 9111
f 9088 9111 9110
f 9088 9110 9112
f 9090 9112 9107
f 9091 9107 9109
f 9093 9109 9108
f 9093 9108 9113
f 9334 9517 9337
f 9336 9337 9517
f 9336 9348 9338
f 9336 9517 9348
f 9338 9347 9349
f 9338 9348 9347
f 9338 9349 9339
f 9339 9378 9370
f 9339 9349 9378
f 9369 9380 9371
f 9371 9380 9379
f 9371 9379 9381
f 9369 9370 9378
f 9369 9378 9380
f 9371 9381 9372
f 9368 9372 9382
f 9367 9368 9382
f 9372 9381 9382
f 9367 9385 9373
f 9373 9386 9376
f 9373 9384 9386
f 9374 9848 9844
f 9375 9376 9383
f 9374 9375 9848
f 9376 9386 9383
f 9375 9383 9848
f 9367 9382 9385
f 9373 9385 9384
f 9089 9467 9447
f 9446 9447 9467
f 9446 9469 9453
f 9453 9470 9448
f 9089 9466 9467
f 9446 9467 9469
f 9453 9469 9468
f 9453 9468 9470
f 9448 9471 9450
f 9449 9450 9471
f 9449 9473 9451
f 9452 9451 9474
f 9449 9471 9473
f 9448 9470 9471
f 9451 9473 9472
f 9451 9472 9474
f 9452 9497 9456
f 9455 9456 9497
f 9454 9455 9499
f 9454 9500 9457
f 9452 9474 9497
f 9455 9497 9499
f 9454 9499 9498
f 9454 9498 9500
f 9457 9462 9459
f 9458 9459 9462
f 9458 9464 9460
f 9460 9465 9461
f 9457 9500 9462
f 9458 9462 9464
f 9460 9464 9463
f 9460 9463 9465
f 9461 9513 9511
f 9510 9511 9513
f 9510 9515 9512
f 9510 9513 9515
f 9334 9512 9516
f 9334 9516 9517
f 9461 9465 9513
f 9512 9515 9514
f 9512 9514 9516
f 9783 9784 9795
f 9783 9795 9785
f 9781 9798 9970
f 9785 9796 9786
f 9784 9860 9795
f 9785 9795 9794
f 9785 9794 9796
f 9782 9786 9796
f 9781 9782 9799
f 9782 9796 9797
f 9782 9797 9799
f 9781 9799 9798
f 9824 9851 9826
f 9824 9825 9851
f 9830 9842 9852
f 9827 9839 9829
f 9826 9839 9827
f 9828 9841 9830
f 9828 9829 9841
f 9826 9850 9839
f 9826 9851 9850
f 9829 9839 9843
f 9829 9843 9841
f 9830 9841 9840
f 9830 9840 9842
f 9844 9846 9845
f 9844 9847 9846
f 9844 9848 9847
f 9825 9845 9846
f 9825 9846 9849
f 9825 9849 9851
f 9852 9842 9854
f 9853 9854 9857
f 9853 9857 9855
f 9780 9855 9859
f 9780 9859 9784
f 9854 9842 9858
f 9854 9858 9857
f 9855 9857 9856
f 9784 9859 9860
f 9855 9856 9859
f 9940 9975 9952
f 9952 9975 9964
f 9943 9963 9944
f 9944 9960 9946
f 7499 9945 9957
f 9945 9946 9958
f 9946 9960 9958
f 7499 9957 9959
f 9945 9958 9957
f 9944 9963 9960
f 9943 9950 9961
f 9951 9952 9964
f 9950 9951 9962
f 9950 9962 9961
f 9951 9964 9962
f 9943 9961 9963
f 9969 9973 9972
f 9969 9970 9974
f 9798 9974 9970
f 9969 9974 9973
f 9940 9971 9976
f 9971 9972 9977
f 9971 9977 9976
f 9940 9976 9975
f 9972 9973 9977
f 7231 11150 11171
f 11149 11171 11150
f 11149 11151 11171
f 11151 11152 11172
f 7231 11171 11169
f 11151 11170 11171
f 11151 11172 11170
f 11152 11173 11172
f 11152 11154 11175
f 11153 11175 11154
f 11153 11163 11175
f 11163 11164 11176
f 11152 11175 11173
f 11163 11174 11175
f 11163 11176 11174
f 11164 11165 11179
f 11165 11166 11179
f 11166 11167 11179
f 11164 11177 11176
f 11164 11179 11177
f 11167 11178 11179
f 11167 11212 11178
f 11167 11168 11212
f 11168 11190 11215
f 11190 11191 11215
f 11191 11192 11215
f 11192 11193 11219
f 11193 11195 11218
f 11194 11218 11195
f 11194 11196 11218
f 11196 11207 11228
f 11207 11205 11232
f 11204 11232 11205
f 11204 11206 11232
f 11208 11409 11210
f 11209 11410 11230
f 11210 11409 11410
f 11206 11209 11233
f 11209 11230 11233
f 11209 11211 11410
f 11210 11410 11211
f 11168 11213 11212
f 11168 11215 11213
f 11192 11214 11215
f 11192 11219 11214
f 11193 11216 11219
f 11193 11218 11216
f 11196 11217 11218
f 11196 11228 11217
f 11207 11229 11228
f 11207 11232 11229
f 11206 11231 11232
f 11206 11233 11231
f 11208 11397 11411
f 11208 11411 11409
f 11397 11399 11414
f 11398 11414 11399
f 11398 11400 11413
f 11397 11412 11411
f 11397 11414 11412
f 11400 11401 11415
f 11398 11413 11414
f 11400 11415 11413
f 11401 11403 11429
f 11401 11427 11415
f 11401 11429 11427
f 11402 11408 11430
f 11402 11429 11403
f 7426 11430 11408
f 11402 11428 11429
f 11402 11430 11428
f 6353 6356 6366
f 6355 6430 6356
f 6354 6424 6355
f 6353 6368 6360
f 6359 6360 6367
f 6351 6359 6490
f 6352 6351 6490
f 6359 6367 6490
f 6360 6368 6367
f 6353 6366 6368
f 6356 6430 6366
f 6404 6405 6437
f 6412 6413 6689
f 6407 6408 6438
f 6405 6407 6436
f 6407 6438 6436
f 6409 6417 6408
f 6408 6417 6438
f 6409 6412 6418
f 6409 6418 6417
f 6412 6689 6418
f 6354 6419 6425
f 6403 6427 6419
f 6419 6427 6425
f 6354 6425 6424
f 6355 6424 6430
f 6403 6404 6426
f 6403 6426 6427
f 6404 6437 6426
f 6405 6436 6437
f 6425 6427 6457
f 6426 6455 6427
f 6424 6444 6430
f 6366 6430 6579
f 6366 6576 6368
f 6430 6444 6579
f 6366 6579 6576
f 6424 6425 6445
f 6427 6455 6457
f 6425 6457 6445
f 6424 6445 6444
f 6436 6438 6446
f 6426 6437 6456
f 6436 6451 6437
f 6437 6451 6456
f 6417 6447 6438
f 6417 6418 7119
f 6417 7119 6447
f 6436 6446 6451
f 6438 6447 6446
f 6426 6456 6455
f 6478 6499 6475
f 6473 6492 6478
f 6473 6474 6493
f 6478 6492 6499
f 6475 6500 6479
f 6479 6487 6480
f 6475 6499 6500
f 6479 6500 6487
f 6480 6487 6488
f 6481 6488 6535
f 6352 6491 6474
f 6352 6490 6491
f 6474 6491 6493
f 6473 6493 6492
f 6528 6536 6537
f 6482 6535 6534
f 6527 6534 6536
f 6531 6539 6538
f 6538 6545 6519
f 6531 6537 6539
f 6538 6539 6545
f 6519 6548 6521
f 6521 6549 6522
f 6519 6545 6548
f 6521 6548 6549
f 6488 6559 6535
f 6535 6560 6534
f 6534 6566 6536
f 6536 6563 6537
f 6537 6567 6539
f 6545 9178 6548
f 6548 9179 6549
f 6539 6568 6545
f 6539 6567 6568
f 6545 6568 9178
f 6548 9178 9179
f 6492 6493 6553
f 6490 6577 6491
f 6367 6577 6490
f 6367 6368 6578
f 6491 6584 6493
f 6492 6551 6499
f 6499 6552 6500
f 6487 6500 6554
f 6488 6487 6555
f 6535 6559 6560
f 6534 6560 6566
f 6536 6566 6563
f 6537 6563 6567
f 6368 6576 6578
f 6367 6578 6577
f 6413 6681 6690
f 6681 6682 6691
f 6682 6685 6692
f 6685 6686 6702
f 6413 6690 6689
f 6681 6691 6690
f 6682 6692 6691
f 6685 6702 6692
f 6690 6691 7123
f 6691 6692 7138
f 6686 6693 6703
f 6693 6694 6704
f 6694 6697 6705
f 6694 6705 6704
f 6697 6706 6705
f 6697 6698 6706
f 6698 6767 6706
f 6686 6703 6702
f 6693 6704 6703
f 6703 7137 6702
f 6692 6702 7136
f 6703 6704 7142
f 6704 6705 7143
f 6706 7157 6705
f 6704 7143 7142
f 6705 7157 7143
f 6698 6765 6767
f 6765 6766 6956
f 6765 6956 6767
f 6766 6957 6956
f 6926 6941 7064
f 6941 6943 7067
f 6942 7067 6943
f 6942 6944 7069
f 6945 7069 6944
f 6945 6947 7324
f 6946 7324 6947
f 6961 6993 6962
f 6960 6962 6998
f 6961 6964 6994
f 6960 7001 6955
f 6963 6968 6996
f 6963 6994 6964
f 6968 6969 6996
f 6969 6970 7025
f 6970 6965 7025
f 6961 6995 6993
f 6961 6994 6995
f 6963 6997 6994
f 6963 6996 6997
f 6969 7026 6996
f 6969 7025 7026
f 6706 6767 6983
f 6767 6956 6985
f 6957 7000 6956
f 6706 6983 7157
f 6767 6985 6983
f 6956 7000 6985
f 6955 7001 6957
f 6962 6993 6998
f 6960 6998 7001
f 6957 7001 7000
f 6965 6967 7020
f 6966 7020 6967
f 6966 7010 7021
f 7010 7011 7023
f 7011 7013 7024
f 7012 7024 7013
f 7012 7014 7043
f 7014 7016 7043
f 7016 7018 7039
f 7017 7039 7018
f 7017 7019 7041
f 7019 6849 7041
f 6965 7020 7027
f 6966 7022 7020
f 6966 7021 7022
f 7010 7023 7021
f 6965 7027 7025
f 7011 7024 7023
f 7012 7042 7024
f 7012 7043 7042
f 7016 7044 7043
f 7016 7039 7044
f 6849 6851 7055
f 6850 7055 6851
f 6849 7054 7041
f 6849 7055 7054
f 7017 7040 7039
f 7017 7041 7040
f 6895 6919 7057
f 6850 6895 7057
f 6850 7056 7055
f 6850 7057 7056
f 6919 6921 7070
f 6920 7070 6921
f 6920 6922 7072
f 6922 6923 7072
f 6923 6925 7063
f 6919 7070 7058
f 6919 7058 7057
f 6920 7071 7070
f 6920 7072 7071
f 6924 7063 6925
f 6924 6926 7064
f 6923 7063 7059
f 6923 7059 7072
f 6924 7065 7063
f 6924 7064 7065
f 6941 7066 7064
f 6942 7068 7067
f 6942 7069 7068
f 6941 7067 7066
f 6945 7327 7069
f 6418 6689 7120
f 6418 7120 7119
f 6690 7122 6689
f 6689 7122 7120
f 6690 7123 7122
f 6691 7138 7123
f 6692 7136 7138
f 6702 7137 7136
f 6703 7142 7137
f 6946 6948 7326
f 6948 7241 7326
f 7241 7243 11241
f 7242 11241 7243
f 7241 11242 7326
f 6945 7324 7327
f 6946 7325 7324
f 6946 7326 7325
f 7431 7433 11436
f 7432 11437 7433
f 7432 7434 11438
f 7433 11437 11436
f 7432 11438 11437
f 7434 7587 11438
f 7560 7603 7561
f 7559 7561 7609
f 7560 7562 7604
f 7564 7606 7565
f 7565 7605 7566
f 7563 7566 7608
f 7562 7563 7607
f 7533 7535 7590
f 7434 7533 7587
f 7533 7590 7587
f 7534 7588 7535
f 7532 7589 7534
f 7535 7588 7590
f 7532 7594 7589
f 7534 7589 7588
f 7532 7539 7594
f 7539 7593 7594
f 7540 7591 7541
f 7540 7542 7592
f 7539 7541 7593
f 7540 7592 7591
f 7541 7591 7593
f 7560 7604 7603
f 7561 7603 7609
f 7566 7605 7608
f 7564 10027 7606
f 7565 7606 7605
f 7563 7608 7607
f 7562 7607 7604
f 7542 7559 7610
f 7542 7610 7592
f 7559 7609 7610
f 8917 8933 8918
f 8918 8940 8922
f 8922 8939 8925
f 8925 9038 8926
f 6522 8927 8905
f 8905 8928 8914
f 8914 8928 8929
f 6522 6549 8927
f 8905 8927 8928
f 8917 8914 8929
f 8917 8929 8933
f 8918 8933 8940
f 6549 8936 8927
f 8927 8937 8928
f 6549 9179 8936
f 8927 8936 8937
f 8928 8938 8929
f 8928 8937 8938
f 8933 8929 9048
f 8929 8938 9048
f 8922 8940 8939
f 8925 8939 9038
f 8933 9049 8940
f 8940 9046 8939
f 8933 9048 9049
f 8926 9041 8976
f 8976 9042 8980
f 8976 9041 9042
f 8980 9042 9045
f 8983 9122 8985
f 8984 8985 9122
f 8986 9126 8994
f 8984 9126 8986
f 8926 9038 9041
f 8939 9051 9038
f 9038 9054 9041
f 9042 9041 9055
f 9038 9051 9054
f 9041 9054 9055
f 8983 8987 9125
f 9042 9124 9045
f 8987 9045 9125
f 9042 9055 9124
f 8940 9049 9046
f 8939 9046 9051
f 8994 9129 8996
f 8995 8996 9129
f 8995 9130 9081
f 9081 9130 9098
f 9098 9133 9100
f 9099 9100 9133
f 9101 9102 9135
f 9099 9135 9102
f 9098 9130 9132
f 9098 9132 9133
f 9101 9137 9104
f 9103 9104 9137
f 9103 9139 9105
f 9105 9139 9106
f 9099 9133 9134
f 9099 9134 9135
f 9101 9135 9136
f 9101 9136 9137
f 9103 9137 9138
f 9103 9138 9139
f 9107 9121 9109
f 9108 9109 9121
f 9108 9481 9113
f 9114 9113 9482
f 9106 9117 9111
f 9110 9111 9117
f 9110 9119 9112
f 9112 9120 9107
f 9112 9119 9120
f 9106 9139 9140
f 9106 9140 9117
f 9110 9117 9118
f 9110 9118 9119
f 9107 9120 9121
f 9108 9121 9480
f 9108 9480 9481
f 9113 9481 9482
f 8984 9122 9127
f 8983 9123 9122
f 8994 9128 9129
f 8994 9126 9128
f 8984 9127 9126
f 8983 9125 9123
f 9045 9124 9125
f 8995 9129 9131
f 8995 9131 9130
f 9382 9416 9385
f 9384 9418 9386
f 9384 9385 9416
f 9383 9386 9415
f 9349 9529 9378
f 9378 9530 9380
f 9379 9380 9530
f 9379 9409 9381
f 9381 9414 9382
f 9379 9408 9409
f 9379 9530 9408
f 9381 9409 9414
f 9384 9416 9417
f 9382 9414 9416
f 9384 9417 9418
f 9386 9418 9415
f 9114 9483 9116
f 9115 9116 9483
f 9115 9485 9466
f 9466 9496 9467
f 9467 9492 9469
f 9468 9469 9492
f 9468 9494 9470
f 9470 9495 9471
f 9471 9502 9473
f 9472 9473 9502
f 9471 9495 9502
f 9114 9482 9483
f 9115 9483 9484
f 9115 9484 9485
f 9466 9485 9496
f 9467 9496 9492
f 9468 9492 9493
f 9468 9493 9494
f 9470 9494 9495
f 9497 9506 9499
f 9498 9499 9506
f 9474 9505 9497
f 9472 9504 9474
f 9472 9502 9503
f 9472 9503 9504
f 9474 9504 9505
f 9497 9505 9506
f 9498 9508 9500
f 9500 9509 9462
f 9462 9524 9464
f 9463 9526 9465
f 9463 9464 9524
f 9462 9509 9524
f 9498 9506 9507
f 9498 9507 9508
f 9500 9508 9509
f 9465 9518 9513
f 9514 9515 9519
f 9514 9521 9516
f 9513 9519 9515
f 9463 9524 9525
f 9463 9525 9526
f 9465 9526 9518
f 9513 9518 9519
f 9514 9520 9521
f 9514 9519 9520
f 9516 9522 9517
f 9348 9517 9523
f 9347 9348 9523
f 9347 9528 9349
f 9517 9522 9523
f 9347 9523 9527
f 9347 9527 9528
f 9516 9521 9522
f 9349 9528 9529
f 9378 9529 9530
f 9794 9910 9796
f 9798 9799 10013
f 9797 10013 9799
f 9796 9908 9797
f 9797 9908 10013
f 9839 9885 9843
f 9840 9901 9842
f 9841 9843 9873
f 9840 9841 9873
f 9383 9881 9848
f 9847 9848 9881
f 9846 9847 9879
f 9846 9880 9849
f 9849 9884 9851
f 9850 9851 9884
f 9839 9850 9883
f 9857 9858 9903
f 9859 9907 9860
f 9856 9905 9859
f 9856 9857 9903
f 9842 9902 9858
f 9795 9860 9906
f 9794 9795 9906
f 9843 9885 9873
f 9840 9900 9901
f 9840 9873 9900
f 9847 9881 9878
f 9847 9878 9879
f 9849 9880 9884
f 9846 9879 9880
f 9383 9415 9881
f 9850 9884 9882
f 9850 9882 9883
f 9839 9883 9885
f 9856 9903 9904
f 9856 9904 9905
f 9859 9905 9907
f 9842 9901 9902
f 9858 9902 9903
f 9860 9907 9906
f 9794 9906 9909
f 9794 9909 9910
f 9796 9910 9908
f 9957 10028 9959
f 9957 9958 9988
f 9958 9960 9988
f 9961 9994 9963
f 9962 9964 9991
f 9961 9962 9991
f 9960 9963 9994
f 9973 9974 10012
f 9973 10008 9977
f 9976 9977 10008
f 9964 9975 10006
f 9975 9976 10006
f 9798 10012 9974
f 7564 9959 10028
f 9957 9989 10028
f 9960 9993 9988
f 9957 9988 9989
f 9964 9990 9991
f 9961 9991 9992
f 9961 9992 9994
f 9960 9994 9993
f 9973 10012 10007
f 9976 10009 10006
f 9976 10008 10009
f 9973 10007 10008
f 9798 10013 10010
f 9798 10010 10011
f 9798 10011 10012
f 9964 10006 9990
f 7564 10028 10027
f 7241 11241 11242
f 7244 11169 11244
f 11169 11171 11254
f 11170 11254 11171
f 7242 7244 11244
f 7242 11244 11243
f 7242 11243 11241
f 11169 11253 11244
f 11169 11254 11253
f 11170 11172 11256
f 11172 11173 11180
f 11173 11175 11181
f 11174 11182 11175
f 11170 11255 11254
f 11170 11256 11255
f 11172 11180 11256
f 11173 11181 11180
f 11176 11183 11174
f 11176 11177 11184
f 11177 11179 11220
f 11177 11220 11184
f 11175 11182 11181
f 11174 11183 11182
f 11176 11184 11183
f 11212 11213 11223
f 11213 11215 11225
f 11214 11226 11215
f 11214 11219 11227
f 11219 11216 11224
f 11178 11221 11179
f 11178 11212 11222
f 11179 11221 11220
f 11178 11222 11221
f 11212 11223 11222
f 11213 11225 11223
f 11215 11226 11225
f 11214 11227 11226
f 11219 11224 11227
f 11216 11218 11234
f 11217 11235 11218
f 11217 11228 11236
f 11229 11237 11228
f 11229 11232 11238
f 11231 11239 11232
f 11231 11233 11240
f 11229 11238 11237
f 11232 11239 11238
f 11230 11419 11233
f 11231 11240 11239
f 11233 11419 11240
f 11216 11234 11224
f 11217 11236 11235
f 11218 11235 11234
f 11228 11237 11236
f 11411 11412 11423
f 11230 11410 11420
f 11409 11421 11410
f 11409 11411 11422
f 11230 11420 11419
f 11410 11421 11420
f 11409 11422 11421
f 11411 11423 11422
f 11412 11414 11416
f 11413 11417 11414
f 11413 11415 11418
f 11415 11427 11431
f 11414 11417 11416
f 11413 11418 11417
f 11415 11431 11418
f 11412 11416 11423
f 11427 11429 11432
f 11428 11433 11429
f 11428 11430 11434
f 7431 11435 11430
f 11427 11432 11431
f 11428 11434 11433
f 11430 11435 11434
f 11429 11433 11432
f 7431 11436 11435
f 6493 6584 6553
f 6491 6577 6584
f 6487 6554 6555
f 6500 6552 6554
f 6492 6553 6551
f 6499 6551 6552
f 6488 6555 6559
f 6555 6602 6559
f 6559 6610 6560
f 6560 6611 6566
f 6566 6613 6563
f 6563 6612 6567
f 6567 9183 6568
f 6993 6995 7073
f 6994 7073 6995
f 6993 7176 6998
f 6998 7176 7001
f 7027 7020 7085
f 6996 7074 6997
f 6996 7026 7079
f 7025 7079 7026
f 6994 6997 7074
f 7025 7027 7085
f 7020 7022 7083
f 7022 7021 7083
f 6994 7075 7073
f 6993 7073 7174
f 6994 7074 7075
f 6996 7079 7082
f 6996 7082 7074
f 6993 7174 7176
f 7044 7039 7105
f 7039 7040 7104
f 7040 7041 7104
f 7041 7054 7112
f 7055 7112 7054
f 7055 7056 7111
f 7056 7057 7111
f 7057 7058 7115
f 7058 7070 7115
f 7070 7071 7116
f 7071 7072 7116
f 7072 7059 7359
f 7057 7115 7114
f 7059 7063 7359
f 7063 7065 11245
f 7064 11247 7065
f 7064 7066 11248
f 7066 7067 11248
f 7070 7116 7115
f 7072 7118 7116
f 7072 7117 7118
f 7072 7359 7117
f 7063 11245 7359
f 7025 7081 7079
f 7023 7024 7103
f 7021 7023 7103
f 7024 7042 7099
f 7042 7043 7099
f 7043 7044 7105
f 7025 7080 7081
f 7025 7085 7080
f 7020 7083 7085
f 7021 7084 7083
f 7021 7102 7084
f 7021 7103 7102
f 7024 7099 7103
f 7043 7100 7099
f 7043 7101 7100
f 7043 7105 7101
f 7039 7104 7105
f 7041 7106 7107
f 7041 7112 7106
f 7041 7107 7104
f 7055 7111 7112
f 7057 7113 7111
f 7057 7114 7113
f 7067 7068 11249
f 7068 7069 11251
f 7065 11247 11245
f 7064 11246 11247
f 7064 11248 11246
f 7588 11452 7590
f 7588 7589 11452
f 7589 7594 11453
f 7593 11455 7594
f 7594 11455 11453
f 7607 7608 7627
f 7608 10036 7627
f 7592 7610 7622
f 7610 7609 7621
f 7591 7620 7593
f 7591 7592 7620
f 7603 7604 7624
f 7603 7624 7609
f 7604 7607 7625
f 7604 7625 7626
f 7604 7626 7624
f 7607 7627 7625
f 7592 7623 7620
f 7592 7622 7623
f 7593 7620 11455
f 7610 7621 7622
f 7609 7624 7621
f 9129 9142 9131
f 9130 9131 9142
f 9133 9132 9147
f 9133 9153 9134
f 9126 9127 9157
f 9122 9160 9127
f 9126 9158 9128
f 9122 9123 9176
f 9128 9158 9129
f 9130 9147 9132
f 9130 9142 9148
f 9130 9148 9147
f 9126 9157 9159
f 9126 9159 9158
f 9127 9160 9157
f 9129 9170 9142
f 9129 9158 9170
f 9134 9153 9135
f 9136 9154 9137
f 9135 9154 9136
f 9137 9150 9138
f 9138 9150 9139
f 9139 9151 9140
f 9117 9558 9118
f 9118 9558 9119
f 9119 9559 9120
f 9121 9120 9559
f 9117 9140 9151
f 9133 9147 9149
f 9133 9149 9153
f 9135 9153 9155
f 9135 9155 9154
f 9137 9154 9156
f 9137 9156 9150
f 9139 9152 9151
f 9117 9151 9557
f 9117 9557 9558
f 9139 9150 9152
f 9123 9125 9176
f 9122 9176 9160
f 6568 9184 9178
f 9417 10182 9418
f 9416 10182 9417
f 9483 9575 9484
f 9484 9575 9485
f 9485 9576 9496
f 9496 9576 9492
f 9492 9578 9493
f 9493 9578 9494
f 9494 9582 9495
f 9502 9495 9582
f 9502 9579 9503
f 9503 9579 9504
f 9507 9666 9508
f 9508 9668 9509
f 9504 9580 9505
f 9505 9580 9506
f 9506 9666 9507
f 9506 9580 9667
f 9506 9667 9666
f 9509 9668 9524
f 9524 9654 9525
f 9525 9654 9526
f 9526 9655 9518
f 9508 9666 9669
f 9508 9669 9668
f 9524 9648 9654
f 9524 9668 9648
f 9521 9531 9522
f 9523 9522 9531
f 9519 9533 9520
f 9520 9533 9521
f 9518 9655 9519
f 9519 9655 9657
f 9526 9654 9656
f 9526 9656 9655
f 9519 9657 9533
f 9521 9533 9532
f 9521 9532 9531
f 9408 9530 9537
f 9408 9537 9409
f 9409 9538 9414
f 9414 9538 9416
f 9523 9535 9527
f 9527 9535 9528
f 9528 9540 9529
f 9523 9534 9535
f 9529 9540 9530
f 9528 9535 9541
f 9528 9541 9540
f 9530 9540 9536
f 9523 9531 9534
f 9409 9537 9539
f 9409 9539 9538
f 9530 9536 9537
f 9416 10181 10182
f 9416 9538 10181
f 9121 9562 9480
f 9480 9562 9481
f 9481 9554 9482
f 9482 9554 9483
f 9121 9559 9561
f 9119 9558 9560
f 9119 9560 9559
f 9121 9561 9562
f 9481 9562 9555
f 9481 9555 9554
f 9483 9556 9575
f 9485 9575 9577
f 9485 9577 9576
f 9483 9554 9556
f 9504 9579 9581
f 9504 9581 9580
f 9492 9576 9574
f 9492 9574 9578
f 9494 9578 9583
f 9494 9583 9582
f 9502 9582 9584
f 9502 9584 9579
f 9415 9418 10179
f 9415 10179 9881
f 9878 9881 9895
f 9878 9895 9879
f 9879 9896 9880
f 9882 9884 9899
f 9880 9896 9884
f 9883 9926 9885
f 9873 9885 9926
f 9882 9899 9883
f 9418 10182 10180
f 9418 10180 10179
f 9879 9895 9897
f 9881 10179 9893
f 9881 9893 9895
f 9884 9898 9899
f 9883 9899 9927
f 9883 9927 9926
f 9879 9897 9896
f 9884 9896 9898
f 9873 9928 9900
f 9900 9928 9901
f 9901 9931 9902
f 9903 9921 9904
f 9904 9921 9905
f 9903 9902 9931
f 9903 9931 9930
f 9903 9929 9921
f 9903 9930 9929
f 9906 9907 9923
f 9908 10055 10013
f 9908 9910 10055
f 9906 9919 9909
f 9909 9919 9910
f 9906 9924 9919
f 9910 9919 10055
f 9905 9923 9907
f 9905 9921 9923
f 9906 9922 9924
f 9906 9923 9922
f 9873 9925 9928
f 9901 9928 9931
f 9873 9926 9925
f 9991 10022 9992
f 9992 10021 9994
f 9993 9994 10043
f 10008 10026 10009
f 10007 10024 10008
f 10010 10059 10011
f 10011 10058 10012
f 10010 10013 10057
f 10007 10012 10019
f 10007 10019 10024
f 10012 10058 10019
f 10011 10059 10058
f 10010 10057 10059
f 9990 10023 9991
f 9990 10006 10020
f 10006 10009 10025
f 10006 10025 10020
f 9992 10022 10021
f 9991 10023 10022
f 9994 10021 10043
f 9990 10020 10023
f 10008 10024 10026
f 10009 10026 10025
f 9989 10032 10028
f 10027 10028 10035
f 7605 7606 10036
f 7605 10036 7608
f 7606 10027 10031
f 7606 10031 10029
f 7606 10030 10036
f 7606 10029 10030
f 10027 10035 10031
f 9988 10033 9989
f 9993 10034 9988
f 9988 10034 10033
f 10028 10032 10035
f 9989 10033 10032
f 9993 10043 10034
f 10013 10055 10054
f 10013 10054 10056
f 10013 10056 10057
f 11220 11221 11309
f 11221 11222 11310
f 11222 11223 11328
f 11223 11225 11328
f 11225 11226 11325
f 11235 11330 11234
f 11236 11237 11464
f 11237 11238 11464
f 11238 11239 11465
f 11226 11227 11327
f 11227 11224 11329
f 11224 11234 11329
f 11235 11236 11332
f 11234 11330 11329
f 11235 11332 11330
f 11236 11331 11332
f 11236 11464 11331
f 7069 7327 11252
f 7327 7324 11252
f 7326 11242 11262
f 7324 7325 11259
f 7325 7326 11260
f 11241 11262 11242
f 7067 11249 11248
f 7068 11251 11249
f 7069 11250 11251
f 7069 11252 11250
f 7324 11259 11252
f 7325 11260 11259
f 7326 11261 11260
f 7326 11262 11261
f 11254 11266 11253
f 11254 11255 11267
f 11241 11243 11263
f 11243 11244 11265
f 11244 11253 11266
f 11241 11263 11262
f 11243 11265 11263
f 11244 11264 11265
f 11244 11266 11264
f 11255 11256 11258
f 11256 11180 11304
f 11182 11305 11181
f 11180 11181 11304
f 11254 11267 11266
f 11255 11258 11267
f 11256 11257 11258
f 11256 11304 11257
f 11182 11183 11307
f 11183 11184 11308
f 11184 11220 11308
f 11182 11307 11305
f 11183 11306 11307
f 11183 11308 11306
f 11181 11305 11304
f 11220 11309 11308
f 11221 11310 11309
f 11222 11311 11310
f 11222 11328 11311
f 11225 11325 11328
f 11226 11327 11325
f 11227 11326 11327
f 11227 11329 11326
f 11239 11240 11466
f 11240 11419 11468
f 11419 11420 11468
f 11420 11421 11424
f 11421 11422 11426
f 11422 11423 11445
f 11423 11416 11445
f 11421 11426 11424
f 11422 11425 11426
f 11422 11445 11425
f 11238 11465 11464
f 11239 11466 11465
f 11240 11467 11466
f 11240 11468 11467
f 11420 11424 11468
f 11416 11417 11446
f 11417 11418 11439
f 11418 11431 11441
f 11417 11439 11446
f 11418 11440 11439
f 11432 11441 11431
f 11418 11441 11440
f 11416 11446 11445
f 11432 11433 11442
f 11433 11434 11444
f 11434 11435 11450
f 11435 11436 11450
f 11432 11442 11441
f 11433 11444 11442
f 11434 11443 11444
f 11434 11450 11443
f 11436 11437 11451
f 11437 11438 11448
f 7587 11447 11438
f 7587 7590 11449
f 11437 11448 11451
f 11438 11447 11448
f 11436 11451 11450
f 7587 11449 11447
f 7590 11452 11449
f 7589 11454 11452
f 7589 11453 11454
f 6445 6457 6599
f 6455 6597 6457
f 6456 6451 7128
f 6446 7129 6451
f 6455 6456 6596
f 6455 6596 6597
f 6456 7128 6596
f 6554 6606 6555
f 6577 6578 6593
f 6444 6595 6579
f 6576 6601 6578
f 6576 6579 6600
f 6576 6600 6601
f 6577 6593 6584
f 6553 6584 6594
f 6553 6619 6551
f 6551 6603 6552
f 6551 6619 6603
f 6584 6593 6594
f 6578 6601 6593
f 6553 6594 6619
f 6444 6445 6598
f 6445 6599 6598
f 6579 6595 6600
f 6444 6598 6595
f 6457 6597 6599
f 6552 6605 6554
f 6552 6603 6605
f 6554 6605 6606
f 6555 6606 6602
f 6559 6602 6610
f 6560 6610 6611
f 6566 6611 6613
f 6563 6613 6612
f 6567 6612 9183
f 6611 6610 6625
f 6611 9245 6613
f 6602 6606 6624
f 6602 6626 6610
f 6605 6627 6628
f 7001 7175 7000
f 7079 7081 7190
f 7083 7191 7085
f 7080 7190 7081
f 7080 7085 7190
f 7114 7115 11275
f 7111 11273 7112
f 7111 7113 11275
f 7113 7114 11275
f 7099 7188 7103
f 7099 7100 11682
f 7083 7084 7187
f 7084 7102 7187
f 7102 7103 7187
f 7083 7187 7184
f 7104 11268 7105
f 7100 7101 11682
f 7101 7105 11682
f 7103 7186 7187
f 7103 7188 7186
f 7104 7107 11271
f 7106 11271 7107
f 7106 7112 11271
f 7104 11269 11268
f 7104 11271 11269
f 7099 11682 7185
f 7099 7185 7188
f 7105 11681 11682
f 7105 11268 11681
f 7123 7148 7122
f 7119 7120 7130
f 7120 7122 7147
f 6446 6447 7131
f 6447 7119 7132
f 6446 7131 7129
f 6447 7132 7131
f 6451 7129 7128
f 7119 7130 7132
f 7120 7147 7130
f 7122 7148 7147
f 7123 7138 7146
f 7138 7136 7152
f 7136 7137 7154
f 7137 7142 7169
f 7142 7143 7170
f 7137 7169 7154
f 7142 7170 7169
f 7123 7146 7148
f 7138 7152 7146
f 7136 7154 7152
f 7143 7157 7159
f 6983 6985 7162
f 7157 6983 7163
f 7143 7159 7170
f 7157 7163 7159
f 6985 7000 7165
f 6983 7162 7163
f 6985 7165 7162
f 7000 7175 7165
f 7001 7176 7175
f 7074 7182 7075
f 7074 7082 7182
f 7079 7183 7082
f 7073 7075 7193
f 7073 7193 7174
f 7174 7193 7176
f 7079 7190 7180
f 7079 7180 7183
f 7085 7189 7190
f 7085 7191 7189
f 7083 7184 7191
f 7075 7182 7179
f 7082 7181 7182
f 7075 7179 7192
f 7082 7183 7181
f 7075 7192 7193
f 7624 7626 11899
f 7625 11901 7626
f 7625 7627 11901
f 7621 11580 7622
f 7621 7624 11581
f 7624 11899 11581
f 9049 9048 9196
f 9049 9198 9046
f 9046 9197 9051
f 9055 9054 9161
f 9051 9261 9054
f 9051 9197 9261
f 9055 9162 9124
f 9054 9261 9161
f 9125 9124 9163
f 9124 9162 9163
f 9125 9163 9176
f 9055 9161 9162
f 9158 9159 9604
f 9142 9170 9605
f 9158 9604 9170
f 9157 9609 9159
f 9142 9605 9148
f 9147 9148 9606
f 9147 9606 9149
f 9149 9608 9153
f 9153 9595 9155
f 9154 9155 9597
f 9148 9602 9606
f 9148 9605 9602
f 9157 9160 10597
f 9160 9176 10597
f 9159 9177 9604
f 9159 9609 9177
f 9157 10597 9609
f 9170 9604 9603
f 9170 9603 9605
f 9179 9178 9185
f 9179 9186 8936
f 6568 9183 9184
f 9178 9184 9185
f 8936 9190 8937
f 8937 9192 8938
f 9179 9185 9186
f 8936 9186 9190
f 8937 9190 9192
f 6613 9246 6612
f 6612 9247 9183
f 9183 9248 9184
f 9184 9260 9185
f 9185 9217 9186
f 9185 9260 9217
f 8938 9193 9048
f 8938 9192 9193
f 9048 9193 9196
f 9049 9196 9198
f 9046 9198 9197
f 9186 9217 9218
f 9539 9537 10195
f 9536 10195 9537
f 9150 9598 9152
f 9156 9601 9150
f 9558 9557 9631
f 9151 9600 9557
f 9151 9152 9600
f 9561 9630 9562
f 9562 9639 9555
f 9558 9627 9560
f 9559 9560 9627
f 9559 9628 9561
f 9559 9627 9628
f 9578 9673 9583
f 9582 9583 9673
f 9582 9676 9584
f 9584 9677 9579
f 9554 9555 9639
f 9554 9641 9556
f 9556 9642 9575
f 9575 9585 9577
f 9576 9587 9574
f 9576 9577 9585
f 9561 9628 9629
f 9561 9629 9630
f 9562 9630 9639
f 9554 9639 9641
f 9556 9640 9642
f 9556 9641 9640
f 9574 9674 9578
f 9576 9585 9587
f 9574 9587 9586
f 9574 9586 9674
f 9578 9674 9673
f 9575 9642 9585
f 9154 9597 9156
f 9155 9595 9597
f 9156 9597 9596
f 9156 9596 9601
f 9149 9606 9607
f 9149 9607 9608
f 9153 9608 9595
f 9152 9598 9600
f 9557 9599 9631
f 9557 9600 9599
f 9150 9601 9598
f 9558 9631 9627
f 9580 9581 9679
f 9580 9681 9667
f 9579 9677 9581
f 9667 9682 9666
f 9666 9682 9669
f 9648 9707 9654
f 9654 9707 9656
f 9655 9656 9708
f 9655 9699 9657
f 9668 9669 9678
f 9648 9668 9706
f 9669 9682 9678
f 9668 9678 9706
f 9648 9706 9705
f 9648 9705 9707
f 9581 9677 9679
f 9580 9679 9681
f 9667 9681 9680
f 9584 9676 9675
f 9584 9675 9677
f 9582 9673 9676
f 9667 9680 9682
f 9533 9701 9532
f 9657 9701 9533
f 9531 9532 9700
f 9534 9531 9704
f 9535 9702 9541
f 9540 9541 9702
f 9536 9540 10193
f 9534 9702 9535
f 9534 9704 9703
f 9534 9703 9702
f 9536 10196 10195
f 9540 9702 10194
f 9540 10194 10193
f 9536 10193 10196
f 9656 9707 9708
f 9655 9708 9699
f 9657 9699 9698
f 9657 9698 9701
f 9532 9701 9700
f 9531 9700 9704
f 9895 10200 9897
f 9896 10206 9898
f 9896 9897 10206
f 9899 9898 10207
f 9922 9923 10071
f 9922 10071 9924
f 9925 10113 9928
f 9928 10113 9931
f 9899 10207 9927
f 9926 9927 10115
f 9925 9926 10115
f 9898 10206 10205
f 9898 10205 10207
f 9927 10207 10105
f 9927 10105 10115
f 9925 10115 10114
f 9925 10114 10113
f 9930 9931 10111
f 9929 9930 10111
f 9921 9929 10112
f 9921 10112 9923
f 9931 10113 10116
f 9929 10111 10110
f 9931 10116 10111
f 9923 10069 10071
f 9923 10112 10069
f 9929 10110 10112
f 10019 10067 10024
f 10025 10026 10046
f 10020 10025 10045
f 10020 10047 10023
f 10024 10064 10026
f 10026 10064 10046
f 10025 10046 10045
f 10020 10045 10047
f 10031 10035 10038
f 10032 10033 10052
f 10032 10051 10035
f 10033 10034 10053
f 10032 10052 10051
f 7627 10036 10037
f 10030 10039 10036
f 10029 10031 10041
f 10029 10041 10030
f 7626 11901 11899
f 7627 11900 11901
f 7627 10037 11900
f 10036 10039 10037
f 10031 10038 10042
f 10031 10040 10041
f 10031 10042 10040
f 10030 10041 10039
f 10035 10051 10038
f 10034 10043 10044
f 10022 10023 10050
f 10021 10022 10049
f 10021 10048 10043
f 10043 10048 10044
f 10022 10050 10049
f 10021 10049 10048
f 10034 10044 10053
f 10033 10053 10052
f 10023 10047 10050
f 10054 10062 10056
f 10057 10063 10059
f 10056 10068 10057
f 10054 10055 10072
f 9919 9924 10072
f 9919 10072 10055
f 9924 10071 10070
f 9924 10070 10072
f 10054 10072 10060
f 10056 10062 10061
f 10054 10060 10062
f 10056 10061 10068
f 10019 10058 10065
f 10058 10059 10066
f 10058 10066 10065
f 10019 10065 10067
f 10059 10063 10066
f 10057 10068 10063
f 10024 10067 10064
f 9538 9539 10195
f 9538 10192 10181
f 10182 10201 10180
f 10179 10180 10201
f 9893 10179 10199
f 10181 10201 10182
f 9893 10200 9895
f 9897 10200 10204
f 9897 10204 10206
f 9538 10195 10190
f 9538 10190 10192
f 10181 10192 10191
f 10181 10191 10201
f 9893 10198 10200
f 10179 10201 10197
f 10179 10197 10199
f 9893 10199 10198
f 7112 11270 11271
f 11250 11290 11251
f 11250 11252 11290
f 11252 11259 11292
f 11260 11261 11289
f 11261 11262 11289
f 11259 11260 11289
f 11264 11266 11372
f 11263 11365 11262
f 11263 11265 11372
f 11264 11372 11265
f 11263 11364 11365
f 7117 11279 7118
f 7117 7359 11279
f 7359 11245 11280
f 7116 11276 7115
f 7116 7118 11279
f 7116 11277 11276
f 11246 11284 11247
f 11246 11248 11284
f 11245 11247 11284
f 11248 11249 11286
f 11249 11251 11290
f 7116 11279 11277
f 7359 11278 11279
f 7359 11280 11278
f 11245 11284 11282
f 11245 11282 11280
f 11248 11283 11284
f 11248 11286 11283
f 7111 11272 11273
f 7111 11275 11272
f 7112 11273 11270
f 7115 11274 11275
f 7115 11276 11274
f 11249 11290 11285
f 11249 11285 11286
f 11252 11291 11290
f 11252 11292 11291
f 11259 11289 11287
f 11259 11287 11292
f 11262 11288 11289
f 11262 11365 11288
f 11308 11309 11349
f 11266 11267 11373
f 11267 11258 11343
f 11257 11343 11258
f 11305 11344 11304
f 11257 11304 11343
f 11263 11372 11364
f 11266 11371 11372
f 11266 11373 11371
f 11267 11341 11373
f 11267 11343 11341
f 11305 11307 11348
f 11306 11308 11348
f 11306 11348 11307
f 11305 11346 11344
f 11305 11348 11346
f 11308 11347 11348
f 11304 11342 11343
f 11304 11344 11342
f 11310 11350 11309
f 11310 11311 11350
f 11311 11328 11350
f 11328 11325 11352
f 11325 11327 11500
f 11326 11500 11327
f 11329 11500 11326
f 11325 11500 11353
f 11329 11330 11501
f 11329 11499 11500
f 11329 11501 11499
f 11309 11345 11349
f 11308 11349 11347
f 11309 11350 11345
f 11328 11352 11351
f 11328 11351 11350
f 11325 11353 11352
f 11439 11440 11488
f 11440 11441 11488
f 11441 11442 11567
f 11442 11444 11563
f 11443 11565 11444
f 11443 11450 11565
f 11450 11451 11566
f 11448 11568 11451
f 11452 11454 11575
f 11453 11578 11454
f 11447 11449 11570
f 11447 11570 11448
f 11449 11452 11571
f 11448 11570 11568
f 11449 11569 11570
f 11452 11575 11571
f 11449 11571 11569
f 7620 11576 11455
f 11453 11455 11578
f 7620 7623 11582
f 7622 11580 7623
f 7620 11582 11576
f 11454 11578 11575
f 11455 11576 11577
f 11455 11577 11578
f 7621 11579 11580
f 7621 11581 11579
f 7623 11580 11582
f 11330 11332 11504
f 11331 11504 11332
f 11331 11464 11504
f 11464 11465 11495
f 11465 11466 11496
f 11330 11502 11501
f 11330 11504 11502
f 11464 11503 11504
f 11464 11495 11503
f 11468 11424 11505
f 11424 11426 11482
f 11466 11467 11498
f 11467 11468 11498
f 11465 11496 11495
f 11466 11498 11496
f 11468 11497 11498
f 11468 11505 11497
f 11425 11484 11426
f 11425 11445 11484
f 11439 11486 11446
f 11445 11446 11485
f 11424 11482 11505
f 11426 11484 11482
f 11445 11485 11483
f 11445 11483 11484
f 11439 11488 11486
f 11441 11487 11488
f 11441 11567 11487
f 11446 11486 11485
f 11444 11565 11563
f 11450 11564 11565
f 11442 11563 11567
f 11450 11566 11564
f 11451 11568 11566
f 6598 6599 7671
f 6600 7725 6601
f 6593 6601 6620
f 6593 6620 6594
f 6595 6598 7673
f 6595 7670 6600
f 6601 7725 6620
f 6595 7673 7670
f 6600 7670 7725
f 6603 6627 6605
f 6606 6605 6628
f 6594 6622 6619
f 6603 6619 6621
f 6603 6621 6627
f 6619 6622 6621
f 6594 6620 6622
f 6606 6628 6624
f 6602 6624 6626
f 6610 6626 6625
f 6611 6625 9245
f 6624 6628 10473
f 6626 6624 10475
f 6627 7748 6628
f 7130 7147 7704
f 7148 7700 7147
f 7146 7152 7199
f 7152 7154 7200
f 7146 7868 7148
f 7132 7696 7131
f 7130 7703 7132
f 7147 7700 7704
f 7148 7868 7700
f 7146 7199 7868
f 7154 7169 7171
f 7170 7172 7169
f 7152 7200 7199
f 7169 7172 7171
f 7154 7171 7200
f 7159 7163 7197
f 7170 7159 7173
f 7163 7162 7194
f 7159 7197 7173
f 7163 7194 7197
f 7170 7173 7172
f 7165 7175 7195
f 7165 7196 7162
f 7175 7176 7198
f 7175 7198 7195
f 7176 7193 7198
f 7179 7182 11699
f 7162 7196 7194
f 7165 7195 7196
f 6596 7128 7677
f 6597 7675 6599
f 6596 7674 6597
f 6597 7674 7675
f 7128 7129 7695
f 7129 7131 7694
f 7129 7694 7695
f 7128 7695 7677
f 6596 7677 7674
f 6599 7675 7671
f 6598 7671 7673
f 7674 7761 7675
f 7671 7675 7753
f 7132 7703 7696
f 7131 7696 7694
f 7130 7704 7703
f 7694 7696 7890
f 7703 7704 7888
f 7703 7889 7696
f 7694 7893 7695
f 7674 7677 7762
f 7677 7695 7723
f 7674 7762 7761
f 7696 7889 7890
f 7694 7890 7893
f 7695 7893 7723
f 7677 7723 7762
f 7723 7893 7762
f 7670 7766 7725
f 6620 7725 7767
f 6620 7767 6622
f 7670 7673 7756
f 7671 7757 7673
f 7673 7757 7756
f 7725 7766 7767
f 7670 7756 7766
f 6621 7751 6627
f 6621 6622 7752
f 6621 7752 7751
f 6627 7751 7748
f 6628 7748 10473
f 6622 7767 7752
f 7756 10473 7767
f 7748 7751 10473
f 10473 7765 7768
f 10473 7768 7750
f 7751 7752 10473
f 10473 7750 7749
f 7752 7767 10473
f 7671 7753 7757
f 7675 7761 7753
f 7753 7762 7756
f 7756 7893 10473
f 7893 7754 10473
f 7753 7756 7757
f 7893 7763 7755
f 7893 7760 7758
f 7893 7759 7760
f 7893 7758 7763
f 7753 7761 7762
f 7756 7762 7893
f 7893 7755 7754
f 10473 7754 7764
f 7756 7767 7766
f 10473 7764 7765
f 7180 11698 7183
f 7181 11698 7182
f 7181 7183 11698
f 7179 11699 7192
f 7197 7935 7173
f 7197 7194 7938
f 7194 7196 7939
f 7196 7195 11703
f 7192 11699 7193
f 7198 7193 11706
f 7195 7198 11702
f 7194 7939 7938
f 7196 11703 7939
f 7195 11702 11703
f 7935 11702 7866
f 7935 11703 11702
f 11702 7867 7866
f 7199 7873 7868
f 7700 7868 7896
f 7704 7700 7895
f 7704 7895 7888
f 7700 7896 7895
f 7200 7171 7931
f 7200 7932 7199
f 7172 7933 7171
f 7199 7932 7873
f 7868 7873 7896
f 7200 7931 7932
f 7873 7931 7896
f 7893 7935 7875
f 7893 7931 7935
f 7703 7888 7889
f 7889 7888 7895
f 7893 7876 7874
f 7889 7896 7893
f 7889 7893 7890
f 7893 7894 7892
f 7893 7892 7891
f 7893 7891 7759
f 7893 7897 7894
f 7893 7874 7897
f 7889 7895 7896
f 7893 7896 7931
f 7893 7875 7876
f 7172 7173 7934
f 7171 7933 7931
f 7172 7934 7933
f 7173 7935 7934
f 7197 7938 7935
f 7935 7931 7934
f 7935 7930 7929
f 7935 7929 7941
f 7935 7940 7875
f 7873 7932 7931
f 7933 7934 7931
f 7935 7941 7940
f 7935 7866 7937
f 7935 7937 7936
f 7935 7936 7930
f 7939 11703 7935
f 7939 7935 7938
f 9162 9269 9163
f 9176 9163 10598
f 9183 9247 9248
f 9184 9248 9260
f 9193 9192 9219
f 9193 9273 9196
f 9196 9272 9198
f 9186 9218 9190
f 9190 9220 9192
f 9198 9274 9197
f 9190 9218 9220
f 9192 9220 9219
f 9193 9219 9273
f 9196 9273 9272
f 9220 9218 10662
f 9220 10663 9219
f 6613 9245 9246
f 6612 9246 9247
f 6625 10472 9245
f 6625 6626 10471
f 9247 10482 9248
f 9245 10532 9246
f 9246 10479 9247
f 9246 10532 10479
f 9248 10486 9260
f 9260 10487 9217
f 9247 10479 10482
f 9248 10482 10486
f 9218 9217 10488
f 9260 10486 10487
f 9217 10487 10488
f 9218 10488 10662
f 9197 9264 9261
f 9161 9271 9162
f 9261 9270 9161
f 9197 9274 9264
f 9198 9272 9274
f 9261 9264 9270
f 9161 9270 9271
f 9162 9271 9269
f 9163 9269 10598
f 9176 10598 10597
f 9272 10627 9274
f 9219 10664 9273
f 9273 10625 9272
f 9219 10663 10664
f 9274 10626 9264
f 9264 10639 9270
f 9220 10662 10663
f 9177 10652 9604
f 9603 9604 10652
f 9602 10646 9606
f 9606 10646 9607
f 9603 10652 9605
f 9602 9605 10652
f 9630 9733 9639
f 9628 9627 9733
f 9628 9733 9629
f 9629 9733 9630
f 9595 10645 9597
f 9596 9597 10645
f 9596 10645 9601
f 9598 9601 10645
f 9608 10646 9595
f 9607 10646 9608
f 9598 10649 9600
f 9599 9600 10649
f 9599 10649 9631
f 9631 10649 9627
f 9595 10646 10645
f 9677 9734 9679
f 9679 10298 9681
f 9680 9681 10298
f 9682 9680 10298
f 9678 10297 9706
f 9705 9706 10297
f 9678 9682 10298
f 9708 10297 9699
f 9698 9699 10297
f 9698 10299 9701
f 9700 9701 10299
f 9705 10297 9707
f 9707 10297 9708
f 9642 9737 9585
f 9587 9585 9740
f 9640 9641 9737
f 9641 9639 9737
f 9640 9737 9642
f 9673 9674 9740
f 9586 9587 9740
f 9586 9740 9674
f 9673 9734 9676
f 9675 9676 9734
f 9677 9675 9734
f 9585 9737 9740
f 9627 10649 9733
f 9598 10645 10649
f 9639 9733 9737
f 9679 9734 10298
f 9673 9740 9734
f 9678 10298 10297
f 9740 10298 9734
f 9740 10297 10298
f 9740 9737 9733
f 10219 10652 9738
f 9740 10652 10233
f 10113 10319 10116
f 10038 11913 10042
f 10038 10051 11913
f 10051 10052 11913
f 10052 10053 11913
f 10044 10048 11920
f 10044 11920 10053
f 10049 10050 11920
f 10048 10049 11920
f 10053 11920 11913
f 10063 10068 10175
f 10061 10175 10068
f 10069 10323 10071
f 10070 10071 10323
f 10070 10178 10072
f 10110 10323 10112
f 10111 10116 10319
f 10110 10111 10319
f 10112 10323 10069
f 10060 10072 10178
f 10061 10062 10178
f 10060 10178 10062
f 10061 10178 10175
f 10070 10323 10178
f 10064 10067 10176
f 10046 10064 10165
f 10045 10165 10047
f 10045 10046 10165
f 10047 10165 10050
f 10063 10176 10066
f 10065 10066 10176
f 10065 10176 10067
f 10063 10175 10176
f 10064 10176 10165
f 10050 10165 11920
f 10165 10176 11920
f 11920 10163 10177
f 11920 10172 10173
f 11920 10173 10174
f 11920 10177 10172
f 10175 10178 10176
f 10178 11920 10176
f 10178 10322 11920
f 10322 10163 11920
f 10197 10201 10221
f 10191 10221 10201
f 10195 10219 10190
f 10192 10190 10219
f 10191 10192 10219
f 9702 9703 10233
f 9700 10299 9704
f 9703 9704 10299
f 10193 10233 10196
f 9702 10233 10194
f 10194 10233 10193
f 9698 10297 10299
f 9703 10299 10233
f 10195 10196 10219
f 10196 10233 10219
f 10204 10220 10206
f 10205 10206 10220
f 10198 10220 10200
f 10198 10199 10221
f 10199 10197 10221
f 10200 10220 10204
f 10113 10114 10319
f 10105 10207 10322
f 10105 10322 10115
f 10114 10115 10322
f 10205 10322 10207
f 10198 10221 10220
f 10205 10220 10322
f 10322 10246 10235
f 10322 10235 10218
f 10191 10219 10221
f 10322 10245 10246
f 10219 10245 10322
f 10219 10220 10221
f 10219 10322 10220
f 10219 9739 10228
f 10219 9738 9739
f 10219 10229 10234
f 10219 10228 10229
f 10219 10234 10245
f 10233 10652 10219
f 9740 10299 10297
f 9740 10233 10299
f 10114 10322 10319
f 10110 10319 10323
f 10322 10321 10164
f 10322 10320 10321
f 10322 10218 10320
f 10178 10323 10319
f 10322 10164 10163
f 10178 10319 10322
f 6625 10471 10472
f 9245 10472 10532
f 6624 10473 10475
f 6626 10475 10471
f 10473 10482 10475
f 10471 10475 10472
f 10473 10470 10482
f 10472 10475 10482
f 10473 10476 10474
f 10473 10474 10477
f 10473 10477 10478
f 10473 7749 10476
f 10473 10478 10470
f 10482 10470 10489
f 10482 10489 10480
f 10482 10480 10481
f 10482 10484 10661
f 10482 10661 10665
f 10482 10481 10485
f 10482 10485 10483
f 10482 10487 10486
f 10488 10487 10482
f 10488 10482 10664
f 10482 10483 10484
f 10472 10479 10532
f 10472 10482 10479
f 9269 10634 10598
f 9271 10640 9269
f 9271 9270 10641
f 9273 10664 10625
f 9274 10627 10626
f 9264 10626 10639
f 9271 10641 10640
f 9270 10639 10641
f 9272 10625 10627
f 10664 10626 10627
f 10664 10627 10625
f 10639 10665 10628
f 10639 10626 10664
f 10639 10630 10629
f 10639 10629 10631
f 10639 10632 10633
f 10639 10628 10632
f 10639 10633 10630
f 9177 9609 10637
f 9609 10597 10637
f 10598 10638 10597
f 9269 10640 10634
f 9602 10652 10646
f 9177 10637 10652
f 10598 10634 10638
f 10597 10638 10637
f 10639 10637 10638
f 10652 10636 10650
f 10652 10635 10636
f 10652 10631 10635
f 10639 10652 10637
f 10639 10638 10641
f 10634 10641 10638
f 10634 10640 10641
f 10639 10631 10652
f 9733 10645 10652
f 10646 10652 10645
f 10652 10651 10644
f 10652 10644 10648
f 10652 9735 9736
f 10652 10647 9735
f 9733 10649 10645
f 9740 9733 10652
f 10652 10648 10647
f 10652 10650 10651
f 10652 9736 9738
f 10482 10665 10639
f 10488 10664 10662
f 10664 10663 10662
f 10482 10639 10664
f 11272 11275 11721
f 11274 11721 11275
f 11274 11276 11721
f 11277 11721 11276
f 11277 11279 11722
f 11278 11722 11279
f 11278 11280 11722
f 11284 11723 11282
f 11283 11723 11284
f 11285 11723 11286
f 11283 11286 11723
f 11280 11282 11722
f 11345 11610 11349
f 11350 11351 11611
f 11345 11350 11611
f 11292 11287 11384
f 11287 11289 11386
f 11288 11386 11289
f 11288 11365 11386
f 11373 11341 11387
f 11365 11364 11386
f 11364 11372 11387
f 11371 11387 11372
f 11373 11387 11371
f 11290 11291 11384
f 11285 11290 11384
f 11291 11292 11384
f 11282 11723 11722
f 11285 11384 11723
f 11287 11386 11384
f 11341 11343 11388
f 11342 11388 11343
f 11344 11388 11342
f 11344 11346 11388
f 11346 11348 11610
f 11347 11610 11348
f 11347 11349 11610
f 11341 11388 11387
f 11346 11610 11388
f 11364 11387 11386
f 11610 11385 11727
f 11610 11727 11386
f 11610 11386 11387
f 11353 11611 11352
f 11353 11500 11611
f 11351 11352 11611
f 11499 11528 11500
f 11499 11501 11528
f 11502 11504 11528
f 11503 11532 11504
f 11503 11495 11532
f 11495 11496 11532
f 11501 11502 11528
f 11485 11486 11597
f 11498 11532 11496
f 11497 11506 11498
f 11497 11505 11506
f 11482 11506 11505
f 11482 11484 11506
f 11483 11597 11484
f 11483 11485 11597
f 11484 11597 11506
f 11504 11532 11528
f 11498 11506 11532
f 11345 11611 11610
f 11500 11528 11611
f 11610 11530 11529
f 11610 11529 11518
f 11610 11516 11517
f 11610 11517 11385
f 11610 11518 11516
f 11610 11531 11530
f 11601 11531 11610
f 11601 11610 11611
f 11532 11506 11528
f 11528 11601 11611
f 11564 11599 11565
f 11566 11599 11564
f 11566 11568 11599
f 11568 11570 11599
f 11575 11578 11601
f 11569 11601 11570
f 11569 11571 11601
f 11571 11575 11601
f 11576 11582 11919
f 11577 11919 11578
f 11576 11919 11577
f 11580 11919 11582
f 11578 11919 11601
f 11487 11598 11488
f 11487 11567 11598
f 11486 11488 11597
f 11563 11598 11567
f 11563 11565 11598
f 11488 11598 11597
f 11601 11602 11531
f 11565 11599 11598
f 11601 11603 11602
f 11506 11601 11528
f 11506 11597 11598
f 11506 11598 11601
f 11570 11601 11599
f 11601 11598 11599
f 11601 11600 11596
f 11601 11596 11603
f 11601 11911 11592
f 11601 11592 11600
f 11388 11610 11387
f 7185 11695 7188
f 7184 7187 11695
f 7188 11695 7186
f 7186 11695 7187
f 7185 11682 11694
f 11681 11268 11694
f 11269 11694 11268
f 11269 11271 11696
f 11270 11696 11271
f 11270 11273 11696
f 11272 11696 11273
f 11681 11694 11682
f 7189 11707 7190
f 7180 7190 11707
f 7189 7191 11707
f 7184 11707 7191
f 7184 11695 11707
f 7180 11707 11698
f 7185 11694 11695
f 11706 11724 11725
f 11269 11696 11694
f 11272 11721 11696
f 11277 11722 11721
f 11707 11695 11694
f 11696 11721 11694
f 7182 11698 11699
f 7198 11706 11702
f 7193 11699 11706
f 11702 11700 11697
f 11699 11694 11706
f 11699 11698 11707
f 11706 11701 11702
f 11706 11714 11701
f 11706 11725 11714
f 11702 11701 11700
f 11702 11705 11704
f 11702 11704 7867
f 11702 11697 11705
f 11699 11707 11694
f 11694 11721 11722
f 11386 11720 11719
f 11723 11384 11722
f 11722 11384 11386
f 11386 11719 11724
f 11694 11722 11386
f 11706 11694 11386
f 11706 11386 11724
f 11386 11726 11720
f 11386 11727 11726
f 11579 11581 11912
f 11579 11912 11580
f 11581 11899 11912
f 11899 11901 11912
f 11900 11902 11901
f 10037 10039 11902
f 10039 10041 11902
f 10040 10042 11914
f 10040 11902 10041
f 10037 11902 11900
f 11580 11912 11919
f 11901 11902 11912
f 11601 11910 11911
f 11601 11920 11910
f 11601 11902 11920
f 10042 11913 11914
f 10040 11914 11902
f 11902 11914 11920
f 11913 11920 11914
f 11920 11909 11910
f 11920 11917 11909
f 11920 11918 11917
f 11920 10174 11918
f 11601 11919 11912
f 11601 11912 11902
f 5641 5627 5642
f 5587 5640 5597
f 5586 5631 5639
f 5586 5639 5587
f 5587 5639 5640
f 5639 5631 5641
f 5606 5653 5657
f 5609 5656 5610
f 5609 5657 5656
f 5610 5656 5614
f 5615 5655 5775
f 5614 5655 5615
f 5654 5775 5655
f 5614 5656 5655
f 5595 5596 5660
f 5600 5595 5661
f 5640 5660 5598
f 5595 5660 5661
f 5590 5591 5653
f 5590 5653 5606
f 5591 5600 5661
f 5591 5661 5653
f 5596 5598 5660
f 5640 5598 5597
f 5607 5657 5609
f 5606 5657 5607
f 5697 5700 5719
f 5698 5729 5700
f 5697 5698 5700
f 5700 5729 5702
f 5702 5729 5728
f 5702 5728 5727
f 5702 5727 5703
f 5641 5632 5627
f 5642 5627 5629
f 5642 5629 5708
f 5708 5709 5719
f 5697 5719 5709
f 5642 5708 5719
f 5641 5631 5632
f 5701 5724 5725
f 5701 5725 5736
f 5703 5727 5730
f 5703 5730 5724
f 5736 5737 5747
f 5737 5739 5747
f 5740 5748 5739
f 5740 5939 5748
f 5701 5703 5724
f 5701 5736 5747
f 5739 5748 5747
f 5748 5939 5751
f 5778 5828 5779
f 5779 5828 5781
f 5654 5776 5775
f 5654 5778 5776
f 5654 5828 5778
f 5781 5829 5782
f 5782 5829 5785
f 5781 5828 5829
f 5785 5829 5830
f 5784 5785 5830
f 5787 5835 5788
f 5788 5835 5790
f 5787 5830 5835
f 5791 5836 5812
f 5836 5837 5812
f 5837 5813 5812
f 5837 5815 5813
f 5815 5868 5816
f 5816 5868 5818
f 5837 5868 5815
f 5873 5886 5822
f 5876 5887 5886
f 5876 5895 5887
f 5873 5876 5886
f 5876 5877 5895
f 5877 5896 5895
f 5877 5879 5898
f 5877 5898 5896
f 5879 5899 5898
f 5879 8138 5899
f 5879 8136 8138
f 5751 5939 5940
f 5751 5940 5942
f 5751 5942 5964
f 5942 5943 5964
f 5943 5951 5964
f 5951 5966 5964
f 5951 5952 5966
f 5952 5957 5966
f 5957 5958 5968
f 5958 5971 5968
f 5957 5968 5966
f 5971 5994 5968
f 5971 5973 5994
f 5973 5977 5994
f 5977 5978 6005
f 5978 5983 6005
f 5977 6005 5994
f 5983 6006 6005
f 5983 5984 6006
f 5984 5987 6006
f 5987 6009 6006
f 5987 5988 6009
f 5988 6022 6009
f 6009 6022 6010
f 6010 6022 6023
f 6010 6023 6025
f 6025 6026 6060
f 6026 6035 6060
f 6035 6036 6061
f 6036 6041 6061
f 6010 6025 6060
f 6035 6061 6060
f 6061 6041 6064
f 6041 6042 6064
f 6042 6050 6064
f 6064 6050 6065
f 6065 6050 6051
f 8136 8139 8138
f 8136 8141 8139
f 8141 8157 8142
f 8142 8157 8151
f 8151 8159 8152
f 8152 8159 8155
f 8155 8160 8156
f 8156 8160 8165
f 8136 8157 8141
f 8151 8157 8159
f 8155 8159 8160
f 8160 8167 8165
f 8165 8167 8166
f 8166 8167 8197
f 8167 8168 8197
f 8168 8198 8197
f 8168 8204 8198
f 8168 8216 8204
f 8216 8205 8204
f 8216 8211 8205
f 3225 3247 3226
f 3226 3247 3227
f 3225 3244 3246
f 3225 3246 3247
f 3568 3598 3569
f 4604 4605 4619
f 4610 4624 4611
f 4604 4619 4621
f 4605 4622 4619
f 4618 4622 4620
f 4606 4621 4626
f 4619 4632 4621
f 4621 4632 4626
f 4606 4626 4608
f 4608 4626 4623
f 4623 4626 4628
f 4626 4630 4628
f 4640 4652 4641
f 4618 4646 4622
f 4619 4622 4646
f 4623 4628 4646
f 4611 4624 4646
f 4624 4625 4646
f 4626 4632 4646
f 4614 4646 4616
f 4641 4671 4655
f 4657 4671 4658
f 4641 4652 4671
f 259 257 260
f 258 259 260
f 269 271 262
f 263 268 264
f 263 262 267
f 267 262 271
f 263 267 268
f 1851 1847 1846
f 1845 1846 1847
f 1849 1850 1851
f 1848 1850 1849
f 1849 1851 1846
f 1871 1874 1870
f 1869 1872 1871
f 1869 1879 1873
f 1869 1873 1872
f 1871 1872 1874
f 1875 1890 1877
f 1867 1891 1880
f 1875 1880 1891
f 1868 1889 4792
f 1889 1888 4791
f 1778 4791 1888
f 1778 1781 4791
f 1868 1891 1867
f 1875 1891 1890
f 1868 4792 1891
f 3190 3194 3191
f 3187 3394 3188
f 3194 3220 3199
f 3194 3395 3220
f 3227 3247 3228
f 3228 3247 3232
f 3228 3232 3229
f 3238 3237 3239
f 3238 3239 3246
f 3239 3241 3249
f 3199 3243 3216
f 3216 3250 3241
f 3199 3220 3243
f 3216 3243 3250
f 3241 3250 3249
f 3238 3246 3245
f 3239 3254 3246
f 3246 3255 3247
f 3246 3254 3255
f 3232 3247 3256
f 3247 3255 3256
f 3239 3249 3254
f 3267 3268 3291
f 3261 3291 3268
f 3263 3288 3264
f 3263 3267 3288
f 3278 3279 3277
f 3275 3283 3274
f 3274 3283 3260
f 3276 3277 3284
f 266 3280 3278
f 3278 3280 3279
f 3277 3279 3284
f 3261 3260 3291
f 3260 3283 3291
f 3267 3291 3288
f 3264 3288 3294
f 3264 3294 3285
f 3286 3285 3294
f 3186 3286 3295
f 3186 3295 3187
f 3286 3294 3295
f 3187 3295 3394
f 3449 3450 3451
f 3449 3451 3452
f 3454 3452 3455
f 3451 3455 3452
f 3456 3466 3457
f 3457 3466 3459
f 3459 3466 3467
f 3459 3467 3460
f 3460 3467 3462
f 3466 3652 3467
f 3467 3662 3590
f 3232 3647 3451
f 3451 3649 3455
f 3232 3256 3647
f 3455 3649 3651
f 3451 3647 3649
f 3455 3651 3466
f 3466 3651 3652
f 3590 3664 3593
f 3593 3665 3597
f 3589 3598 3566
f 3566 3598 3567
f 3569 3598 3582
f 3582 3599 3583
f 3584 3599 3585
f 3585 3599 3586
f 3582 3598 3599
f 3597 3667 3598
f 3598 3669 3599
f 3467 3652 3662
f 3590 3662 3664
f 3593 3664 3665
f 3597 3665 3667
f 3598 3667 3669
f 4601 4618 4602
f 4609 4624 4610
f 4602 4618 4620
f 4603 4604 4621
f 4602 4620 4622
f 4619 4645 4632
f 4609 4629 4624
f 4624 4629 4625
f 4626 4631 4630
f 4627 4628 4630
f 4627 4630 4631
f 4625 4629 4646
f 4627 4631 4646
f 4612 4646 4613
f 4615 4616 4646
f 4632 4645 4646
f 3599 4848 4646
f 4646 4850 4647
f 4647 4850 4650
f 4650 4852 4652
f 4652 4854 4671
f 4654 4658 4671
f 4654 4673 4660
f 4660 4673 4661
f 4661 4673 4674
f 4664 4669 4667
f 4661 4674 4663
f 4663 4674 4664
f 4664 4674 4669
f 4667 4669 4668
f 4668 4677 4726
f 4668 4669 4677
f 4654 4671 4673
f 4671 4859 4673
f 4673 4858 4674
f 4674 4858 4862
f 4669 4674 4862
f 4669 4865 4677
f 4669 4862 4865
f 4677 4865 4866
f 4717 4720 4815
f 4738 4750 4744
f 4743 4744 4751
f 4721 4746 4753
f 4743 4752 4746
f 4721 4753 4810
f 4746 4752 4753
f 4677 4866 4737
f 4737 4749 4738
f 4737 4866 4749
f 4738 4749 4750
f 4744 4750 4751
f 4743 4751 4752
f 4720 4721 4810
f 4720 4810 4815
f 4769 4770 4787
f 4776 4780 4775
f 1779 4795 1780
f 1780 4795 1781
f 1779 4775 4780
f 4760 4784 4761
f 4776 4761 4784
f 4760 4769 4787
f 1779 4780 4795
f 4776 4784 4780
f 4766 4781 4819
f 4711 4717 4817
f 4711 4813 4781
f 4766 4819 4782
f 4781 4813 4819
f 4766 4782 4770
f 4760 4787 4784
f 4770 4782 4787
f 1889 4791 4792
f 1781 4795 4791
f 4717 4815 4817
f 4711 4817 4813
f 4646 4848 4850
f 4650 4850 4852
f 4652 4852 4854
f 4671 4854 4859
f 4673 4859 4858
f 298 299 365
f 299 313 366
f 299 366 364
f 300 366 313
f 308 310 309
f 318 320 313
f 300 313 320
f 317 316 315
f 309 314 316
f 314 315 316
f 317 318 316
f 317 319 318
f 318 319 321
f 308 309 316
f 318 321 320
f 335 368 333
f 335 336 369
f 337 349 332
f 333 351 337
f 333 368 352
f 335 369 368
f 332 353 348
f 347 348 3303
f 257 3301 260
f 347 3301 257
f 261 3300 270
f 261 258 3301
f 258 260 3301
f 347 3303 3304
f 337 351 349
f 332 349 355
f 333 350 351
f 333 352 350
f 332 355 353
f 348 353 354
f 348 354 3303
f 298 367 336
f 298 365 363
f 336 367 370
f 298 363 367
f 299 364 365
f 336 370 369
f 1828 1853 1863
f 1826 1829 3010
f 1830 1831 1829
f 1829 3011 3010
f 1828 1861 1830
f 1829 1831 3011
f 1830 1860 1831
f 1828 1863 1862
f 1828 1862 1861
f 1853 1864 1863
f 1830 1861 1860
f 1853 1865 1864
f 1879 1876 1901
f 1873 1879 1901
f 1876 1877 1890
f 1852 1904 1848
f 1845 1847 1865
f 1845 1865 1853
f 1850 1904 1851
f 1848 1904 1850
f 1851 1865 1847
f 1852 1870 1902
f 1870 1874 1902
f 1872 1873 1901
f 1872 1902 1874
f 1851 1866 1865
f 1851 1904 1866
f 1852 1907 1904
f 1872 1901 1903
f 1852 1902 1907
f 1872 1903 1902
f 1876 1890 4798
f 1876 4797 1901
f 1890 1891 4798
f 1876 4798 4797
f 2609 2610 2614
f 2609 2726 2610
f 2610 2726 2985
f 2609 2612 2611
f 2608 2611 2612
f 2609 2613 2612
f 2609 2614 2613
f 2978 2988 2976
f 2978 2981 2988
f 2978 2977 2981
f 2977 2980 2982
f 2977 2983 2984
f 2977 2982 2983
f 2977 2984 2981
f 2980 2997 2982
f 2726 2976 2985
f 2976 2988 2987
f 2976 2986 2985
f 2976 2987 2986
f 2980 1825 3002
f 2980 3002 2997
f 1825 3003 3002
f 1825 3004 3003
f 1826 3004 1825
f 1826 3009 3004
f 1826 3010 3009
f 3188 3394 3189
f 3189 3395 3190
f 3190 3395 3194
f 3276 3284 3273
f 3275 3273 3283
f 269 270 3311
f 269 3311 271
f 265 264 3310
f 264 268 3310
f 267 3310 268
f 267 271 3311
f 265 3314 266
f 266 3314 3280
f 3273 3284 3362
f 3279 3280 3314
f 265 3310 3354
f 3279 3355 3284
f 265 3354 3314
f 3273 3362 3283
f 3189 3394 3395
f 270 3300 3313
f 261 3302 3300
f 261 3301 3302
f 347 3304 3301
f 270 3313 3311
f 267 3312 3310
f 267 3311 3312
f 3279 3314 3355
f 3667 3675 3669
f 3667 3674 3675
f 3599 3669 4848
f 317 315 914
f 309 917 314
f 314 914 315
f 310 312 915
f 310 916 309
f 317 392 319
f 300 320 391
f 321 319 390
f 320 321 391
f 314 917 914
f 317 914 392
f 309 916 917
f 364 384 365
f 366 379 364
f 365 384 363
f 363 388 367
f 300 393 366
f 366 393 378
f 366 378 379
f 364 379 384
f 363 384 388
f 368 369 385
f 369 370 385
f 368 3331 352
f 370 367 387
f 370 387 385
f 367 386 387
f 367 388 386
f 350 3324 351
f 351 3330 349
f 350 352 3326
f 350 3326 3324
f 368 385 3331
f 352 3325 3326
f 352 3331 3325
f 300 391 393
f 319 392 389
f 319 389 390
f 321 390 391
f 545 649 906
f 311 890 913
f 890 924 912
f 890 912 913
f 892 897 893
f 892 895 896
f 892 896 897
f 892 903 902
f 892 902 895
f 890 893 924
f 893 894 924
f 893 897 894
f 902 903 905
f 545 905 903
f 545 904 905
f 545 906 904
f 311 915 312
f 311 911 915
f 311 913 911
f 310 915 916
f 1863 1864 5001
f 1865 1866 5004
f 1864 1865 5004
f 1866 1904 5007
f 1904 1907 5007
f 2575 2576 2584
f 2584 2576 2592
f 2576 2593 2592
f 2576 2618 2593
f 2582 2575 2584
f 2593 2618 2594
f 2594 2618 2631
f 2608 2748 2606
f 2608 2612 2748
f 2630 2634 2633
f 2618 2630 2631
f 2630 2632 2631
f 2630 2633 2632
f 2633 2634 2637
f 2634 2605 2638
f 2639 2605 2640
f 2638 2605 2639
f 2634 2638 2637
f 2640 2605 2606
f 2640 2606 2742
f 2614 2610 2751
f 2612 2613 2751
f 2613 2614 2751
f 2610 2752 2751
f 2610 2753 2752
f 2610 2985 2753
f 2763 2985 2764
f 2753 2985 2763
f 2606 2748 2742
f 2612 2750 2748
f 2612 2751 2750
f 2764 2986 2987
f 2764 2987 2988
f 2988 2981 2998
f 2764 2985 2986
f 2741 2764 2988
f 2982 2997 3036
f 3002 3003 3034
f 2997 3002 3034
f 3003 3004 3034
f 2981 2984 3000
f 2981 3000 2999
f 2982 3001 3000
f 2741 2988 2998
f 2981 2999 2998
f 2983 3000 2984
f 2982 3000 2983
f 2982 3036 3001
f 2997 3033 3036
f 2997 3034 3033
f 3004 3035 3034
f 3004 3037 3035
f 3010 3011 3041
f 1831 3041 3011
f 3004 3009 3037
f 3009 3010 3041
f 1831 1860 3051
f 1831 3043 3041
f 3009 3042 3037
f 3009 3041 3042
f 1831 3051 3043
f 1862 1863 3049
f 1861 1862 3049
f 1861 3049 1860
f 1860 3048 3051
f 1860 3049 3048
f 1863 3050 3049
f 1863 5001 3050
f 1866 5002 5004
f 1864 5004 5003
f 1864 5003 5001
f 3249 3250 3616
f 3249 3621 3254
f 3283 3293 3291
f 3283 3362 3293
f 3291 3397 3288
f 3291 3293 3397
f 3288 3398 3294
f 3288 3397 3398
f 349 3330 355
f 353 355 3329
f 353 3327 354
f 354 3339 3303
f 3301 3342 3302
f 3301 3304 3342
f 3303 3339 3304
f 3310 3312 3364
f 3300 3302 3371
f 3300 3371 3313
f 3302 3342 3340
f 3304 3341 3342
f 3304 3339 3341
f 3302 3340 3371
f 3311 3358 3312
f 3311 3313 3358
f 3312 3358 3356
f 3313 3371 3357
f 3313 3357 3358
f 351 3324 3330
f 353 3329 3327
f 355 3328 3329
f 355 3330 3328
f 354 3327 3339
f 3310 3364 3354
f 3284 3355 3407
f 3284 3407 3362
f 3312 3356 3364
f 3314 3354 3383
f 3314 3383 3355
f 3354 3364 3363
f 3354 3363 3383
f 3294 3399 3295
f 3295 3404 3394
f 3395 3431 3220
f 3394 3405 3395
f 3394 3404 3405
f 3294 3398 3399
f 3295 3399 3404
f 3395 3405 3431
f 3243 3220 3432
f 3243 3615 3250
f 3220 3431 3432
f 3243 3432 3615
f 3250 3615 3616
f 3254 3623 3255
f 3255 3624 3256
f 3255 3623 3624
f 3249 3616 3621
f 3254 3621 3623
f 3256 3679 3647
f 3256 3624 3679
f 3647 3679 3681
f 3647 3681 3649
f 3649 3681 3683
f 3649 3683 3651
f 3651 3659 3652
f 3652 3670 3662
f 3651 3683 3659
f 3652 3659 3670
f 3662 3671 3664
f 3664 3673 3665
f 3662 3670 3671
f 3664 3671 3673
f 3665 3674 3667
f 3665 3673 3674
f 3669 3675 4855
f 3674 3708 3675
f 4782 4830 4787
f 4784 4787 4828
f 1902 1903 5006
f 1902 5006 1907
f 1901 5011 1903
f 1907 5005 5007
f 1907 5006 5005
f 1903 4790 5006
f 1903 5010 4790
f 4797 4798 5011
f 1891 4792 4801
f 4791 4808 4792
f 4791 4795 4804
f 4791 4804 4808
f 1891 4801 4798
f 1901 4797 5011
f 4792 4808 4801
f 4784 4828 4829
f 4795 4780 4806
f 4784 4829 4780
f 4795 4806 4804
f 4780 4829 4806
f 4751 4924 4752
f 4753 4927 4810
f 4810 4812 4815
f 4752 4928 4753
f 4753 4928 4927
f 4810 4927 4812
f 4812 4811 4815
f 4782 4819 4831
f 4782 4831 4830
f 4813 4817 4823
f 4813 4823 4822
f 4813 4822 4819
f 4819 4822 4831
f 4811 4817 4815
f 4811 4823 4817
f 4787 4830 4828
f 4854 4872 4859
f 3669 4855 4848
f 4848 4855 4856
f 4848 4856 4850
f 4850 4856 4852
f 4852 4857 4854
f 4852 4856 4857
f 4854 4857 4872
f 4859 4872 4874
f 4858 4859 4874
f 4858 4875 4862
f 4749 4866 4878
f 4862 4873 4865
f 4865 4877 4866
f 4858 4874 4875
f 4862 4875 4873
f 4865 4873 4877
f 4749 4878 4932
f 4866 4877 4878
f 4749 4932 4750
f 4751 4750 4923
f 4751 4923 4924
f 4750 4932 4923
f 4752 4924 4928
f 1866 5007 5002
f 1903 5011 5010
f 378 1002 379
f 379 1002 384
f 384 3727 388
f 386 388 3730
f 386 3728 387
f 385 387 3728
f 378 393 1005
f 651 1174 650
f 651 1177 1176
f 651 1176 1174
f 651 687 1177
f 651 648 687
f 648 686 687
f 648 678 686
f 678 685 686
f 678 700 685
f 691 692 693
f 692 695 693
f 678 691 696
f 678 696 700
f 691 693 696
f 904 906 1175
f 904 907 905
f 902 905 907
f 904 908 907
f 904 909 908
f 904 1175 909
f 896 925 897
f 895 927 896
f 894 897 925
f 896 927 926
f 902 928 895
f 902 907 928
f 895 928 927
f 913 923 911
f 912 924 929
f 912 923 913
f 911 997 915
f 916 915 998
f 911 923 997
f 912 929 923
f 894 931 924
f 894 925 931
f 896 926 925
f 924 931 930
f 924 930 929
f 384 1002 3727
f 388 3727 3730
f 914 994 392
f 914 917 993
f 916 993 917
f 915 997 999
f 916 998 993
f 915 999 998
f 914 993 994
f 389 1001 390
f 391 390 1001
f 389 392 995
f 391 1003 393
f 389 995 1001
f 392 996 995
f 392 994 996
f 391 1001 1003
f 378 1005 1004
f 378 1004 1002
f 393 1003 1005
f 649 1175 906
f 649 650 1175
f 650 1174 1175
f 2224 2225 2422
f 2224 2227 2225
f 2224 2226 2227
f 2226 2229 2227
f 2228 2229 2226
f 2228 2230 2229
f 2228 2571 2230
f 2224 2422 2421
f 2228 2569 2571
f 2569 2567 2572
f 2569 2572 2570
f 2569 2570 2571
f 2567 2574 2572
f 2567 2573 2574
f 2573 2590 2574
f 2573 2591 2589
f 2573 2589 2590
f 2583 2582 2584
f 2573 2583 2591
f 2583 2595 2591
f 2583 2584 2598
f 2583 2599 2595
f 2583 2598 2599
f 2584 2592 2598
f 2592 2593 2600
f 2593 2594 2600
f 2592 2600 2598
f 2594 2601 2600
f 2594 2631 2740
f 2594 2740 2601
f 2632 2633 2743
f 2633 2637 2743
f 2637 2638 2744
f 2632 2739 2631
f 2632 2743 2739
f 2631 2739 2740
f 2638 2639 2746
f 2640 2742 2745
f 2639 2640 2745
f 2742 2762 2745
f 2742 2769 2762
f 2637 2744 2743
f 2638 2747 2744
f 2638 2746 2747
f 2639 2745 2746
f 2742 2748 2769
f 2748 2750 2768
f 2750 2770 2768
f 2748 2768 2769
f 2750 2751 2770
f 2751 2752 2770
f 2752 2771 2770
f 2752 2766 2771
f 2752 2753 2766
f 2753 2763 2765
f 2763 2764 2767
f 2741 2767 2764
f 2753 2765 2766
f 2763 2767 2765
f 2741 2772 2767
f 2741 2773 2772
f 2741 2998 2773
f 2774 2998 2999
f 2999 3000 3052
f 3000 3001 3052
f 3001 3036 3057
f 3036 3033 3058
f 3033 3034 3064
f 3034 3035 3064
f 3035 3037 3067
f 3037 3042 3066
f 3042 3041 3068
f 3041 3043 3068
f 3042 3068 3066
f 3043 5017 3068
f 3043 5019 5017
f 3043 3051 5019
f 3051 3048 5019
f 3050 5028 3049
f 3048 3049 5028
f 2773 2998 2774
f 2774 2999 3052
f 3001 3056 3052
f 3001 3057 3056
f 3036 3058 3057
f 3033 3064 3058
f 3035 3065 3064
f 3035 3067 3065
f 3037 3066 3067
f 385 3733 3331
f 3331 3732 3325
f 386 3729 3728
f 386 3730 3729
f 385 3728 3733
f 3325 3343 3326
f 3324 3326 3343
f 3324 3347 3330
f 3325 3732 3731
f 3331 3733 3732
f 3325 3731 3343
f 3324 3343 3345
f 3328 3344 3329
f 3327 3329 3344
f 3327 3375 3339
f 3340 3342 3372
f 3339 3375 3341
f 3341 3372 3342
f 3328 3330 3347
f 3328 3346 3344
f 3328 3347 3346
f 3324 3345 3347
f 3327 3344 3373
f 3327 3373 3375
f 3362 3409 3293
f 3362 3407 3409
f 3357 3371 3385
f 3340 3385 3371
f 3356 3358 3384
f 3357 3384 3358
f 3357 3386 3384
f 3357 3385 3386
f 3341 3374 3372
f 3341 3375 3374
f 3340 3372 3376
f 3340 3376 3385
f 3356 3387 3364
f 3363 3364 3387
f 3356 3384 3388
f 3356 3388 3387
f 3355 3383 3414
f 3355 3414 3407
f 3363 3413 3383
f 3363 3387 3413
f 3398 3423 3399
f 3399 3426 3404
f 3404 3427 3405
f 3405 3634 3431
f 3404 3426 3427
f 3405 3427 3634
f 3293 3417 3397
f 3293 3409 3417
f 3409 3407 3415
f 3407 3414 3415
f 3409 3415 3428
f 3397 3424 3398
f 3397 3417 3424
f 3398 3424 3423
f 3409 3428 3417
f 3399 3423 3426
f 3417 3429 3424
f 3424 3430 3423
f 3423 3607 3426
f 3426 3608 3427
f 3417 3428 3429
f 3424 3429 3430
f 3423 3430 3607
f 3432 3431 3618
f 3427 3610 3634
f 3427 3608 3610
f 3426 3607 3608
f 3432 3620 3615
f 3431 3634 3618
f 3432 3618 3620
f 3615 3626 3616
f 3615 3620 3626
f 3616 3626 3629
f 3616 3629 3621
f 3621 3630 3623
f 3623 3633 3624
f 3621 3629 3630
f 3623 3630 3633
f 3634 3635 3618
f 3620 3618 3637
f 3610 3635 3634
f 3618 3635 3637
f 3620 3639 3626
f 3620 3637 3639
f 3626 3639 3640
f 3626 3640 3629
f 3629 3646 3630
f 3629 3640 3646
f 3630 3643 3633
f 3630 3646 3643
f 3633 3643 3693
f 3624 3682 3679
f 3679 3686 3681
f 3681 3688 3683
f 3624 3633 3682
f 3679 3682 3686
f 3681 3686 3688
f 3683 3689 3659
f 3683 3688 3689
f 3670 3659 3690
f 3633 3693 3682
f 3670 3702 3671
f 3682 3695 3686
f 3686 3696 3688
f 3659 3689 3690
f 3689 3688 3697
f 3689 3700 3690
f 3682 3693 3695
f 3686 3695 3696
f 3688 3696 3697
f 3689 3697 3700
f 3690 3700 3710
f 3670 3690 3702
f 3671 3704 3673
f 3671 3702 3704
f 3673 3704 3706
f 3690 3710 3702
f 3702 3712 3704
f 3673 3706 3674
f 3674 3706 3708
f 3675 3708 4883
f 3704 3715 3706
f 3706 3716 3708
f 3708 3717 4883
f 3702 3710 3712
f 3704 3712 3715
f 3706 3715 3716
f 3708 3716 3717
f 4798 4801 5064
f 4801 5065 5064
f 4806 4832 4804
f 4803 5065 4808
f 4803 4804 4832
f 4803 4808 4804
f 4801 4808 5065
f 4811 4935 4823
f 4806 4829 4834
f 4828 4833 4829
f 4828 4830 4842
f 4806 4834 4832
f 4829 4833 4834
f 4828 4842 4833
f 4832 4834 5159
f 4822 4841 4831
f 4831 4841 4845
f 4830 4831 4845
f 4830 4845 4842
f 4822 4823 4934
f 4822 4934 4841
f 4833 4842 5162
f 4834 4833 5160
f 4845 4841 5523
f 4842 4845 5550
f 4874 4892 4875
f 4873 4902 4877
f 4873 4875 4901
f 4877 4905 4878
f 4878 4906 4932
f 4877 4902 4905
f 4878 4905 4906
f 4882 4932 4906
f 4882 4911 4941
f 3675 4883 4855
f 4855 4885 4856
f 4855 4883 4885
f 4856 4885 4857
f 4857 4885 4886
f 4883 4895 4885
f 4885 4895 4886
f 4857 4886 4872
f 4872 4889 4874
f 4872 4886 4889
f 4874 4889 4892
f 4886 4896 4889
f 4889 4897 4892
f 4892 4898 4901
f 4892 4897 4898
f 4898 4916 4901
f 4886 4895 4896
f 4889 4896 4897
f 4875 4892 4901
f 4873 4901 4902
f 4902 4909 4905
f 4901 4916 4902
f 4902 4916 4909
f 4905 4909 4910
f 4905 4910 4906
f 4906 4910 4913
f 4882 4906 4913
f 4882 4913 4911
f 4912 4941 4911
f 4924 4940 4928
f 4812 4927 4936
f 4812 4937 4811
f 4927 4928 4939
f 4927 4939 4936
f 4882 4923 4932
f 4923 4941 4924
f 4882 4941 4923
f 4924 4941 4940
f 4928 4940 4939
f 4823 4935 4934
f 4811 4937 4935
f 4812 4936 4937
f 4841 4934 5525
f 4841 5525 5523
f 4935 4937 4948
f 4935 4948 5524
f 4934 4935 5524
f 4934 5524 5525
f 4936 4939 4945
f 4912 4940 4941
f 4939 4940 4956
f 4936 4945 4944
f 4912 4956 4940
f 4939 4956 4945
f 4937 4936 4944
f 4937 4944 4948
f 4845 5523 5550
f 5003 5004 5012
f 5002 5012 5004
f 5002 5007 5015
f 3050 5001 5008
f 5001 5003 5008
f 3048 5028 5018
f 3048 5018 5019
f 3050 5033 5028
f 3050 5008 5033
f 5003 5012 5009
f 5002 5014 5012
f 5003 5009 5008
f 5005 5006 5013
f 5005 5015 5007
f 4790 5070 5006
f 4798 5064 5011
f 4790 5010 5071
f 5002 5015 5014
f 5005 5013 5016
f 5005 5016 5015
f 5006 5070 5013
f 4790 5071 5070
f 5010 5011 5071
f 5011 5080 5071
f 5011 5064 5080
f 5064 5065 5149
f 5064 5149 5080
f 4803 5150 5065
f 4803 4832 5152
f 4803 5152 5150
f 5065 5150 5149
f 4832 5159 5152
f 4833 5162 5160
f 4834 5160 5159
f 4842 5550 5162
f 686 1178 687
f 685 1178 686
f 685 701 1178
f 694 704 695
f 693 704 696
f 695 704 693
f 694 705 704
f 665 705 694
f 665 715 710
f 665 710 699
f 665 699 698
f 665 698 705
f 696 702 700
f 685 700 702
f 696 703 702
f 696 704 703
f 685 702 701
f 715 716 747
f 716 748 747
f 716 729 734
f 716 734 727
f 716 727 748
f 729 730 733
f 729 733 734
f 730 731 733
f 710 715 747
f 907 908 1181
f 926 957 925
f 907 955 928
f 927 928 957
f 926 927 957
f 925 1028 931
f 930 931 1026
f 929 930 1026
f 923 929 1026
f 931 1027 1026
f 931 1028 1027
f 908 909 1181
f 907 1181 954
f 925 957 956
f 907 954 955
f 928 955 958
f 928 958 957
f 925 956 1028
f 997 1018 999
f 923 1017 997
f 923 1029 1017
f 993 998 1018
f 998 999 1018
f 993 1008 994
f 993 1018 1000
f 997 1019 1018
f 997 1017 1019
f 993 1000 1008
f 923 1026 1029
f 1003 3770 1005
f 1002 1004 3770
f 1004 1005 3770
f 994 1006 996
f 995 996 1006
f 995 1006 1001
f 1001 1006 1009
f 994 1007 1006
f 994 1008 1007
f 1001 1010 1003
f 1001 1009 1010
f 1003 1010 3771
f 1003 3771 3770
f 1176 1177 1179
f 1176 1179 1174
f 1174 1184 1175
f 1174 1179 1183
f 687 1179 1177
f 687 1178 1180
f 687 1180 1179
f 909 1175 1181
f 1174 1183 1184
f 1175 1182 1181
f 1175 1184 1182
f 2294 2290 2295
f 2295 2290 2291
f 2290 2292 2291
f 2290 2334 2292
f 2292 2334 2401
f 2334 2335 2400
f 2334 2400 2401
f 2335 2405 2400
f 2335 2336 2406
f 2335 2406 2405
f 2336 2407 2406
f 2336 2427 2407
f 2336 2421 2427
f 2421 2422 2427
f 2422 2225 2426
f 2422 2426 2427
f 2225 2227 2428
f 2225 2428 2426
f 2227 2229 2430
f 2227 2430 2428
f 2229 2432 2430
f 2229 2230 2432
f 2230 2571 2431
f 2230 2431 2432
f 2431 2571 2444
f 2590 2669 2574
f 2589 2671 2590
f 2589 2591 2671
f 2591 2595 2672
f 2595 2599 2692
f 2598 2794 2599
f 2598 2600 2794
f 2600 2601 2797
f 2570 2668 2571
f 2570 2572 2668
f 2444 2571 2668
f 2572 2574 2668
f 2574 2670 2668
f 2574 2669 2670
f 2590 2671 2669
f 2591 2672 2671
f 2595 2693 2672
f 2595 2692 2693
f 2599 2794 2692
f 2600 2797 2794
f 2601 2740 2795
f 2739 2798 2740
f 2739 2743 2798
f 2740 2798 2795
f 2743 2744 2858
f 2743 2858 2798
f 2744 2747 2867
f 2744 2868 2858
f 2746 2869 2747
f 2744 2867 2868
f 2747 2869 2867
f 2745 2869 2746
f 2762 2769 2871
f 2768 2873 2769
f 2745 2762 2870
f 2745 2870 2869
f 2769 2873 2871
f 2762 2872 2870
f 2762 2871 2872
f 2768 2770 2873
f 2770 2771 2913
f 2771 2766 2775
f 2765 2777 2766
f 2765 2767 2777
f 2770 2913 2873
f 2771 2776 2913
f 2771 2775 2776
f 2766 2777 2775
f 2767 2778 2777
f 2767 2772 2778
f 2772 2773 2779
f 2773 2781 2779
f 2773 2774 2781
f 2774 3052 2781
f 2781 3052 2782
f 2772 2780 2778
f 2772 2779 2780
f 2601 2796 2797
f 2601 2795 2796
f 2782 3052 3056
f 3057 3058 3073
f 3058 3064 3073
f 3064 3065 5022
f 3065 3067 5021
f 3068 5023 3066
f 3066 5023 3067
f 2783 3056 3057
f 2782 3056 2784
f 2783 3057 3073
f 2783 2784 3056
f 3064 5022 3073
f 3065 5021 5020
f 3065 5020 5022
f 3385 3802 3386
f 3384 3386 3981
f 3384 3981 3388
f 3383 3413 3984
f 3383 3984 3414
f 3428 4002 3429
f 3429 4085 3430
f 3430 4087 3607
f 3608 3607 4089
f 3608 4090 3610
f 3610 4112 3635
f 3635 4113 3637
f 3637 4115 3639
f 3639 4130 3640
f 3640 4130 4131
f 3640 4131 3646
f 3646 4131 4134
f 3646 4134 3643
f 3643 4134 4211
f 3643 4211 3693
f 3693 4212 3695
f 3693 4211 4212
f 3695 4215 3696
f 3695 4212 4215
f 3696 4221 3697
f 3696 4215 4221
f 3697 4221 4222
f 3697 4222 3700
f 3700 4223 3710
f 3700 4222 4223
f 3710 4244 3712
f 3710 4223 4244
f 3712 4246 3715
f 3712 4244 4246
f 3715 4247 3716
f 1002 3773 3727
f 3729 3730 3740
f 3728 3729 3740
f 3727 3740 3730
f 3728 3749 3733
f 3727 3773 3741
f 3727 3741 3740
f 3728 3740 3739
f 3728 3739 3749
f 3731 3747 3343
f 3731 3732 3747
f 3732 3733 3747
f 3343 3747 3750
f 3343 3789 3345
f 3345 3791 3347
f 3346 3347 3791
f 3343 3750 3789
f 3345 3789 3790
f 3345 3790 3791
f 3733 3749 3748
f 3733 3748 3747
f 1002 3772 3773
f 1002 3770 3772
f 3344 3793 3373
f 3344 3346 3793
f 3373 3794 3375
f 3346 3791 3792
f 3346 3792 3793
f 3374 3375 3794
f 3372 3374 3801
f 3372 3801 3376
f 3373 3793 3795
f 3374 3794 3788
f 3373 3795 3794
f 3374 3788 3801
f 3376 3802 3385
f 3386 3802 3800
f 3376 3803 3802
f 3376 3801 3803
f 3386 3800 3981
f 3387 3388 3982
f 3387 3982 3413
f 3388 3981 3980
f 3388 3980 3982
f 3414 3985 3415
f 3414 3984 3985
f 3415 3985 4001
f 3415 4001 3428
f 3428 4001 4002
f 3429 4002 4085
f 3430 4085 4087
f 3607 4087 4089
f 3608 4089 4090
f 3610 4090 4112
f 3635 4112 4113
f 3637 4113 4115
f 3639 4115 4130
f 3715 4246 4247
f 3716 4247 4249
f 3717 4249 5302
f 3717 4895 4883
f 3717 5302 4895
f 4895 5302 4896
f 4896 5304 4897
f 4897 5305 4898
f 4898 5307 4916
f 4909 5334 4910
f 4910 5335 4913
f 4911 4913 5329
f 4909 4916 5308
f 3068 5017 5024
f 5019 5025 5017
f 5018 5027 5019
f 5018 5028 5027
f 5028 5033 5042
f 3067 5023 5021
f 3068 5024 5023
f 5017 5026 5024
f 5017 5025 5026
f 5019 5027 5025
f 5027 5028 5042
f 5008 5009 5044
f 5008 5044 5033
f 5009 5045 5044
f 5009 5069 5045
f 5014 5066 5069
f 5033 5043 5042
f 5033 5044 5043
f 5009 5012 5069
f 5012 5014 5069
f 5014 5015 5068
f 5015 5016 5068
f 5014 5068 5066
f 5016 5077 5078
f 5013 5077 5016
f 5013 5070 5077
f 5016 5067 5068
f 5016 5078 5067
f 5070 5071 5077
f 5071 5079 5077
f 5080 5154 5079
f 5071 5080 5079
f 5154 5149 5156
f 5080 5149 5154
f 5150 5156 5149
f 5150 5152 5165
f 5150 5165 5156
f 5159 5160 5169
f 5160 5162 5526
f 5152 5159 5166
f 5152 5166 5165
f 5159 5169 5166
f 5160 5526 5169
f 4896 5302 5304
f 4897 5304 5305
f 4898 5305 5307
f 4916 5307 5308
f 4913 5335 5329
f 4912 4911 5331
f 4912 5332 4956
f 4956 5332 5330
f 4911 5329 5331
f 4912 5331 5332
f 4909 5308 5334
f 4910 5334 5335
f 5523 5528 5550
f 5523 5525 5532
f 5162 5527 5526
f 5527 5550 5528
f 5523 5532 5528
f 4944 5531 4948
f 4944 4945 5557
f 5530 4948 5531
f 4944 5557 5531
f 5524 5533 5525
f 5524 4948 5530
f 5525 5533 5532
f 5524 5530 5533
f 5162 5550 5527
f 4945 4956 5330
f 4945 5330 5557
f 710 747 712
f 699 710 714
f 698 1196 705
f 703 704 1194
f 704 705 1196
f 704 1196 1193
f 698 699 711
f 710 713 714
f 699 714 711
f 710 712 713
f 698 711 1196
f 727 734 750
f 732 743 752
f 731 732 749
f 731 749 733
f 733 749 734
f 732 752 749
f 735 752 743
f 736 739 744
f 739 738 744
f 739 741 738
f 739 1286 741
f 740 1286 742
f 740 741 1286
f 736 746 743
f 735 743 746
f 736 745 746
f 736 744 745
f 712 747 748
f 712 748 727
f 734 749 750
f 727 750 751
f 712 727 751
f 954 964 955
f 954 1200 964
f 956 957 1030
f 956 1030 1028
f 955 966 958
f 957 958 967
f 955 964 965
f 955 965 966
f 958 966 967
f 957 967 1030
f 1017 1029 1025
f 1017 1040 1019
f 1018 1019 1034
f 1017 1025 1039
f 1017 1039 1040
f 1026 1027 1033
f 1025 1029 1026
f 1027 1028 1032
f 1027 1032 1033
f 1028 1030 1031
f 1028 1031 1032
f 1025 1026 1033
f 1000 1018 1041
f 1000 1041 1008
f 1007 1008 1037
f 1018 1034 1041
f 1019 1040 1034
f 1006 1007 1035
f 1006 3774 1009
f 1009 3774 1010
f 1006 1035 3774
f 1008 1036 1037
f 1008 1041 1036
f 1007 1037 1035
f 1178 1190 1180
f 701 1191 1178
f 1183 1199 1184
f 1179 1180 1192
f 1179 1192 1183
f 701 1195 1191
f 1183 1192 1199
f 1178 1191 1189
f 1178 1189 1190
f 1180 1190 1192
f 701 702 1195
f 702 703 1195
f 703 1194 1195
f 704 1193 1194
f 1181 1182 1200
f 954 1181 1200
f 1182 1184 1198
f 1182 1198 1200
f 1184 1197 1198
f 1184 1199 1197
f 742 1286 1287
f 2262 2263 2264
f 2267 2264 2263
f 2267 2265 2264
f 2267 2266 2265
f 2267 2268 2266
f 2267 2288 2268
f 2268 2288 2289
f 2288 2294 2289
f 2294 2358 2289
f 2294 2295 2359
f 2295 2291 2360
f 2294 2359 2358
f 2295 2360 2359
f 2291 2292 2408
f 2291 2408 2360
f 2292 2401 2402
f 2292 2402 2408
f 2401 2400 2403
f 2401 2403 2402
f 2400 2405 2404
f 2400 2404 2403
f 2405 2406 2416
f 2405 2416 2404
f 2406 2407 2417
f 2407 2427 2418
f 2406 2417 2416
f 2407 2418 2417
f 2426 2429 2427
f 2426 2428 2429
f 2418 2427 2429
f 2428 2445 2429
f 2428 2430 2449
f 2428 2449 2445
f 2430 2432 2450
f 2430 2450 2449
f 2432 2451 2450
f 2431 2681 2432
f 2431 2444 2681
f 2432 2681 2451
f 2444 2668 2682
f 2444 2682 2681
f 2668 2670 2683
f 2668 2683 2682
f 2669 2684 2670
f 2669 2671 2684
f 2670 2684 2683
f 2671 2672 2788
f 2671 2788 2684
f 2672 2693 2790
f 2672 2789 2788
f 2672 2790 2789
f 2790 2794 2791
f 2692 2790 2693
f 2692 2794 2790
f 2791 2794 2805
f 2794 2797 2805
f 2797 2806 2805
f 2797 2807 2806
f 2795 2798 2808
f 2796 2807 2797
f 2795 2808 2796
f 2796 2808 2807
f 2798 2813 2808
f 2798 2858 2813
f 2813 2858 2814
f 2814 2858 2815
f 2815 2858 2868
f 2867 2874 2868
f 2867 2869 2874
f 2869 2870 2877
f 2815 2868 2874
f 2869 2877 2874
f 2870 2878 2877
f 2870 2879 2878
f 2870 2872 2879
f 2871 2908 2872
f 2871 2873 2908
f 2872 2908 2879
f 2873 2913 2909
f 2873 2909 2908
f 2910 2913 2911
f 2911 2776 2912
f 2909 2913 2910
f 2911 2913 2776
f 2912 2776 2775
f 2912 2775 2777
f 2777 2778 2925
f 2778 2780 2927
f 2779 2923 2780
f 2912 2777 2925
f 2778 2926 2925
f 2778 2927 2926
f 2780 2923 2927
f 2781 2928 2923
f 2779 2781 2923
f 2781 2782 2928
f 2782 2784 2930
f 2783 2924 2784
f 2783 3073 2924
f 3073 5022 4961
f 2782 2929 2928
f 2782 2930 2929
f 2784 2924 2930
f 2924 3073 4961
f 3716 4249 3717
f 3740 3741 3761
f 3739 3740 3765
f 3739 3765 3749
f 3747 3748 3768
f 3749 3767 3748
f 3750 3811 3789
f 3747 3811 3750
f 3740 3761 3765
f 3749 3765 3766
f 3749 3766 3767
f 3748 3767 3768
f 3747 3768 3811
f 3770 3771 3777
f 1010 3776 3771
f 3770 3778 3772
f 3771 3776 3777
f 1010 3774 3775
f 1010 3775 3776
f 3772 3778 3773
f 3770 3777 3778
f 3741 3773 3780
f 3773 3778 3779
f 3773 3779 3780
f 3741 3780 3761
f 3790 3789 3810
f 3790 3812 3791
f 3791 3822 3792
f 3792 3820 3793
f 3793 3821 3795
f 3794 3795 3823
f 3788 3794 3825
f 3788 3826 3801
f 3802 3803 3824
f 3801 3827 3803
f 3800 3802 3990
f 3790 3810 3812
f 3789 3811 3809
f 3789 3809 3810
f 3791 3812 3822
f 3792 3822 3820
f 3795 3821 3823
f 3793 3820 3821
f 3794 3823 3825
f 3788 3825 3826
f 3801 3826 3827
f 3803 3827 3824
f 3800 3990 3981
f 3980 3981 3989
f 3413 3982 3993
f 3413 3993 3984
f 3802 3824 3990
f 3981 3990 3989
f 3980 3991 3982
f 3980 3989 3991
f 4249 4260 4263
f 4962 5022 4963
f 4961 5022 4962
f 4963 5020 4960
f 5025 5027 5096
f 5044 5045 5100
f 5043 5044 5100
f 5045 5069 5120
f 5067 5118 5068
f 5066 5068 5121
f 5066 5121 5069
f 4963 5022 5020
f 4960 5020 5021
f 4960 5021 5023
f 4964 5023 5024
f 5024 5026 5095
f 5025 5096 5026
f 4960 5023 4964
f 5024 5095 5094
f 4964 5024 5094
f 5026 5096 5095
f 5027 5042 5101
f 5027 5101 5096
f 5043 5100 5099
f 5042 5098 5101
f 5042 5099 5098
f 5042 5043 5099
f 5045 5120 5100
f 5069 5119 5120
f 5069 5121 5119
f 5068 5118 5121
f 5067 5127 5126
f 5067 5126 5118
f 5067 5078 5127
f 5078 5077 5127
f 713 780 714
f 712 779 713
f 712 778 779
f 712 852 778
f 711 1229 1196
f 711 780 1229
f 711 714 780
f 713 779 780
f 738 741 824
f 740 824 741
f 740 742 825
f 738 822 744
f 735 746 866
f 745 866 746
f 745 744 821
f 749 845 750
f 750 845 751
f 749 847 845
f 751 845 852
f 749 752 847
f 735 848 752
f 712 751 852
f 740 825 826
f 744 820 821
f 745 821 866
f 744 822 820
f 738 824 822
f 740 826 824
f 752 848 846
f 735 866 848
f 752 846 847
f 965 1115 966
f 966 1115 967
f 964 1200 1060
f 965 1062 1115
f 964 1062 965
f 964 1061 1062
f 964 1060 1061
f 967 1114 1030
f 1030 1118 1031
f 1030 1117 1118
f 1030 1114 1117
f 967 1115 1114
f 1032 1119 1033
f 1031 1119 1032
f 1025 1033 1138
f 1031 1118 1119
f 1033 1119 1138
f 1025 1126 1039
f 1034 1040 1127
f 1039 1127 1040
f 1034 1128 1041
f 1039 1126 1127
f 1025 1138 1125
f 1025 1125 1126
f 1034 1127 1128
f 1036 1041 1129
f 1036 1131 1037
f 1035 1037 1131
f 1041 1128 1129
f 1036 1129 1130
f 1036 1130 1131
f 1191 1195 1210
f 1189 1191 1213
f 1191 1212 1213
f 1191 1210 1212
f 1189 1211 1190
f 1190 1211 1192
f 1189 1213 1211
f 1192 1211 1242
f 1193 1230 1194
f 1193 1196 1232
f 1196 1231 1232
f 1196 1229 1231
f 1194 1230 1195
f 1193 1232 1230
f 1195 1230 1210
f 1197 1199 1244
f 1192 1242 1199
f 1199 1242 1243
f 1200 1198 1245
f 1197 1245 1198
f 1197 1244 1245
f 1199 1243 1244
f 1060 1200 1245
f 742 1287 825
f 1306 1326 1325
f 1326 1330 1327
f 1325 1326 1328
f 1326 1327 1328
f 1288 1415 1412
f 825 1287 1288
f 825 1288 1412
f 1412 1415 1413
f 1306 1416 1415
f 1413 1415 1417
f 1415 1416 1417
f 1306 1418 1416
f 1306 1325 1418
f 2155 2156 2157
f 2156 2163 2157
f 2157 2163 2164
f 2163 2165 2164
f 2163 2166 2165
f 2163 2167 2166
f 2166 2167 2175
f 2167 2162 2175
f 2162 2176 2175
f 2162 2177 2176
f 2162 2261 2178
f 2162 2178 2177
f 2261 2262 2278
f 2178 2261 2278
f 2262 2264 2278
f 2278 2264 2280
f 2264 2265 2281
f 2264 2281 2280
f 2265 2266 2282
f 2265 2282 2281
f 2266 2268 2282
f 2268 2361 2282
f 2268 2289 2363
f 2268 2362 2361
f 2268 2363 2362
f 2289 2358 2363
f 2358 2359 2364
f 2358 2364 2363
f 2359 2360 2364
f 2364 2360 2365
f 2360 2408 2367
f 2360 2366 2365
f 2360 2367 2366
f 2367 2408 2402
f 2402 2403 2414
f 2403 2404 2414
f 2367 2402 2414
f 2404 2415 2414
f 2404 2419 2415
f 2404 2416 2420
f 2404 2420 2419
f 2416 2417 2420
f 2417 2418 2443
f 2418 2429 2443
f 2417 2443 2420
f 2429 2446 2443
f 2429 2447 2446
f 2429 2448 2447
f 2429 2445 2448
f 2445 2449 2448
f 2448 2449 2453
f 2449 2450 2453
f 2450 2451 2453
f 2451 2681 2456
f 2451 2454 2453
f 2451 2455 2454
f 2451 2456 2455
f 2456 2681 2682
f 2682 2683 2685
f 2683 2684 2685
f 2456 2682 2685
f 2684 2788 2785
f 2684 2785 2685
f 2788 2786 2785
f 2788 2789 2787
f 2789 2790 2787
f 2790 2791 2792
f 2788 2787 2786
f 2790 2792 2787
f 2791 2793 2792
f 2791 2805 2793
f 2805 2806 2810
f 2806 2807 2810
f 2807 2808 2812
f 2805 2809 2793
f 2805 2810 2809
f 2807 2812 2810
f 2808 2840 2812
f 2808 2813 2840
f 2813 2814 2842
f 2814 2815 2842
f 2815 2874 2844
f 2813 2841 2840
f 2813 2842 2841
f 2815 2844 2842
f 2844 2874 2845
f 2845 2874 2877
f 2877 2878 2903
f 2878 2879 2931
f 2845 2877 2902
f 2877 2903 2902
f 2879 2908 2931
f 2878 2931 2903
f 2908 2932 2931
f 2908 2934 2932
f 2908 2909 2934
f 2909 2935 2934
f 2909 2910 2935
f 2910 2911 2936
f 2911 2912 2936
f 2912 2925 2953
f 2910 2936 2935
f 2912 2952 2936
f 2912 2953 2952
f 2925 2954 2953
f 2926 2955 2954
f 2925 2926 2954
f 2926 2927 2955
f 2927 2923 2955
f 2923 2956 2955
f 2923 2928 2966
f 2928 2929 2967
f 2929 2930 4970
f 2924 4970 2930
f 2923 2966 2956
f 2928 2967 2966
f 2929 4970 2967
f 3761 3845 3765
f 3761 3900 3845
f 3766 3765 3846
f 3766 3848 3767
f 3767 3848 3768
f 3765 3845 3846
f 3766 3846 3847
f 3766 3847 3848
f 1035 3886 3774
f 3774 3887 3775
f 3775 3889 3776
f 3776 3889 3777
f 1035 1131 3886
f 3774 3886 3887
f 3775 3887 3888
f 3775 3888 3889
f 3777 3890 3778
f 3777 3889 3890
f 3778 3890 3899
f 3779 3900 3780
f 3761 3780 3900
f 3778 3899 3779
f 3779 3899 3898
f 3779 3898 3900
f 3768 3920 3811
f 3809 3811 3920
f 3768 3848 3922
f 3768 3922 3920
f 3809 3920 3921
f 3809 3923 3810
f 3810 3923 3812
f 3812 3943 3822
f 3809 3921 3923
f 3812 3923 3945
f 3812 3945 3943
f 3820 3822 3943
f 3820 3946 3821
f 3821 3946 3823
f 3820 3943 3944
f 3820 3944 3946
f 3823 3946 3947
f 3823 3948 3825
f 3826 3825 3948
f 3824 3827 4009
f 3826 4009 3827
f 3823 3947 3948
f 3826 3949 4009
f 3826 3948 3949
f 3824 4010 3990
f 3824 4009 4011
f 3824 4011 4010
f 3982 3991 4014
f 3989 3990 4010
f 3989 4012 3991
f 3984 3998 3985
f 3984 3993 3998
f 3982 4014 3993
f 3985 3998 4003
f 4002 4091 4085
f 3985 4003 4001
f 4001 4003 4004
f 4001 4004 4002
f 4002 4004 4091
f 3989 4010 4012
f 4085 4092 4087
f 4087 4095 4089
f 4089 4099 4090
f 4085 4091 4092
f 4087 4092 4095
f 4089 4095 4099
f 4090 4099 4116
f 4090 4116 4112
f 4112 4117 4113
f 4113 4119 4115
f 4115 4127 4130
f 4112 4116 4117
f 4113 4117 4119
f 4115 4119 4127
f 4130 4135 4131
f 4131 4137 4134
f 4134 4138 4211
f 4127 4135 4130
f 4131 4135 4137
f 4134 4137 4138
f 4211 4213 4212
f 4138 4213 4211
f 4212 4213 4219
f 4212 4219 4215
f 4215 4232 4221
f 4215 4219 4232
f 4221 4233 4222
f 4221 4232 4233
f 4222 4234 4223
f 4222 4233 4234
f 4223 4234 4251
f 4223 4251 4244
f 4244 4251 4253
f 4244 4253 4246
f 4246 4253 4259
f 4246 4259 4247
f 4247 4260 4249
f 4247 4259 4260
f 4249 4263 5302
f 4259 4265 4260
f 4260 4265 4266
f 2924 4971 4970
f 2924 4972 4971
f 4961 4973 4972
f 2924 4961 4972
f 4961 4962 4973
f 4962 4963 4974
f 4963 4960 4974
f 4960 4964 4982
f 4962 4974 4973
f 4960 4981 4974
f 4960 4982 4981
f 4984 5094 5095
f 4984 5095 5096
f 4982 5094 4983
f 4983 5094 4984
f 4964 5094 4982
f 4984 5096 4985
f 4986 5096 5101
f 4987 5098 4993
f 4985 5096 4986
f 4986 5098 4987
f 4993 5100 4994
f 4996 4994 5100
f 4996 5119 4997
f 4995 5121 4998
f 4998 5118 4999
f 4993 5098 5099
f 4993 5099 5100
f 4986 5101 5098
f 4996 5100 5120
f 4995 5119 5121
f 4996 5120 5119
f 4998 5121 5118
f 5077 5079 5171
f 4999 5118 5126
f 5077 5171 5127
f 4995 4997 5119
f 4999 5126 5127
f 5141 5166 5142
f 5169 5526 5538
f 5142 5169 5538
f 5079 5154 5172
f 5079 5172 5171
f 5154 5175 5172
f 5154 5156 5175
f 5140 5156 5165
f 5140 5175 5156
f 5140 5165 5141
f 5141 5165 5166
f 5142 5166 5169
f 4263 5304 5302
f 4263 5312 5304
f 5304 5312 5305
f 5305 5312 5314
f 5307 5322 5308
f 5308 5322 5323
f 5308 5323 5334
f 5323 5324 5334
f 5305 5314 5307
f 5307 5314 5322
f 5329 5340 5331
f 5330 5332 5343
f 5330 5342 5557
f 5331 5344 5332
f 5324 5335 5334
f 5324 5347 5335
f 5329 5335 5347
f 5329 5347 5340
f 5331 5340 5344
f 5341 5557 5342
f 5330 5343 5342
f 5332 5344 5343
f 5526 5527 5537
f 5528 5532 5547
f 5527 5528 5539
f 5530 5545 5533
f 5530 5531 5544
f 5533 5543 5532
f 5526 5537 5538
f 5528 5547 5539
f 5527 5539 5537
f 5533 5545 5543
f 5341 5544 5531
f 5530 5544 5545
f 5532 5543 5547
f 5341 5531 5557
f 778 781 779
f 778 852 783
f 779 781 780
f 778 783 781
f 820 867 821
f 820 822 868
f 822 823 869
f 822 869 868
f 825 827 826
f 825 1412 828
f 824 826 827
f 822 824 823
f 828 1412 829
f 825 828 827
f 824 827 823
f 845 847 853
f 848 866 851
f 846 848 850
f 846 853 847
f 851 866 867
f 848 851 849
f 846 850 853
f 848 849 850
f 845 854 852
f 845 853 854
f 782 852 854
f 782 783 852
f 821 867 866
f 820 868 867
f 1060 1245 1067
f 1060 1069 1061
f 1061 1116 1062
f 1060 1067 1068
f 1060 1068 1069
f 1061 1069 1116
f 1114 1121 1117
f 1114 1122 1120
f 1114 1120 1121
f 1062 1116 1115
f 1114 1115 1122
f 1115 1116 1122
f 1118 1123 1119
f 1117 1123 1118
f 1119 1124 1138
f 1119 1123 1124
f 1117 1121 1123
f 1125 1133 1126
f 1126 1133 1127
f 1127 1136 1128
f 1125 1140 1133
f 1127 1133 1136
f 1128 1134 1129
f 1129 1137 1130
f 1130 1137 1131
f 1129 1134 1135
f 1128 1136 1134
f 1129 1135 1137
f 1131 1137 3891
f 1125 1138 1140
f 1124 1139 1138
f 1138 1139 1140
f 1212 1215 1213
f 1211 1213 1215
f 1210 1217 1212
f 1210 1216 1217
f 1210 1214 1216
f 1212 1217 1215
f 1231 1235 1232
f 1229 1234 1231
f 1230 1232 1235
f 1231 1234 1235
f 1229 1233 1234
f 1229 1236 1233
f 780 1236 1229
f 780 781 1236
f 1210 1230 1214
f 1214 1230 1235
f 1211 1246 1242
f 1243 1247 1244
f 1244 1247 1245
f 1242 1249 1243
f 1242 1248 1249
f 1242 1246 1248
f 1243 1249 1247
f 1211 1215 1246
f 1067 1245 1247
f 1325 1328 1430
f 1327 1430 1328
f 1327 1432 1430
f 1327 1431 1432
f 1327 1330 1332
f 1327 1332 1431
f 1331 1376 1333
f 1331 1332 1330
f 1331 1333 1332
f 1333 1376 1381
f 1376 1380 1381
f 1376 1379 1380
f 1376 1378 1379
f 1378 1382 1379
f 1378 1385 1384
f 1378 1384 1382
f 1383 1384 1385
f 1383 1385 1386
f 1412 1413 1422
f 1413 1414 1422
f 1416 1418 1419
f 1325 1419 1418
f 1416 1414 1417
f 1413 1417 1414
f 1416 1421 1414
f 1416 1420 1421
f 1416 1419 1420
f 829 1412 1422
f 1325 1430 1419
f 2083 2086 2087
f 2086 2089 2087
f 2086 2090 2089
f 2086 2088 2090
f 2088 2091 2090
f 2088 2095 2091
f 2091 2095 2098
f 2095 2152 2098
f 2095 2153 2152
f 2095 2150 2153
f 2150 2154 2153
f 2151 2159 2150
f 2150 2159 2154
f 2151 2155 2159
f 2155 2157 2159
f 2157 2160 2159
f 2157 2161 2160
f 2157 2164 2161
f 2161 2164 2173
f 2164 2165 2173
f 2165 2166 2173
f 2166 2175 2174
f 2166 2174 2173
f 2175 2176 2180
f 2176 2177 2181
f 2177 2178 2181
f 2175 2179 2174
f 2175 2180 2179
f 2176 2181 2180
f 2178 2279 2181
f 2178 2278 2279
f 2278 2355 2279
f 2278 2356 2355
f 2278 2280 2356
f 2280 2281 2357
f 2280 2357 2356
f 2281 2282 2357
f 2282 2371 2357
f 2282 2361 2378
f 2282 2377 2371
f 2282 2378 2377
f 2361 2362 2378
f 2362 2363 2379
f 2362 2379 2378
f 2363 2364 2379
f 2364 2388 2379
f 2364 2365 2390
f 2364 2389 2388
f 2364 2390 2389
f 2366 2367 2391
f 2367 2414 2391
f 2365 2366 2390
f 2366 2391 2390
f 2391 2414 2463
f 2414 2415 2481
f 2415 2419 2481
f 2419 2420 2482
f 2420 2443 2482
f 2443 2446 2494
f 2446 2447 2494
f 2447 2448 2497
f 2448 2453 2497
f 2414 2480 2463
f 2414 2481 2480
f 2419 2482 2481
f 2443 2483 2482
f 2443 2493 2483
f 2443 2494 2493
f 2447 2497 2494
f 2453 2498 2497
f 2453 2499 2498
f 2453 2454 2500
f 2453 2500 2499
f 2455 2512 2500
f 2454 2455 2500
f 2455 2456 2512
f 2456 2685 2512
f 2512 2685 2816
f 2685 2785 2817
f 2685 2817 2816
f 2785 2818 2817
f 2785 2786 2818
f 2786 2787 2818
f 2787 2792 2819
f 2787 2819 2818
f 2819 2792 2821
f 2792 2793 2821
f 2793 2809 2823
f 2823 2809 2810
f 2810 2812 2839
f 2793 2822 2821
f 2793 2823 2822
f 2823 2810 2839
f 2839 2812 2846
f 2812 2840 2846
f 2840 2841 2848
f 2841 2842 2848
f 2840 2847 2846
f 2840 2848 2847
f 2842 2851 2848
f 2842 2844 2851
f 2844 2852 2851
f 2844 2845 2852
f 2845 2902 2854
f 2845 2853 2852
f 2845 2854 2853
f 2854 2902 2903
f 2903 2931 2904
f 2854 2903 2904
f 2904 2931 2905
f 2905 2931 2906
f 2906 2931 2932
f 2907 2932 2934
f 2906 2932 2907
f 2907 2934 2941
f 2934 2935 2941
f 2935 2936 2941
f 2936 2952 2957
f 2936 2942 2941
f 2936 2957 2942
f 2952 2953 2958
f 2953 2954 2959
f 2955 2959 2954
f 2955 2956 2961
f 2963 2966 2967
f 2963 2967 4970
f 2956 2966 2962
f 2952 2958 2957
f 2953 2959 2958
f 2955 2960 2959
f 2955 2961 2960
f 2956 2962 2961
f 2962 2966 2963
f 3845 3900 3852
f 3845 3854 3846
f 3846 3856 3847
f 3847 3856 3848
f 3845 3852 3854
f 3846 3854 3855
f 3846 3855 3856
f 3848 3856 3925
f 1131 3891 3886
f 3886 3893 3887
f 3887 3894 3888
f 3887 3893 3892
f 3886 3891 3893
f 3887 3892 3894
f 3888 3894 3889
f 3889 3894 3895
f 3889 3895 3890
f 3890 3895 3897
f 3890 3897 3899
f 3898 3899 3901
f 3898 3901 3900
f 3896 3899 3897
f 3896 3901 3899
f 3852 3900 3901
f 3848 3927 3922
f 3920 3922 3927
f 3920 3926 3921
f 3921 3926 3923
f 3923 3930 3945
f 3848 3925 3927
f 3920 3927 3928
f 3920 3928 3926
f 3923 3926 3929
f 3923 3929 3930
f 3943 3950 3944
f 3944 3950 3946
f 3943 3945 3930
f 3946 3951 3947
f 3947 3951 3948
f 3949 3953 4009
f 3948 3953 3949
f 3943 3931 3950
f 3943 3930 3931
f 3946 3950 3971
f 3946 3971 3951
f 3948 3952 3953
f 3948 3951 3952
f 3953 4021 4009
f 4009 4022 4011
f 4010 4011 4022
f 4009 4021 4022
f 4010 4023 4012
f 3991 4012 4025
f 3991 4025 4014
f 3993 4015 3998
f 3993 4014 4015
f 4010 4022 4023
f 3998 4015 4030
f 3998 4030 4003
f 4003 4030 4036
f 4003 4036 4004
f 4004 4037 4091
f 4004 4036 4037
f 4091 4104 4092
f 4037 4104 4091
f 4092 4104 4106
f 4092 4106 4095
f 4095 4107 4099
f 4095 4106 4107
f 4099 4109 4116
f 4099 4107 4109
f 4116 4120 4117
f 4109 4120 4116
f 4117 4121 4119
f 4117 4120 4121
f 4119 4123 4127
f 4119 4121 4123
f 4123 4143 4127
f 4127 4143 4135
f 4135 4144 4137
f 4135 4143 4144
f 4137 4146 4138
f 4137 4144 4146
f 4138 4146 4227
f 4138 4227 4213
f 4213 4228 4219
f 4213 4227 4228
f 4219 4230 4232
f 4228 4230 4219
f 4230 4237 4232
f 4232 4237 4233
f 4233 4239 4234
f 4234 4240 4251
f 4233 4237 4239
f 4234 4239 4240
f 4251 4255 4253
f 4253 4256 4259
f 4240 4255 4251
f 4253 4255 4256
f 4256 4265 4259
f 4260 4266 4263
f 4263 4266 5312
f 4266 5316 5312
f 4256 4377 4265
f 4265 4378 4266
f 2963 4970 4965
f 4970 4966 4965
f 4971 4967 4966
f 4970 4971 4966
f 4971 4972 4967
f 4972 4973 4968
f 4973 4974 4968
f 4974 4981 4988
f 4972 4968 4967
f 4974 4969 4968
f 4974 4988 4969
f 4981 4982 4988
f 4982 4983 4990
f 4983 4984 4990
f 4987 4993 4992
f 4982 4989 4988
f 4982 4990 4989
f 4984 5202 4990
f 4984 4985 5203
f 4984 5203 5202
f 4986 5204 5203
f 4986 4992 5204
f 4985 4986 5203
f 4986 4987 4992
f 4993 5229 4992
f 4993 5230 5229
f 4996 5231 5230
f 4996 5232 5231
f 4993 4994 5230
f 4996 5230 4994
f 4997 5233 5232
f 4996 4997 5232
f 4995 5233 4997
f 4995 4998 5237
f 4999 5127 5000
f 4998 4999 5237
f 5000 5127 5171
f 5000 5171 5138
f 5138 5172 5139
f 5139 5172 5175
f 5140 5143 5175
f 5139 5175 5143
f 5140 5141 5144
f 5140 5144 5143
f 5141 5146 5144
f 5141 5142 5146
f 5142 5538 5147
f 5142 5147 5146
f 5138 5171 5172
f 4995 5237 5233
f 5399 5544 5400
f 5314 5317 5322
f 5312 5316 5314
f 5314 5316 5317
f 5322 5317 5318
f 5322 5318 5323
f 5324 5328 5347
f 5323 5327 5324
f 5323 5318 5327
f 5324 5327 5328
f 5347 5328 5453
f 5340 5453 5507
f 5340 5507 5344
f 5344 5507 5508
f 5342 5343 5516
f 5342 5516 5515
f 5341 5342 5515
f 5341 5400 5544
f 5341 5515 5400
f 5343 5344 5508
f 5343 5508 5516
f 5340 5347 5453
f 5539 5564 5563
f 5537 5542 5538
f 5147 5538 5542
f 5537 5563 5542
f 5537 5539 5563
f 5539 5547 5564
f 5543 5575 5547
f 5543 5545 5574
f 5547 5575 5564
f 5543 5574 5575
f 5399 5545 5544
f 5399 5574 5545
f 782 864 783
f 781 783 1240
f 783 864 1240
f 823 872 869
f 837 828 829
f 823 827 837
f 837 827 828
f 823 837 872
f 829 840 842
f 829 841 840
f 837 829 842
f 857 867 870
f 849 856 850
f 849 851 855
f 849 855 856
f 851 857 855
f 850 856 863
f 851 867 857
f 850 863 853
f 853 860 854
f 853 863 860
f 782 854 865
f 854 860 865
f 782 865 864
f 867 868 870
f 868 869 871
f 868 871 870
f 869 872 871
f 1068 1081 1069
f 1067 1080 1068
f 1067 1079 1080
f 1068 1080 1081
f 1069 1081 1153
f 1120 1122 1149
f 1120 1150 1121
f 1120 1149 1150
f 1121 1150 1155
f 1069 1153 1116
f 1116 1154 1122
f 1116 1153 1154
f 1122 1154 1149
f 1121 1155 1123
f 1123 1155 1156
f 1123 1156 1124
f 1124 1157 1139
f 1124 1156 1157
f 1139 1157 1158
f 1133 1140 1162
f 1140 1158 1162
f 1133 1165 1136
f 1137 1166 3891
f 1134 1136 1163
f 1134 1164 1135
f 1135 1169 1137
f 1139 1158 1140
f 1133 1162 1165
f 1136 1165 1163
f 1134 1163 1164
f 1166 1167 3891
f 1135 1164 1169
f 1137 1169 1166
f 1214 1225 1226
f 1215 1217 1228
f 1216 1227 1217
f 1214 1226 1216
f 1216 1226 1227
f 1217 1227 1228
f 1233 1238 1234
f 1233 1236 1239
f 1234 1237 1235
f 1234 1238 1237
f 1233 1239 1238
f 781 1241 1236
f 781 1240 1241
f 1239 1236 1241
f 1214 1235 1225
f 1235 1237 1225
f 1247 1249 1253
f 1248 1252 1249
f 1246 1251 1248
f 1246 1250 1251
f 1248 1251 1252
f 1249 1252 1253
f 1215 1250 1246
f 1215 1228 1250
f 1067 1247 1079
f 1079 1247 1253
f 1332 1333 1344
f 1333 1381 1345
f 1333 1345 1344
f 1379 1382 1391
f 1380 1393 1381
f 1379 1392 1380
f 1382 1384 1396
f 1383 1397 1384
f 1383 1386 1398
f 1345 1381 1393
f 1380 1392 1393
f 1379 1391 1392
f 1391 1382 1396
f 1384 1397 1396
f 1383 1398 1397
f 1386 1411 1398
f 1402 1403 1411
f 1403 1404 1411
f 1403 1406 1404
f 1403 1405 1407
f 1403 1407 1406
f 1405 1469 1408
f 1405 1408 1407
f 1386 1402 1411
f 1414 1421 1429
f 1420 1429 1421
f 1419 1430 1426
f 1419 1425 1420
f 829 1422 841
f 1414 1429 1422
f 1423 1429 1420
f 1420 1425 1424
f 1423 1420 1424
f 1419 1426 1425
f 841 1422 1429
f 1430 1432 1433
f 1431 1435 1432
f 1332 1434 1431
f 1426 1430 1433
f 1432 1435 1433
f 1431 1434 1435
f 1332 1344 1434
f 1408 1469 1471
f 1469 1470 1471
f 1470 1472 1471
f 1468 1473 1470
f 1470 1473 1472
f 1468 1476 1478
f 1476 1477 1478
f 1476 1479 1477
f 1468 1478 1473
f 1477 1479 1480
f 1479 1482 1481
f 1479 1481 1480
f 1482 1483 1481
f 1482 1486 1483
f 1483 1486 1487
f 1486 1548 1551
f 1486 1551 1487
f 1548 1549 1550
f 1548 1550 1551
f 1549 1552 1550
f 1549 1553 1552
f 1552 1553 1554
f 1553 1557 1554
f 1553 1555 1557
f 1555 1556 1557
f 1555 1562 1556
f 1555 1560 1562
f 1560 1561 1562
f 1561 1563 1562
f 1561 1566 1563
f 1561 1564 1566
f 1564 1565 1570
f 1564 1567 1566
f 1564 1570 1567
f 1565 2075 2077
f 1565 2077 1570
f 2075 2078 2077
f 2075 2076 2078
f 2076 2079 2078
f 2076 2084 2079
f 2076 2080 2084
f 2080 2081 2085
f 2080 2085 2084
f 2081 2083 2085
f 2083 2087 2085
f 2087 2089 2085
f 2089 2093 2085
f 2089 2090 2093
f 2090 2091 2092
f 2090 2092 2093
f 2091 2094 2092
f 2091 2098 2097
f 2091 2097 2094
f 2098 2152 2100
f 2098 2100 2097
f 2099 2100 2153
f 2100 2152 2153
f 2099 2153 2154
f 2099 2154 2185
f 2154 2187 2185
f 2154 2159 2187
f 2159 2189 2187
f 2159 2160 2189
f 2161 2188 2189
f 2160 2161 2189
f 2161 2173 2188
f 2173 2192 2188
f 2173 2174 2198
f 2174 2179 2199
f 2199 2179 2180
f 2200 2180 2181
f 2173 2198 2192
f 2174 2199 2198
f 2199 2180 2200
f 2200 2181 2203
f 2181 2204 2203
f 2181 2279 2204
f 2204 2279 2368
f 2279 2355 2368
f 2355 2369 2368
f 2355 2356 2370
f 2356 2357 2370
f 2355 2370 2369
f 2357 2371 2372
f 2357 2372 2370
f 2371 2377 2374
f 2371 2374 2372
f 2374 2377 2375
f 2375 2377 2380
f 2377 2378 2380
f 2378 2379 2380
f 2379 2385 2380
f 2379 2388 2385
f 2388 2386 2385
f 2388 2389 2386
f 2389 2390 2386
f 2390 2391 2387
f 2390 2387 2386
f 2391 2392 2387
f 2391 2393 2392
f 2391 2463 2393
f 2393 2463 2484
f 2463 2480 2484
f 2481 2485 2484
f 2480 2481 2484
f 2481 2482 2485
f 2482 2486 2485
f 2482 2487 2486
f 2482 2483 2487
f 2483 2488 2487
f 2483 2493 2488
f 2488 2493 2494
f 2489 2494 2497
f 2488 2494 2489
f 2489 2497 2492
f 2497 2498 2507
f 2498 2499 2508
f 2499 2500 2508
f 2500 2512 2509
f 2492 2497 2507
f 2498 2508 2507
f 2500 2509 2508
f 2509 2512 2513
f 2512 2816 2514
f 2512 2514 2513
f 2514 2816 2515
f 2515 2816 2817
f 2515 2818 2516
f 2515 2817 2818
f 2516 2818 2819
f 2516 2819 2824
f 2819 2829 2824
f 2819 2821 2829
f 2821 2822 2830
f 2821 2830 2829
f 2823 2831 2830
f 2822 2823 2830
f 2823 2839 2831
f 2839 3098 2831
f 2839 2846 3104
f 2846 2847 3105
f 2847 2848 3105
f 2839 3104 3098
f 2846 3105 3104
f 2848 3106 3105
f 2851 3107 3106
f 2848 2851 3106
f 2851 2852 3118
f 2851 3118 3107
f 2852 3119 3118
f 2852 2853 3119
f 2853 2854 3119
f 2854 2904 3120
f 2854 3120 3119
f 2904 2905 3128
f 2905 2906 3129
f 2906 2907 3129
f 2907 2941 3130
f 2941 2942 3132
f 2942 2957 3133
f 2957 2958 3133
f 2958 2959 3134
f 2904 3127 3120
f 2904 3128 3127
f 2905 3129 3128
f 2907 3130 3129
f 2941 3131 3130
f 2941 3132 3131
f 2942 3133 3132
f 2958 3134 3133
f 2959 3139 3134
f 2959 3151 3139
f 2959 2960 3151
f 2960 3152 3151
f 2962 3153 3152
f 2960 2961 3152
f 2961 2962 3152
f 2962 2963 3153
f 2963 3157 3153
f 2963 3158 3157
f 3158 4965 3160
f 2963 4965 3158
f 3852 3877 3854
f 3854 3878 3855
f 3852 3876 3877
f 3854 3877 3878
f 3855 3878 3856
f 3856 3881 3925
f 3856 3878 3880
f 3856 3880 3881
f 3881 3882 3925
f 3883 3927 3882
f 1167 3893 3891
f 1168 3892 3893
f 3892 3902 3894
f 3894 3903 3895
f 3895 3904 3897
f 3896 3897 3905
f 3896 3908 3901
f 1168 3893 1167
f 1168 3902 3892
f 3894 3902 3903
f 3895 3903 3904
f 3897 3904 3905
f 3896 3905 3908
f 3852 3901 3876
f 3876 3901 3908
f 3882 3927 3925
f 3883 3928 3927
f 3926 3928 3961
f 3926 3961 3929
f 3883 3960 3928
f 3928 3960 3961
f 3929 3961 3962
f 3929 3962 3930
f 3930 3963 3931
f 3950 3931 3965
f 3930 3962 3963
f 3931 3963 3964
f 3931 3964 3965
f 3950 3965 3971
f 3971 3972 3951
f 3951 3973 3952
f 3951 3972 3973
f 3952 3973 3974
f 3952 3976 3953
f 3952 3974 3976
f 3953 3976 4021
f 3965 3972 3971
f 3976 3975 4021
f 4014 4027 4015
f 4012 4023 4024
f 3975 4022 4021
f 3975 4023 4022
f 4012 4024 4025
f 4014 4025 4027
f 4015 4027 4033
f 4015 4033 4030
f 4030 4033 4038
f 4030 4038 4036
f 4036 4039 4037
f 4036 4038 4039
f 4037 4039 4040
f 4037 4040 4104
f 4104 4149 4106
f 4040 4149 4104
f 4106 4149 4152
f 4106 4152 4107
f 4107 4154 4109
f 4107 4152 4154
f 4109 4154 4172
f 4109 4172 4120
f 4120 4172 4173
f 4120 4173 4121
f 4121 4176 4123
f 4123 4177 4143
f 4143 4183 4144
f 4144 4201 4146
f 4146 4202 4227
f 4121 4173 4176
f 4123 4176 4177
f 4143 4177 4183
f 4144 4183 4201
f 4146 4201 4202
f 4227 4287 4228
f 4202 4287 4227
f 4228 4287 4290
f 4228 4290 4230
f 4230 4291 4237
f 4230 4290 4291
f 4237 4291 4293
f 4239 4293 4294
f 4237 4293 4239
f 4239 4294 4240
f 4240 4294 4375
f 4375 4386 4376
f 4376 4397 4377
f 4377 4423 4378
f 4240 4375 4255
f 4255 4375 4376
f 4255 4376 4256
f 4256 4376 4377
f 4265 4377 4378
f 4266 4378 5316
f 4378 4379 5316
f 4376 4386 4392
f 4376 4392 4397
f 4388 4387 4393
f 4387 4394 4393
f 4387 4398 4394
f 4377 4397 4400
f 4387 4405 4398
f 4398 4405 4401
f 4378 4423 4428
f 4424 4431 4425
f 3160 4965 4966
f 3160 4966 4967
f 3160 4967 4968
f 3160 4968 3159
f 3159 4968 5183
f 4968 5184 5183
f 4968 4969 5184
f 4969 4988 5185
f 5185 4988 4989
f 5185 4989 4990
f 4969 5185 5184
f 5185 4990 5186
f 5186 4990 5187
f 5195 4990 5202
f 5196 5202 5203
f 5187 4990 5195
f 5195 5202 5196
f 5196 5204 5197
f 5197 5204 5198
f 5198 5204 5199
f 5200 5199 5229
f 5196 5203 5204
f 5204 4992 5199
f 4992 5229 5199
f 5200 5231 5225
f 5228 5227 5233
f 5200 5230 5231
f 5200 5229 5230
f 5231 5232 5227
f 5232 5233 5227
f 5225 5231 5226
f 5226 5231 5227
f 5228 5233 5237
f 4999 5240 5237
f 4999 5000 5240
f 5000 5264 5240
f 5000 5138 5264
f 5138 5139 5263
f 5138 5263 5264
f 5267 5143 5275
f 5139 5143 5267
f 5139 5267 5263
f 5144 5146 5276
f 5144 5276 5275
f 5143 5144 5275
f 5273 5146 5147
f 5273 5276 5146
f 5273 5147 5274
f 5401 5574 5402
f 5398 5404 5515
f 5400 5515 5404
f 5400 5404 5403
f 5399 5400 5403
f 5399 5403 5402
f 5399 5402 5574
f 5450 5452 5318
f 5451 5327 5452
f 5451 5328 5327
f 5451 5455 5328
f 5453 5454 5507
f 5453 5328 5455
f 5453 5455 5454
f 5454 5511 5507
f 4379 5317 5316
f 5450 5318 5317
f 4379 5450 5317
f 5452 5327 5318
f 5508 5510 5516
f 5507 5511 5508
f 5508 5511 5510
f 5398 5516 5510
f 5398 5515 5516
f 5563 5565 5542
f 5274 5542 5565
f 5563 5567 5565
f 5564 5575 5568
f 5564 5568 5567
f 5563 5564 5567
f 5274 5147 5542
f 5401 5575 5574
f 5401 5568 5575
f 3191 3194 3192
f 3192 3194 3193
f 3194 3199 3197
f 3193 3194 3197
f 3197 3199 3198
f 3198 3216 3214
f 3198 3199 3216
f 3215 3214 3216
f 3215 3216 3241
f 3215 3241 3217
f 3217 3241 3218
f 3218 3239 3237
f 3218 3241 3239
f 3245 3246 3244
f 3229 3232 3450
f 3232 3451 3450
f 3454 3455 3456
f 3455 3466 3456
f 3462 3467 3590
f 3462 3590 3471
f 3471 3590 3472
f 3472 3590 3593
f 3472 3593 3473
f 3473 3593 3474
f 3474 3597 3587
f 3474 3593 3597
f 3587 3597 3588
f 3588 3598 3589
f 3588 3597 3598
f 3567 3598 3568
f 3583 3599 3584
f 4608 4623 4609
f 4603 4621 4606
f 4602 4622 4605
f 4639 4652 4640
f 3586 3599 4601
f 3599 4646 4601
f 4601 4646 4618
f 4619 4646 4645
f 4609 4623 4646
f 4611 4646 4612
f 4609 4646 4629
f 4626 4646 4631
f 4627 4646 4628
f 4613 4646 4614
f 4615 4646 4617
f 4617 4646 4633
f 4633 4646 4647
f 4633 4647 4634
f 4634 4647 4637
f 4637 4647 4650
f 4637 4650 4638
f 4638 4650 4639
f 4639 4650 4652
f 4655 4671 4656
f 4656 4671 4657
f 4692 4743 4694
f 4691 4694 4746
f 4691 4746 4706
f 4706 4746 4721
f 4709 4720 4715
f 4715 4720 4717
f 4711 4714 4716
f 4711 4781 4713
f 4713 4781 4758
f 4711 4713 4714
f 4715 4717 4716
f 4711 4716 4717
f 4706 4721 4718
f 4708 4718 4721
f 4708 4721 4720
f 4709 4708 4720
f 4727 4737 4729
f 4677 4727 4726
f 4677 4737 4727
f 4728 4729 4737
f 4728 4738 4735
f 4736 4735 4738
f 4736 4738 4740
f 4738 4744 4740
f 4728 4737 4738
f 4690 4741 4744
f 4740 4744 4741
f 4690 4743 4692
f 4690 4744 4743
f 4694 4743 4746
f 4758 4781 4759
f 4759 4781 4766
f 4764 4766 4765
f 4765 4766 4770
f 4759 4766 4764
f 4765 4770 4772
f 4769 4771 4770
f 4770 4771 4772
f 861 1256 1240
f 864 861 1240
f 837 838 872
f 837 842 838
f 843 858 838
f 843 839 858
f 840 843 842
f 840 841 843
f 843 844 839
f 843 838 842
f 858 859 862
f 870 838 858
f 839 859 858
f 855 857 858
f 856 858 863
f 855 858 856
f 857 870 858
f 860 863 861
f 858 862 1256
f 858 1256 861
f 863 858 861
f 864 865 861
f 860 861 865
f 870 871 838
f 871 872 838
f 1079 1253 1082
f 1079 1082 1080
f 1080 1082 1081
f 1082 1151 1153
f 1081 1082 1153
f 1082 1083 1152
f 1158 1159 1162
f 1159 1160 1171
f 1149 1154 1151
f 1149 1151 1150
f 1150 1151 1155
f 1082 1159 1151
f 1082 1152 1159
f 1151 1159 1155
f 1152 1160 1159
f 1151 1154 1153
f 1156 1159 1157
f 1155 1159 1156
f 1157 1159 1158
f 1162 1170 1165
f 1159 1170 1162
f 1163 1165 1170
f 1163 1170 1164
f 1164 1170 1169
f 1169 1172 1166
f 1166 1172 1167
f 1168 1167 1172
f 1169 1170 1172
f 1159 1172 1170
f 1159 1171 1172
f 1172 1173 3906
f 1171 1173 1172
f 1225 1254 1226
f 1226 1254 1227
f 1227 1254 1228
f 1239 1241 1256
f 1238 1239 1256
f 1237 1238 1256
f 1240 1256 1241
f 1237 1254 1225
f 1254 1256 1258
f 1255 1258 1256
f 1254 1258 1228
f 1255 1259 1258
f 1237 1256 1254
f 1255 1256 1257
f 862 1257 1256
f 1228 1258 1250
f 1251 1258 1252
f 1250 1258 1251
f 1082 1258 1259
f 1082 1253 1258
f 1082 1259 1083
f 1252 1258 1253
f 1344 1345 1436
f 1395 1437 1436
f 1345 1394 1436
f 1394 1395 1436
f 1391 1396 1394
f 1345 1393 1394
f 1392 1394 1393
f 1391 1394 1392
f 1394 1400 1395
f 1394 1396 1399
f 1396 1397 1399
f 1397 1398 1399
f 1398 1411 1399
f 1394 1399 1409
f 1394 1409 1400
f 1399 1404 1409
f 1400 1409 1410
f 1404 1406 1409
f 1406 1407 1409
f 1407 1408 1409
f 1409 1408 1471
f 1409 1475 1410
f 1399 1411 1404
f 843 1423 1427
f 1427 1426 1433
f 1425 1426 1427
f 1424 1425 1427
f 1423 1424 1427
f 843 1427 1436
f 843 1436 1428
f 841 1429 843
f 843 1429 1423
f 843 1428 844
f 1433 1435 1436
f 1434 1436 1435
f 1344 1436 1434
f 1427 1433 1436
f 1428 1436 1437
f 1471 1472 1474
f 1472 1473 1474
f 1409 1471 1474
f 1409 1474 1484
f 1409 1484 1475
f 1474 1478 1477
f 1473 1478 1474
f 1474 1477 1484
f 1475 1484 1485
f 1480 1481 1484
f 1477 1480 1484
f 1481 1483 1484
f 1484 1483 1487
f 1484 1489 1485
f 1484 1487 1488
f 1487 1551 1488
f 1484 1488 1558
f 1484 1558 1489
f 1488 1551 1550
f 1488 1550 1552
f 1488 1552 1558
f 1552 1554 1558
f 1554 1557 1558
f 1489 1558 1559
f 1556 1558 1557
f 1556 1562 1558
f 1562 1568 1558
f 1558 1569 1559
f 1562 1563 1568
f 1558 1568 1569
f 1563 1566 1568
f 1566 1567 1568
f 1567 1570 1568
f 1568 2102 1569
f 1570 2101 1568
f 1570 2077 2101
f 2077 2078 2101
f 2078 2079 2101
f 2079 2084 2101
f 2101 2084 2103
f 2084 2085 2103
f 2085 2093 2103
f 2092 2103 2093
f 2092 2094 2103
f 1568 2103 2102
f 1568 2101 2103
f 2102 2103 2104
f 2103 2106 2104
f 2103 2094 2105
f 2094 2097 2105
f 2103 2105 2106
f 2097 2100 2105
f 2099 2105 2100
f 2099 2185 2105
f 2105 2191 2106
f 2105 2185 2190
f 2185 2187 2190
f 2187 2189 2190
f 2188 2190 2189
f 2105 2190 2201
f 2105 2201 2191
f 2188 2192 2190
f 2192 2201 2190
f 2192 2198 2201
f 2198 2199 2201
f 2199 2200 2201
f 2200 2203 2201
f 2191 2201 2202
f 2201 2206 2202
f 2201 2203 2205
f 2203 2204 2205
f 2201 2205 2206
f 2204 2368 2205
f 2205 2368 2369
f 2205 2369 2370
f 2205 2376 2206
f 2205 2370 2373
f 2205 2373 2376
f 2370 2372 2373
f 2372 2374 2373
f 2374 2375 2373
f 2375 2380 2373
f 2376 2373 2396
f 2373 2380 2397
f 2380 2385 2397
f 2385 2386 2397
f 2386 2387 2397
f 2387 2392 2397
f 2373 2398 2396
f 2373 2397 2398
f 2397 2392 2398
f 2396 2398 2399
f 2392 2393 2398
f 2393 2484 2398
f 2398 2484 2485
f 2398 2485 2486
f 2398 2491 2399
f 2398 2486 2490
f 2486 2487 2490
f 2487 2488 2490
f 2488 2489 2490
f 2489 2492 2490
f 2398 2490 2510
f 2398 2510 2491
f 2490 2492 2510
f 2491 2510 2511
f 2492 2507 2510
f 2507 2508 2510
f 2508 2509 2510
f 2510 2517 2511
f 2509 2513 2510
f 2513 2518 2510
f 2513 2514 2518
f 2514 2515 2518
f 2515 2516 2518
f 2516 2824 2518
f 2510 2518 2517
f 2517 2518 3097
f 2518 2824 3096
f 2518 3096 3097
f 2824 2829 3096
f 2829 2830 3096
f 2830 2831 3096
f 3096 3109 3097
f 2831 3098 3096
f 3096 3098 3108
f 3098 3104 3108
f 3104 3105 3108
f 3105 3106 3108
f 3106 3107 3108
f 3096 3108 3110
f 3096 3110 3109
f 3108 3107 3110
f 3109 3110 3111
f 3107 3118 3110
f 3110 3118 3119
f 3110 3119 3120
f 3110 3135 3111
f 3110 3120 3127
f 3110 3127 3136
f 3127 3128 3136
f 3128 3129 3136
f 3129 3130 3136
f 3130 3131 3136
f 3131 3132 3137
f 3134 3137 3133
f 3110 3137 3135
f 3110 3136 3137
f 3135 3137 3138
f 3136 3131 3137
f 3132 3133 3137
f 3137 3140 3138
f 3134 3139 3137
f 3137 3139 3141
f 3137 3141 3140
f 3139 3151 3141
f 3141 3151 3152
f 3140 3141 3161
f 3141 3152 3153
f 3141 3153 3157
f 3157 3158 3162
f 3158 3160 3162
f 3160 3159 3162
f 3141 3157 3162
f 3141 5214 3161
f 3141 3162 5214
f 3867 3876 3908
f 3867 3877 3876
f 3867 3878 3877
f 3867 3880 3878
f 3867 3868 3885
f 3867 3884 3880
f 3880 3884 3881
f 3881 3884 3882
f 3883 3882 3884
f 3883 3884 3960
f 3867 4045 3884
f 3867 3885 4045
f 3960 3884 4045
f 1168 1172 3902
f 1173 3907 3906
f 1172 3906 3902
f 3902 3906 3903
f 3903 3906 3904
f 3906 3905 3904
f 3906 3908 3905
f 3867 3908 3906
f 3867 3906 3907
f 3867 3907 3868
f 3960 4045 3961
f 3962 4045 3963
f 3961 4045 3962
f 3963 4045 3964
f 3964 4045 4047
f 3964 4047 3965
f 3965 4047 3972
f 3972 4047 3973
f 3973 4047 3974
f 3974 4051 3976
f 3976 4051 3975
f 3975 4051 4023
f 4023 4053 4024
f 4024 4053 4025
f 4025 4059 4027
f 3885 4046 4045
f 4045 4046 4047
f 4046 4048 4047
f 4047 4048 4052
f 3974 4047 4051
f 4047 4053 4051
f 4047 4052 4053
f 4023 4051 4053
f 4052 4054 4053
f 4025 4053 4059
f 4053 4054 4059
f 4054 4060 4059
f 4059 4060 4063
f 4060 4064 4063
f 4027 4059 4063
f 4027 4063 4033
f 4033 4063 4067
f 4063 4064 4067
f 4064 4068 4067
f 4067 4068 4074
f 4033 4067 4038
f 4038 4073 4039
f 4038 4067 4073
f 4067 4074 4075
f 4067 4075 4073
f 4039 4073 4075
f 4039 4075 4040
f 4040 4077 4149
f 4040 4075 4077
f 4077 4082 4149
f 4074 4076 4075
f 4075 4076 4078
f 4075 4082 4077
f 4075 4078 4082
f 4078 4081 4082
f 4082 4152 4149
f 4082 4159 4152
f 4152 4159 4154
f 4154 4162 4172
f 4081 4160 4082
f 4082 4162 4159
f 4082 4160 4162
f 4154 4159 4162
f 4160 4161 4162
f 4162 4169 4172
f 4169 4170 4173
f 4161 4168 4162
f 4162 4168 4170
f 4162 4170 4169
f 4168 4171 4170
f 4170 4171 4182
f 4169 4173 4172
f 4173 4170 4176
f 4176 4170 4181
f 4176 4181 4177
f 4170 4189 4181
f 4170 4182 4189
f 4177 4181 4189
f 4177 4189 4183
f 4183 4191 4201
f 4183 4189 4191
f 4191 4196 4201
f 4196 4270 4202
f 4182 4188 4189
f 4188 4191 4189
f 4188 4190 4191
f 4190 4197 4191
f 4191 4270 4196
f 4191 4197 4270
f 4197 4269 4270
f 4196 4202 4201
f 4272 4287 4271
f 4271 4287 4270
f 4272 4271 4274
f 4271 4270 4276
f 4274 4271 4278
f 4269 4276 4270
f 4269 4275 4276
f 4271 4279 4278
f 4271 4276 4279
f 4278 4279 4282
f 4279 4283 4282
f 4279 4307 4283
f 4276 4284 4279
f 4275 4286 4276
f 4276 4286 4284
f 4279 4284 4307
f 4284 4310 4307
f 4284 4311 4310
f 4275 4285 4286
f 4284 4286 4338
f 4285 4333 4286
f 4285 4332 4333
f 4202 4270 4287
f 4277 4290 4287
f 4272 4277 4287
f 4277 4281 4290
f 4281 4306 4290
f 4291 4306 4309
f 4290 4306 4291
f 4291 4330 4293
f 4293 4341 4294
f 4294 4360 4375
f 4284 4334 4311
f 4291 4309 4330
f 4284 4338 4334
f 4286 4333 4338
f 4293 4330 4331
f 4293 4331 4341
f 4334 4338 4335
f 4335 4338 4337
f 4337 4338 4342
f 4338 4333 4346
f 4332 4339 4333
f 4338 4346 4342
f 4333 4340 4346
f 4333 4359 4340
f 4333 4339 4359
f 4342 4346 4344
f 4344 4346 4345
f 4294 4341 4343
f 4294 4343 4360
f 4360 4362 4375
f 4340 4359 4346
f 4339 4358 4359
f 4345 4346 4361
f 4346 4359 4357
f 4346 4357 4361
f 4357 4363 4361
f 4357 4364 4363
f 4357 4359 4390
f 4357 4388 4364
f 4358 4389 4359
f 4378 4430 4379
f 4379 4439 5450
f 4362 4386 4375
f 4357 4390 4387
f 4357 4387 4388
f 4359 4389 4404
f 4359 4404 4390
f 4390 4404 4387
f 4389 4403 4404
f 4377 4400 4423
f 4387 4404 4405
f 4401 4405 4402
f 4403 4422 4404
f 4402 4405 4424
f 4405 4404 4432
f 4405 4431 4424
f 4405 4432 4431
f 4378 4428 4430
f 4379 4430 4437
f 4425 4431 4426
f 4426 4431 4429
f 4404 4422 4441
f 4404 4441 4432
f 4432 4441 4431
f 4429 4431 4433
f 4431 4441 4433
f 4429 4433 4435
f 4422 4440 4441
f 4434 4435 4433
f 4434 4433 4438
f 4379 4437 4439
f 4439 4452 5450
f 4452 4453 5450
f 4440 4446 4441
f 4441 4448 4447
f 4438 4433 4447
f 4433 4441 4447
f 4438 4447 4450
f 4441 5471 4448
f 4441 4446 5471
f 4447 5470 4454
f 4447 4448 5471
f 4447 4449 4450
f 4447 4454 4449
f 3159 5183 3162
f 3162 5183 5214
f 5183 5184 5214
f 5184 5185 5214
f 5185 5186 5214
f 5186 5187 5214
f 5187 5195 5216
f 5196 5197 5216
f 5195 5196 5216
f 5197 5198 5216
f 5200 5225 5222
f 5222 5225 5226
f 3161 5214 5213
f 5213 5214 5215
f 5187 5216 5214
f 5214 5216 5215
f 5215 5216 5221
f 5198 5222 5216
f 5216 5243 5221
f 5216 5222 5243
f 5221 5243 5242
f 5198 5199 5222
f 5200 5222 5199
f 5222 5226 5243
f 5228 5237 5243
f 5237 5240 5245
f 5242 5243 5244
f 5226 5227 5243
f 5228 5243 5227
f 5237 5245 5243
f 5243 5245 5244
f 5244 5245 5250
f 5240 5251 5245
f 5240 5264 5251
f 5251 5264 5253
f 5245 5253 5250
f 5245 5251 5253
f 5250 5253 5252
f 5280 5270 5281
f 5253 5264 5263
f 5263 5267 5270
f 5253 5263 5270
f 5252 5253 5269
f 5253 5270 5269
f 5280 5269 5270
f 5267 5275 5281
f 5267 5281 5270
f 5275 5283 5281
f 5273 5291 5276
f 5276 5291 5283
f 5273 5289 5291
f 5274 5293 5289
f 5273 5274 5289
f 5274 5565 5293
f 5275 5276 5283
f 5280 5281 5282
f 5281 5291 5282
f 5281 5283 5291
f 5288 5289 5292
f 5282 5291 5290
f 5288 5290 5291
f 5288 5291 5289
f 5289 5293 5292
f 5292 5293 5294
f 5293 5565 5295
f 5293 5410 5294
f 5293 5295 5410
f 5359 5471 5469
f 5358 5470 5359
f 5357 5359 5469
f 5353 5358 5356
f 5353 5354 5358
f 5358 5359 5360
f 5357 5361 5359
f 5356 5358 5360
f 5359 5361 5371
f 5359 5371 5362
f 5356 5360 5364
f 5359 5362 5360
f 5360 5363 5364
f 5360 5366 5363
f 5378 5426 5427
f 5380 5427 5425
f 5370 5380 5377
f 5369 5378 5371
f 5370 5371 5380
f 5360 5370 5366
f 5360 5362 5370
f 5366 5370 5374
f 5362 5371 5370
f 5361 5369 5371
f 5370 5377 5373
f 5370 5373 5374
f 5376 5382 5511
f 5382 5385 5511
f 5371 5378 5427
f 5371 5427 5379
f 5377 5380 5384
f 5371 5379 5380
f 5380 5386 5383
f 5380 5383 5384
f 5380 5425 5386
f 5380 5379 5427
f 5386 5425 5420
f 5401 5412 5568
f 5398 5510 5423
f 5398 5428 5404
f 5402 5403 5408
f 5403 5404 5430
f 5401 5402 5414
f 5407 5408 5429
f 5411 5412 5413
f 5410 5568 5412
f 5294 5410 5409
f 5409 5410 5411
f 5410 5412 5411
f 5402 5408 5414
f 5408 5413 5412
f 5408 5412 5414
f 5407 5413 5408
f 5401 5414 5412
f 5419 5429 5428
f 5419 5428 5426
f 5426 5428 5427
f 5420 5425 5422
f 5422 5425 5423
f 5404 5428 5430
f 5408 5430 5428
f 5408 5428 5429
f 5421 5423 5510
f 5398 5427 5428
f 5398 5425 5427
f 5398 5423 5425
f 5385 5421 5510
f 5403 5430 5408
f 5355 5455 5451
f 4453 5452 5450
f 5451 5452 5467
f 5367 5454 5455
f 5376 5511 5454
f 4453 5464 5452
f 5452 5464 5467
f 4454 5470 5466
f 4446 5469 5471
f 4447 5471 5470
f 5470 5465 5466
f 5470 5468 5465
f 5359 5470 5471
f 5358 5468 5470
f 5354 5468 5358
f 5352 5355 5451
f 5355 5368 5455
f 5352 5451 5467
f 5367 5455 5368
f 5367 5372 5454
f 5372 5376 5454
f 5385 5510 5511
f 5295 5565 5567
f 5410 5567 5568
f 5295 5567 5410
f 1428 1437 5621
f 1395 5612 1437
f 1395 1400 5618
f 1475 1485 5799
f 1400 1410 5795
f 1410 1475 5793
f 1485 1489 5800
f 1489 1559 5805
f 1559 1569 5808
f 1569 2102 5811
f 2102 2104 5825
f 2104 2106 5880
f 1083 1259 5712
f 1152 5757 1160
f 1083 5754 1152
f 859 5634 862
f 844 5602 839
f 839 5599 859
f 844 1428 5601
f 1255 1257 5705
f 862 5633 1257
f 1255 5718 1259
f 1173 5746 3907
f 3868 3907 5946
f 1160 5734 1171
f 1171 5743 1173
f 3868 5949 3885
f 3885 5953 4046
f 4046 5959 4048
f 2106 2191 5883
f 2191 2202 5888
f 2202 2206 5891
f 2206 2376 5900
f 2376 2396 5903
f 2396 2399 8144
f 2399 2491 8147
f 2491 2511 8154
f 2511 2517 8192
f 2517 3097 8199
f 3097 3109 8202
f 3109 3111 8209
f 3111 3135 8222
f 3135 3138 8227
f 3138 3140 8230
f 3140 3161 8233
f 3161 5213 8236
f 5213 5215 8385
f 4048 5972 4052
f 4052 5979 4054
f 4054 5985 4060
f 4060 5991 4064
f 4064 6027 4068
f 4068 6030 4074
f 4074 6033 4076
f 4076 6039 4078
f 4272 4274 4273
f 4272 4273 4277
f 4273 4274 4280
f 4273 4280 4277
f 4274 4278 4280
f 4277 4280 4281
f 4278 4282 4280
f 4280 4282 4283
f 4280 4306 4281
f 4280 4283 4308
f 4283 4307 4308
f 4280 4308 4306
f 4306 4308 4309
f 4308 4310 4311
f 4307 4310 4308
f 4308 4330 4309
f 4308 4311 4336
f 4311 4334 4336
f 4308 4336 4330
f 4330 4336 4331
f 4334 4335 4336
f 4335 4337 4336
f 4331 4336 4341
f 4336 4337 4342
f 4336 4347 4341
f 4336 4342 4347
f 4341 4347 4343
f 4347 4342 4344
f 4347 4344 4345
f 4343 4347 4360
f 4347 4345 4361
f 4347 4365 4362
f 4347 4362 4360
f 4347 4361 4365
f 4365 4363 4364
f 4365 4361 4363
f 4365 4364 4388
f 4362 4365 4386
f 4365 4392 4386
f 4365 4388 4391
f 4365 4391 4392
f 4388 4393 4391
f 4391 4393 4394
f 4391 4397 4392
f 4391 4394 4398
f 4391 4399 4397
f 4391 4398 4399
f 4398 4401 4399
f 4397 4399 4400
f 4399 4401 4402
f 4399 4402 4424
f 4399 4423 4400
f 4399 4427 4423
f 4399 4424 4427
f 4423 4427 4428
f 4424 4425 4427
f 4427 4430 4428
f 4425 4426 4427
f 4426 4429 4427
f 4427 4429 4436
f 4427 4436 4430
f 4429 4435 4436
f 4430 4436 4437
f 4434 4436 4435
f 4436 4439 4437
f 4434 4438 4436
f 4436 4451 4439
f 4436 4438 4451
f 4438 4450 4451
f 4439 4451 4452
f 4449 4451 4450
f 4449 4454 4451
f 4451 4453 4452
f 4451 5463 4453
f 4451 4454 5463
f 5353 5478 5354
f 5352 5478 5355
f 5353 5356 5478
f 5355 5478 5365
f 5356 5365 5478
f 5355 5365 5368
f 5356 5364 5365
f 5363 5365 5364
f 5365 5367 5368
f 5363 5366 5365
f 5375 5381 5376
f 5375 5377 5384
f 5365 5375 5367
f 5365 5366 5375
f 5366 5374 5375
f 5367 5375 5372
f 5373 5375 5374
f 5372 5375 5376
f 5373 5377 5375
f 5375 5384 5381
f 5376 5381 5382
f 5381 5385 5382
f 5381 5384 5383
f 5381 5383 5386
f 5381 5424 5385
f 5381 5386 5420
f 5385 5424 5421
f 5381 5420 5424
f 5420 5422 5424
f 5421 5424 5423
f 5422 5423 5424
f 4454 5466 5463
f 4453 5463 5464
f 5463 5467 5464
f 5463 5466 5465
f 5463 5465 5468
f 5463 5478 5467
f 5463 5468 5478
f 5354 5478 5468
f 5352 5467 5478
f 5599 5603 5637
f 5601 5605 5602
f 5601 5622 5605
f 5602 5604 5603
f 5602 5605 5604
f 5599 5602 5603
f 5612 5625 5624
f 5612 5616 5625
f 5616 5618 5617
f 5612 5618 5616
f 5617 5618 5619
f 5619 5795 5620
f 5618 5795 5619
f 5601 5621 5622
f 5621 5623 5622
f 5621 5624 5623
f 5612 5624 5621
f 1255 5705 5718
f 5633 5636 5706
f 844 5601 5602
f 1437 5612 5621
f 1428 5621 5601
f 862 5634 5633
f 859 5599 5634
f 839 5602 5599
f 1257 5633 5705
f 5634 5638 5635
f 5634 5635 5636
f 5633 5634 5636
f 5599 5638 5634
f 5599 5637 5638
f 5705 5707 5716
f 5705 5633 5707
f 5633 5706 5707
f 5711 5713 5718
f 5712 5718 5713
f 5712 5713 5714
f 5712 5714 5715
f 5712 5715 5754
f 5705 5716 5717
f 5705 5717 5718
f 5711 5718 5717
f 5732 5733 5757
f 5733 5734 5757
f 5733 5741 5734
f 5734 5741 5742
f 5734 5742 5743
f 5742 5744 5743
f 5743 5744 5745
f 5743 5745 5746
f 5745 5944 5746
f 5715 5755 5754
f 5754 5755 5756
f 5754 5756 5757
f 5732 5757 5756
f 5793 5796 5795
f 5793 5797 5796
f 5793 5794 5797
f 5620 5795 5796
f 5793 5799 5794
f 5794 5799 5798
f 5798 5799 5802
f 5799 5800 5802
f 5800 5801 5802
f 5800 5803 5801
f 5800 5805 5803
f 5803 5805 5804
f 5804 5805 5806
f 5805 5808 5806
f 5806 5808 5807
f 5807 5808 5809
f 5808 5811 5809
f 5809 5811 5810
f 5810 5811 5823
f 5811 5825 5823
f 5823 5825 5824
f 5824 5825 5826
f 5825 5880 5826
f 1400 5795 5618
f 1410 5793 5795
f 1395 5618 5612
f 1475 5799 5793
f 1485 5800 5799
f 1489 5805 5800
f 1559 5808 5805
f 1569 5811 5808
f 2102 5825 5811
f 2104 5880 5825
f 2106 5883 5880
f 2191 5888 5883
f 5826 5880 5827
f 5827 5880 5881
f 5880 5883 5881
f 5881 5883 5882
f 5882 5883 5884
f 5883 5888 5884
f 5884 5888 5885
f 5885 5888 5889
f 5888 5891 5889
f 5889 5891 5890
f 5890 5891 5892
f 5891 5900 5892
f 5892 5900 5893
f 5893 5900 5901
f 5900 5903 5901
f 5901 5903 5902
f 5902 5903 5904
f 1152 5754 5757
f 1259 5718 5712
f 1083 5712 5754
f 1160 5757 5734
f 1171 5734 5743
f 1173 5743 5746
f 3907 5746 5946
f 3868 5946 5949
f 3885 5949 5953
f 4046 5953 5959
f 4048 5959 5972
f 4052 5972 5979
f 4054 5979 5985
f 4060 5985 5991
f 4064 5991 6027
f 4068 6027 6030
f 4074 6030 6033
f 5944 5945 5946
f 5746 5944 5946
f 5945 5947 5946
f 5946 5947 5949
f 5947 5948 5949
f 5948 5963 5949
f 5949 5963 5962
f 5949 5962 5959
f 5949 5959 5953
f 5954 5959 5962
f 5954 5955 5959
f 5955 5960 5959
f 5959 5960 5961
f 5959 5961 5974
f 5959 5974 5972
f 5972 5974 5975
f 5972 5975 5980
f 5972 5980 5979
f 5979 5980 5985
f 5980 5981 5985
f 5981 5989 5985
f 5985 5989 5991
f 5989 5990 5991
f 5990 5992 5991
f 5991 5992 6027
f 5992 5993 6027
f 5993 6028 6027
f 6027 6028 6030
f 6028 6029 6030
f 6029 6031 6030
f 6030 6031 6033
f 6031 6032 6033
f 6032 6037 6033
f 6033 6037 6039
f 6037 6038 6039
f 6038 6043 6039
f 6039 6043 6045
f 6043 6044 6045
f 6044 6046 6045
f 6045 6046 6056
f 6046 6047 6056
f 6047 6048 6056
f 6048 6057 6056
f 6056 6057 6059
f 6057 6058 6059
f 6058 6107 6059
f 6059 6107 6109
f 6107 6108 6109
f 6108 6110 6109
f 6109 6110 6118
f 6110 6117 6118
f 6117 6119 6118
f 6118 6119 6121
f 6119 6120 6121
f 6120 6157 6121
f 6121 6157 6159
f 6157 6158 6159
f 6158 6160 6159
f 6159 6160 6161
f 6159 6161 10849
f 6269 6271 6272
f 6269 6272 6273
f 6269 6273 8823
f 6269 8823 6270
f 2202 5891 5888
f 2206 5900 5891
f 2376 5903 5900
f 2396 8144 5903
f 2399 8147 8144
f 2491 8154 8147
f 2511 8192 8154
f 2517 8199 8192
f 3097 8202 8199
f 3109 8209 8202
f 5903 8144 5904
f 5904 8144 8143
f 8143 8144 8145
f 8144 8147 8145
f 8145 8147 8146
f 8146 8147 8148
f 8147 8149 8148
f 8147 8154 8149
f 8149 8154 8190
f 8154 8191 8190
f 8154 8192 8191
f 8191 8192 8193
f 8192 8194 8193
f 8192 8199 8194
f 8194 8199 8200
f 8199 8201 8200
f 8199 8202 8201
f 8201 8202 8207
f 8202 8208 8207
f 8202 8209 8208
f 8208 8209 8210
f 8209 8220 8210
f 8209 8219 8220
f 8209 8222 8219
f 8219 8222 8223
f 8222 8224 8223
f 8222 8227 8224
f 8224 8227 8228
f 8227 8229 8228
f 8227 8230 8229
f 8229 8230 8231
f 8230 8232 8231
f 8230 8233 8232
f 8232 8233 8234
f 8233 8235 8234
f 8233 8236 8235
f 8235 8236 8383
f 8236 8384 8383
f 8236 8385 8384
f 8384 8385 8386
f 8385 8571 8386
f 3111 8222 8209
f 3135 8227 8222
f 3138 8230 8227
f 3140 8233 8230
f 3161 8236 8233
f 5213 8385 8236
f 5215 8572 8385
f 5221 8575 8572
f 5242 8584 8575
f 5244 8587 8584
f 5250 8642 8587
f 5252 8647 8642
f 5280 8495 8661
f 5282 8496 8495
f 5290 8719 8496
f 5269 8661 8647
f 8491 8661 8495
f 8491 8495 8492
f 8492 8495 8493
f 8493 8495 8496
f 8493 8496 8494
f 8494 8496 8720
f 8385 8572 8571
f 8571 8572 8573
f 8572 8574 8573
f 8572 8575 8574
f 8574 8575 8576
f 8575 8577 8576
f 8575 8584 8577
f 8577 8584 8585
f 8584 8586 8585
f 8584 8587 8586
f 8586 8587 8588
f 8587 8589 8588
f 8587 8642 8589
f 8589 8642 8643
f 8642 8644 8643
f 8642 8647 8644
f 8644 8647 8648
f 8647 8649 8648
f 8647 8661 8649
f 8491 8649 8661
f 8719 8721 8720
f 8719 8722 8721
f 8496 8719 8720
f 8722 8724 8723
f 8719 8724 8722
f 8723 8724 8727
f 8724 8731 8727
f 8727 8731 8728
f 8728 8731 8729
f 8729 8731 8732
f 8730 8732 8734
f 8733 8734 8885
f 8732 8885 8734
f 8729 8732 8730
f 8815 8816 8821
f 8811 8885 8813
f 8812 8813 8818
f 8811 8813 8812
f 8813 8817 8818
f 8814 8818 8817
f 8816 8817 8821
f 8814 8817 8816
f 6270 8822 8819
f 8815 8821 8820
f 8819 8822 8820
f 8819 8820 8821
f 6270 8823 8824
f 6270 8824 8822
f 8733 8885 8811
f 5215 5221 8572
f 5221 5242 8575
f 5242 5244 8584
f 5244 5250 8587
f 4076 6033 6039
f 4078 6039 6045
f 4081 6045 6056
f 4160 6056 6059
f 4161 6059 6109
f 4168 6109 6118
f 4171 6118 6121
f 4188 6121 6159
f 4188 6159 10849
f 4190 10849 10856
f 4078 6045 4081
f 4081 6056 4160
f 4160 6059 4161
f 4161 6109 4168
f 4168 6118 4171
f 4171 6121 4182
f 4182 6121 4188
f 4188 10849 4190
f 4190 10856 4197
f 4197 10856 4269
f 4269 10859 4275
f 4269 10856 10859
f 4275 10859 10874
f 4285 10874 10877
f 6161 10854 10849
f 10849 10854 10855
f 10849 10855 10856
f 10855 10857 10856
f 10856 10857 10858
f 10856 10858 10859
f 10858 10872 10859
f 10859 10872 10873
f 10859 10873 10874
f 10873 10875 10874
f 10874 10875 10876
f 10874 10876 10877
f 10876 10878 10877
f 10877 10878 10880
f 10878 10879 10880
f 10879 10881 10880
f 10880 10881 10882
f 10880 10882 10922
f 10882 10923 10922
f 10922 10923 10925
f 10923 10924 10925
f 10924 10930 10925
f 10925 10930 10932
f 10930 10931 10932
f 10931 10933 10932
f 10932 10933 10982
f 10933 10934 10982
f 10934 10983 10982
f 10982 10983 10985
f 10983 10984 10985
f 10984 10986 10985
f 10985 10986 10988
f 10986 10987 10988
f 10987 11037 10988
f 10988 11037 11039
f 11037 11038 11039
f 11038 11057 11039
f 11039 11057 11058
f 11056 11058 11057
f 11056 11059 11058
f 11058 11059 11083
f 11059 11060 11083
f 11081 11082 11083
f 11082 11085 11083
f 11060 11081 11083
f 11083 11085 11084
f 11084 11085 11086
f 6271 11112 11108
f 6269 11112 6271
f 11084 11086 11111
f 11084 11111 11110
f 11110 11111 11113
f 11112 11109 11108
f 11110 11113 11109
f 11110 11109 11112
f 4332 10877 10880
f 4339 10880 10922
f 4358 10922 10925
f 4389 10925 10932
f 4389 10932 10982
f 4403 10982 10985
f 4422 10985 10988
f 4440 10988 11039
f 4446 11039 11058
f 5469 11058 11083
f 5357 11083 11084
f 5361 11084 11110
f 5369 11110 11112
f 4275 10874 4285
f 4285 10877 4332
f 4332 10880 4339
f 4339 10922 4358
f 4358 10925 4389
f 4389 10982 4403
f 4403 10985 4422
f 4422 10988 4440
f 4440 11039 4446
f 4446 11058 5469
f 5357 5469 11083
f 5280 8661 5269
f 5280 5282 8495
f 5282 5290 8496
f 5288 5292 8724
f 5288 8719 5290
f 5292 8731 8724
f 5294 8732 8731
f 5288 8724 8719
f 5361 11110 5369
f 5369 11112 5378
f 5419 8819 5429
f 5378 6269 5426
f 5419 5426 6270
f 5407 8817 5413
f 5409 5411 8885
f 5411 5413 8813
f 5292 5294 8731
f 5294 5409 8732
f 5407 5429 8821
f 5411 8813 8885
f 5378 11112 6269
f 5419 6270 8819
f 5426 6269 6270
f 5429 8819 8821
f 5407 8821 8817
f 5413 8817 8813
f 5409 8885 8732
f 5250 5252 8642
f 5252 5269 8647
f 5357 11084 5361
f 5834 5838 5846
f 5874 5912 5872
f 5910 5872 5912
f 5874 5913 5912
f 6047 6070 6048
f 6048 6072 6057
f 6073 6058 6057
f 6048 6070 6072
f 6073 6078 6058
f 6072 6073 6057
f 6078 6079 6058
f 6079 6080 6058
f 6080 6081 6107
f 6081 6091 6107
f 6091 6092 6108
f 6080 6107 6058
f 6091 6108 6107
f 6092 6110 6108
f 6095 6117 6110
f 6092 6093 6110
f 6093 6094 6110
f 6094 6095 6110
f 6095 6134 6117
f 6119 6134 6133
f 6119 6133 6135
f 6117 6134 6119
f 6119 6136 6120
f 6119 6135 6136
f 6120 6136 6138
f 6120 6138 6157
f 6137 6157 6138
f 6137 6139 6157
f 6139 6162 6157
f 6158 6162 6164
f 6157 6162 6158
f 6158 6164 6160
f 6160 6164 6163
f 6160 6163 6165
f 6160 6165 6166
f 6161 6166 6167
f 6160 6166 6161
f 6161 6167 10854
f 6196 10855 10854
f 6197 10857 10855
f 6167 6168 10854
f 6168 6185 10854
f 6185 6196 10854
f 6196 6197 10855
f 6197 6198 10857
f 6198 6199 10857
f 6199 6200 10857
f 6200 6201 10858
f 6201 6202 10872
f 6202 6203 10872
f 6203 6213 10872
f 6213 6215 10873
f 6260 6286 11111
f 6283 11113 6284
f 6284 11113 6286
f 6287 11108 11109
f 6287 6289 11108
f 6288 11108 6289
f 6283 6285 11109
f 6285 6287 11109
f 6272 6305 6304
f 6272 6303 6305
f 6273 6304 6302
f 6306 6307 8823
f 6274 8824 6308
f 6307 6308 8823
f 6273 6302 6306
f 6273 6306 8823
f 6271 6303 6272
f 6288 6271 11108
f 6282 6271 6288
f 6282 6303 6271
f 6272 6304 6273
f 8219 8239 8217
f 8219 8217 8220
f 8219 8223 8239
f 8223 8246 8238
f 8224 8247 8246
f 8224 8248 8247
f 8228 8249 8248
f 8223 8224 8246
f 8224 8228 8248
f 8228 8229 8250
f 8228 8250 8249
f 8229 8251 8250
f 8229 8252 8251
f 8229 8231 8252
f 8231 8232 8258
f 8232 8234 8315
f 8234 8235 8317
f 8235 8383 8318
f 8321 8383 8384
f 8322 8384 8386
f 8325 8386 8571
f 8223 8238 8239
f 8231 8253 8252
f 8231 8258 8253
f 8232 8314 8258
f 8232 8315 8314
f 8234 8316 8315
f 8234 8317 8316
f 8235 8319 8317
f 8235 8318 8319
f 8318 8383 8320
f 8320 8383 8321
f 8321 8384 8323
f 8322 8323 8384
f 8322 8386 8324
f 8324 8386 8325
f 8325 8571 8327
f 8326 8327 8571
f 8326 8573 8328
f 8328 8573 8329
f 8326 8571 8573
f 8329 8574 8331
f 8330 8331 8574
f 8330 8576 8332
f 8332 8576 8433
f 8433 8577 8435
f 8434 8435 8577
f 8434 8577 8436
f 8436 8585 8437
f 8437 8586 8439
f 8438 8439 8586
f 8438 8586 8440
f 8440 8588 8441
f 8442 8443 8589
f 8441 8589 8443
f 8442 8589 8444
f 8444 8643 8445
f 8446 8447 8644
f 8445 8644 8447
f 8448 8644 8648
f 8483 8648 8649
f 8491 8486 8649
f 8446 8644 8448
f 8448 8648 8483
f 8483 8649 8485
f 8484 8485 8649
f 8484 8649 8486
f 8491 8490 8486
f 8492 8487 8488
f 8492 8489 8487
f 8492 8488 8490
f 8491 8492 8490
f 8494 8499 8497
f 8494 8498 8499
f 8494 8500 8498
f 8493 8497 8489
f 8492 8493 8489
f 8501 8720 8721
f 8500 8720 8501
f 8550 8551 8721
f 8550 8721 8552
f 8501 8721 8551
f 8493 8494 8497
f 8494 8720 8500
f 8329 8573 8574
f 8330 8574 8576
f 8433 8576 8577
f 8436 8577 8585
f 8437 8585 8586
f 8440 8586 8588
f 8441 8588 8589
f 8444 8589 8643
f 8445 8643 8644
f 8694 8811 8697
f 8697 8812 8699
f 8698 8699 8812
f 8695 8698 8812
f 8723 8741 8742
f 8723 8743 8741
f 8727 8728 8744
f 8728 8750 8744
f 8728 8745 8749
f 8728 8749 8750
f 8727 8744 8743
f 8729 8746 8745
f 8552 8721 8722
f 8531 8722 8723
f 8531 8552 8722
f 8531 8723 8742
f 8723 8727 8743
f 8730 8748 8746
f 8730 8747 8748
f 8730 8789 8747
f 8730 8734 8789
f 8728 8729 8745
f 8729 8730 8746
f 8733 8790 8734
f 8694 8733 8811
f 8734 8790 8789
f 8692 8693 8733
f 8693 8790 8733
f 8692 8733 8694
f 8814 8848 8818
f 8695 8812 8818
f 8697 8811 8812
f 8814 8816 8849
f 8831 8849 8816
f 8833 8834 8820
f 8832 8822 8835
f 8832 8833 8822
f 8830 8816 8815
f 8828 8829 8815
f 8829 8830 8815
f 8830 8831 8816
f 8828 8820 8834
f 8828 8815 8820
f 8695 8818 8696
f 8814 8847 8848
f 8696 8818 8848
f 8814 8849 8847
f 6274 8835 8824
f 8833 8820 8822
f 8835 8822 8824
f 6308 8824 8823
f 6200 10858 10857
f 6201 10872 10858
f 6213 10873 10872
f 6215 10875 10873
f 6217 10876 10875
f 6219 10878 10876
f 10878 10901 10879
f 10879 10903 10881
f 6214 10875 6215
f 6214 6216 10875
f 6216 6217 10875
f 6217 6219 10876
f 6218 10878 6219
f 6218 6220 10878
f 6220 10901 10878
f 10879 10901 10902
f 10879 10902 10903
f 10881 10903 10904
f 10881 10904 10905
f 10882 10905 10907
f 10881 10905 10882
f 10906 10923 10907
f 10906 10935 10923
f 10935 10936 10923
f 10936 10938 10924
f 10882 10907 10923
f 10936 10924 10923
f 10937 10930 10924
f 10937 10924 10938
f 10937 10939 10930
f 10940 10930 10939
f 10940 10931 10930
f 10950 10933 10931
f 10940 10951 10931
f 10950 10931 10951
f 10950 10952 10933
f 10953 10934 10933
f 10954 10983 10934
f 10952 10953 10933
f 10953 10955 10934
f 10954 10934 10955
f 10954 10956 10983
f 10989 10984 10983
f 10956 10989 10983
f 10989 10991 10984
f 10990 10984 10991
f 10990 10986 10984
f 10993 10987 10986
f 10990 10992 10986
f 10992 10993 10986
f 10993 10995 10987
f 10994 10987 10995
f 10994 11037 10987
f 11011 11038 11037
f 10994 11010 11037
f 11012 11038 11013
f 11010 11011 11037
f 11011 11013 11038
f 11012 11057 11038
f 11012 11014 11057
f 11014 11015 11057
f 11059 11049 11051
f 11059 11051 11052
f 11060 11054 11053
f 11060 11052 11054
f 11053 11055 11081
f 11056 11049 11059
f 11015 11056 11057
f 11015 11050 11056
f 11056 11050 11049
f 11059 11052 11060
f 11060 11053 11081
f 11082 11078 11085
f 11085 11078 11080
f 11055 11079 11081
f 11082 11079 11077
f 11082 11077 11078
f 6257 11086 11085
f 6257 11085 11080
f 6257 6259 11086
f 6258 11086 6259
f 11081 11079 11082
f 6286 11113 11111
f 6258 11111 11086
f 6258 6260 11111
f 6283 11109 11113
f 5643 5693 5644
f 5644 5651 5722
f 5652 5650 5721
f 5644 5693 5651
f 5651 5652 5722
f 5650 6327 5764
f 5764 6327 6376
f 5651 6342 5652
f 5652 6326 5650
f 5652 6342 6326
f 5650 6326 6327
f 5658 5682 5666
f 5659 5832 5684
f 5684 5832 5847
f 5658 5659 5683
f 5662 5692 5665
f 5662 5664 5671
f 5663 5671 5664
f 5643 5665 5694
f 5663 5666 5672
f 5663 5672 5671
f 5671 5672 5677
f 5671 5677 5692
f 5692 5677 5696
f 5666 5682 5672
f 5658 5683 5682
f 5682 5683 5689
f 5672 5682 5690
f 5659 5684 5683
f 5683 5684 5691
f 5684 5847 5688
f 5682 5689 5690
f 5672 5690 5677
f 5683 5691 5689
f 5684 5688 5691
f 5643 5694 5693
f 5665 5692 5694
f 5662 5671 5692
f 5692 5696 5694
f 5693 5694 5695
f 5651 5693 6341
f 5694 5696 5695
f 5693 5695 6341
f 5651 6341 6342
f 5704 5762 5749
f 5650 5720 5721
f 5720 5764 5723
f 5652 5721 5722
f 5704 5723 5765
f 5749 5762 5763
f 5763 6377 5769
f 5769 6377 6378
f 5650 5764 5720
f 5723 5764 5765
f 5704 5765 5762
f 5764 6376 5765
f 5762 5765 6374
f 5765 6376 6374
f 5762 6374 6375
f 5762 6375 5763
f 5763 6375 6377
f 5749 5763 5750
f 5750 5763 5769
f 5750 5769 5752
f 5752 5769 5768
f 5752 5768 5753
f 5753 5770 5965
f 5753 5768 5770
f 5770 5773 5965
f 5773 5774 5967
f 5768 5769 6378
f 5768 6389 5770
f 5768 6378 6389
f 5770 6389 6390
f 5770 6390 5773
f 5773 6393 5774
f 5774 6394 5999
f 5773 6390 6393
f 5774 6393 6394
f 5831 5847 5832
f 5831 5833 5842
f 5831 5842 5847
f 5833 5845 5842
f 5833 5834 5845
f 5834 5846 5845
f 5838 5855 5846
f 5838 5839 5855
f 5839 5858 5855
f 5839 5840 5858
f 5840 5859 5858
f 5840 5870 5859
f 5842 5850 5847
f 5842 5845 5851
f 5845 5846 5853
f 5847 5850 5688
f 5842 5851 5850
f 5845 5853 5851
f 5846 5862 5853
f 5846 5855 5862
f 5855 5858 5863
f 5858 5859 5866
f 5859 5910 5867
f 5858 5866 5863
f 5859 5867 5866
f 5870 5871 5910
f 5859 5870 5910
f 5871 5872 5910
f 5871 5874 5872
f 5874 5878 5913
f 5878 5905 5914
f 5905 5906 5924
f 5906 5907 5925
f 5907 8158 5935
f 5910 5912 5916
f 5912 5913 5917
f 5878 5914 5913
f 5913 5914 5920
f 5867 5910 5916
f 5912 5917 5916
f 5913 5920 5917
f 5914 5921 5920
f 5905 5924 5914
f 5906 5925 5924
f 5914 5924 5921
f 5924 5925 5930
f 5925 5935 5931
f 5921 5924 5930
f 5925 5931 5930
f 5931 5935 5934
f 5907 5935 5925
f 5935 8158 5936
f 5934 5935 5936
f 5934 5936 5937
f 5773 5967 5965
f 5774 5969 5967
f 5969 5999 5995
f 5774 5999 5969
f 5995 5999 6000
f 5995 6000 5996
f 5996 6003 6007
f 5996 6000 6003
f 6003 6004 6007
f 5999 6648 6000
f 5999 6394 6648
f 6000 6649 6003
f 6000 6648 6649
f 6003 6649 6652
f 6003 6652 6004
f 6004 6652 6653
f 6004 6653 6015
f 6015 6653 6654
f 6004 6008 6007
f 6004 6015 6008
f 6008 6015 6011
f 6011 6015 6016
f 6011 6016 6012
f 6012 6018 6062
f 6015 6654 6016
f 6016 6654 6665
f 6016 6665 6018
f 6018 6665 6672
f 6012 6016 6018
f 6018 6020 6062
f 6018 6672 6020
f 6020 6672 6673
f 6020 6673 6071
f 6020 6063 6062
f 6063 6071 6070
f 6020 6071 6063
f 6070 6071 6072
f 6078 6720 6079
f 6071 6674 6072
f 6072 6720 6073
f 6073 6720 6078
f 6079 6719 6074
f 6079 6074 6075
f 6081 6075 6076
f 6081 6076 6077
f 6079 6720 6719
f 6079 6075 6080
f 6080 6075 6081
f 6081 6077 6091
f 6091 6077 6092
f 6092 6098 6093
f 6093 6098 6094
f 6094 6099 6095
f 6095 6100 6134
f 6133 6134 6103
f 6133 6103 6135
f 6092 6077 6096
f 6092 6096 6098
f 6094 6098 6097
f 6094 6097 6099
f 6095 6099 6100
f 6134 6100 6103
f 6135 6103 6104
f 6135 6104 6105
f 6136 6105 6153
f 6136 6135 6105
f 6136 6153 6138
f 6137 6138 6153
f 6137 6154 6139
f 6139 6156 6162
f 6162 6156 6164
f 6163 6164 6156
f 6163 6170 6165
f 6137 6153 6154
f 6139 6154 6155
f 6139 6155 6156
f 6163 6156 6169
f 6163 6169 6170
f 6165 6170 6171
f 6165 6171 6172
f 6165 6172 6166
f 6166 6172 6167
f 6168 6172 6173
f 6168 6173 6177
f 6185 6177 6178
f 6185 6178 6179
f 6167 6172 6168
f 6168 6177 6185
f 6185 6179 6196
f 6198 6179 6180
f 6198 6180 6181
f 6199 6181 6182
f 6199 6182 6183
f 6196 6179 6197
f 6197 6179 6198
f 6198 6181 6199
f 6199 6183 6200
f 6200 6183 6201
f 6201 6183 6202
f 6202 6207 6203
f 6202 6183 6206
f 6202 6206 6207
f 6203 6207 6208
f 6203 6208 6221
f 6203 6221 6213
f 6214 6221 6222
f 6214 6222 6223
f 6216 6223 6224
f 6216 6224 6225
f 6213 6221 6215
f 6214 6215 6221
f 6214 6223 6216
f 6216 6225 6217
f 6217 6225 6219
f 6218 6219 6225
f 6218 6227 6220
f 6218 6225 6226
f 6218 6226 6227
f 6220 6227 6228
f 6220 6231 10901
f 6231 10902 10901
f 6231 10903 10902
f 6233 10904 10903
f 6220 6228 6231
f 6232 10903 6231
f 6232 6233 10903
f 6235 10905 10904
f 6233 6234 10904
f 6234 6235 10904
f 6236 10907 6235
f 6236 6237 10906
f 6237 6238 10935
f 6238 6239 10935
f 6253 6254 11054
f 6254 6255 11053
f 6255 6256 11055
f 6256 6264 11079
f 6264 11077 11079
f 6261 11078 11077
f 6262 11080 11078
f 6261 11077 6264
f 6261 6262 11078
f 6257 11080 6263
f 6262 6263 11080
f 6257 6263 6265
f 6259 6265 6266
f 6258 6266 6267
f 6260 6268 6286
f 6260 6267 6268
f 6258 6259 6266
f 6257 6265 6259
f 6258 6267 6260
f 6306 6278 6307
f 6274 6308 6280
f 6307 6278 6308
f 6302 6277 6281
f 6274 6280 8837
f 6306 6281 6279
f 6306 6279 6278
f 6280 6308 6278
f 6285 6292 6293
f 6287 6294 6289
f 6289 6294 6295
f 6287 6293 6294
f 6288 6289 6295
f 6282 6288 6296
f 6288 6295 6296
f 6282 6296 6297
f 6284 6286 6290
f 6286 6268 6290
f 6284 6290 6291
f 6283 6291 6292
f 6283 6292 6285
f 6285 6293 6287
f 6283 6284 6291
f 6302 6304 6276
f 6302 6281 6306
f 6305 6313 6275
f 6303 6313 6305
f 6303 6297 6313
f 6304 6275 6276
f 6302 6276 6277
f 6304 6305 6275
f 6282 6297 6303
f 6071 6673 6674
f 6072 6674 6720
f 5936 8158 8161
f 8161 8162 8172
f 8162 8163 8173
f 8163 8195 8176
f 5936 8161 8172
f 5936 8172 5937
f 8172 8173 8179
f 8162 8173 8172
f 8173 8176 8180
f 8163 8176 8173
f 8176 8195 8177
f 8176 8177 8183
f 8177 8237 8184
f 5937 8172 8179
f 8173 8180 8179
f 8176 8183 8180
f 8177 8184 8183
f 8184 8237 8185
f 8177 8195 8215
f 8177 8215 8237
f 8215 8217 8237
f 8237 8217 8239
f 8185 8237 8239
f 8238 8246 8270
f 8239 8238 8270
f 8247 8266 8263
f 8246 8247 8263
f 8247 8268 8266
f 8249 8267 8268
f 8247 8248 8268
f 8248 8249 8268
f 8249 8250 8269
f 8250 8251 8269
f 8251 8252 8282
f 8249 8269 8267
f 8251 8281 8269
f 8251 8282 8281
f 8253 8283 8282
f 8253 8284 8283
f 8252 8253 8282
f 8253 8258 8284
f 8284 8314 8285
f 8258 8314 8284
f 8286 8314 8315
f 8286 8315 8316
f 8285 8314 8286
f 8286 8316 8287
f 8287 8316 8298
f 8185 8239 8270
f 8246 8263 8270
f 8298 8316 8317
f 8298 8317 8319
f 8318 8334 8319
f 8318 8320 8334
f 8298 8319 8333
f 8319 8334 8333
f 8320 8335 8334
f 8320 8336 8335
f 8320 8321 8336
f 8321 8323 8336
f 8322 8341 8323
f 8322 8324 8341
f 8323 8340 8336
f 8323 8341 8340
f 8324 8342 8341
f 8324 8343 8342
f 8325 8354 8343
f 8324 8325 8343
f 8325 8355 8354
f 8325 8327 8355
f 8326 8355 8327
f 8326 8328 8355
f 8328 8356 8355
f 8328 8329 8357
f 8329 8331 8359
f 8330 8359 8331
f 8330 8332 8359
f 8332 8433 8362
f 8328 8357 8356
f 8329 8358 8357
f 8329 8359 8358
f 8332 8360 8359
f 8332 8362 8360
f 8362 8433 8361
f 8433 8435 8449
f 8434 8449 8435
f 8434 8436 8449
f 8436 8437 8451
f 8437 8439 8453
f 8438 8453 8439
f 8438 8440 8453
f 8440 8441 8455
f 8441 8443 8467
f 8442 8467 8443
f 8442 8444 8467
f 8444 8445 8469
f 8445 8447 8471
f 8446 8471 8447
f 8446 8448 8471
f 8361 8433 8449
f 8436 8450 8449
f 8436 8451 8450
f 8437 8452 8451
f 8437 8453 8452
f 8440 8454 8453
f 8440 8455 8454
f 8455 8441 8456
f 8456 8441 8467
f 8444 8468 8467
f 8444 8469 8468
f 8445 8470 8469
f 8445 8471 8470
f 8448 8472 8471
f 8448 8473 8472
f 8448 8483 8473
f 8473 8483 8474
f 8474 8483 8505
f 8486 8506 8505
f 8486 8507 8506
f 8486 8490 8507
f 8490 8508 8507
f 8490 8509 8508
f 8483 8485 8505
f 8484 8505 8485
f 8484 8486 8505
f 8488 8509 8490
f 8487 8509 8488
f 8487 8489 8509
f 8489 8510 8509
f 8489 8511 8510
f 8489 8497 8511
f 8511 8497 8512
f 8512 8497 8513
f 8527 8501 8528
f 8531 8530 8552
f 8531 8742 8533
f 8533 8742 8741
f 8528 8552 8529
f 8529 8552 8530
f 8531 8532 8530
f 8533 8741 8534
f 8534 8743 8535
f 8531 8533 8532
f 8513 8497 8499
f 8513 8499 8498
f 8513 8498 8500
f 8500 8501 8545
f 8514 8500 8545
f 8513 8500 8514
f 8527 8545 8501
f 8528 8501 8551
f 8528 8551 8550
f 8528 8550 8552
f 8684 8790 8685
f 8692 8707 8693
f 8693 8707 8790
f 8685 8790 8707
f 8692 8705 8707
f 8692 8706 8705
f 8694 8697 8706
f 8697 8700 8706
f 8697 8702 8700
f 8692 8694 8706
f 8701 8696 8708
f 8701 8698 8695
f 8701 8703 8698
f 8702 8698 8703
f 8696 8709 8708
f 8709 8848 8847
f 8696 8848 8709
f 8701 8695 8696
f 8697 8699 8702
f 8702 8699 8698
f 8709 8847 8710
f 8691 8710 8847
f 8745 8754 8749
f 8744 8752 8751
f 8749 8753 8752
f 8749 8754 8753
f 8535 8743 8744
f 8534 8741 8743
f 8744 8750 8752
f 8749 8752 8750
f 8535 8744 8751
f 8746 8762 8761
f 8747 8763 8762
f 8745 8746 8754
f 8746 8761 8754
f 8746 8748 8762
f 8747 8762 8748
f 8684 8747 8789
f 8684 8763 8747
f 8684 8789 8790
f 8836 8828 8834
f 8691 8849 8831
f 8830 8842 8831
f 8829 8842 8830
f 8828 8842 8829
f 6274 8837 8835
f 8838 8832 8835
f 8838 8833 8832
f 8840 8834 8833
f 8838 8840 8833
f 8836 8834 8840
f 8836 8841 8828
f 8828 8841 8842
f 8831 8842 8843
f 8691 8831 8843
f 8837 8839 8835
f 8838 8835 8839
f 8691 8847 8849
f 6235 10907 10905
f 6236 10906 10907
f 6237 10935 10906
f 6239 10936 10935
f 6239 10938 10936
f 6239 6240 10938
f 6240 10937 10938
f 6241 10939 10937
f 6243 10940 10939
f 6243 10951 10940
f 6243 10950 10951
f 6240 6241 10937
f 6241 6242 10939
f 6242 6243 10939
f 6243 6244 10950
f 6245 10952 10950
f 6247 10953 10952
f 6244 6245 10950
f 6245 6246 10952
f 6246 6247 10952
f 10954 10955 10957
f 6247 10955 10953
f 10954 10958 10956
f 10956 10960 10989
f 6247 10957 10955
f 10954 10957 10958
f 10956 10958 10959
f 10956 10959 10960
f 10989 10996 10991
f 10990 10991 10997
f 10990 10997 10992
f 10989 10960 10996
f 10991 10996 10997
f 10992 10997 10998
f 10992 10998 10999
f 10992 10999 10993
f 10993 11000 10995
f 10994 10995 11001
f 10994 11002 11010
f 10993 10999 11000
f 10995 11000 11001
f 10994 11001 11002
f 11010 11002 11016
f 11013 11017 11018
f 11012 11018 11019
f 11010 11016 11011
f 11011 11017 11013
f 11012 11013 11018
f 11011 11016 11017
f 6248 11015 11014
f 6248 11014 11019
f 6249 11050 11015
f 6248 6249 11015
f 6249 6250 11050
f 11012 11019 11014
f 6250 11049 11050
f 6251 11051 11049
f 6250 6251 11049
f 6251 6252 11051
f 6252 11052 11051
f 6252 6253 11052
f 6253 11054 11052
f 6254 11053 11054
f 6255 11055 11053
f 6256 11079 11055
f 5855 5863 5862
f 5921 5930 6514
f 5930 5931 6515
f 5931 5934 6518
f 5934 5937 6523
f 6250 7392 6251
f 6251 7394 6252
f 6252 7394 6253
f 6255 7398 6256
f 6256 7398 6264
f 6253 7397 6254
f 6254 7397 6255
f 7412 6267 6266
f 7414 6268 6267
f 7414 6290 6268
f 6262 7410 6263
f 6261 6264 7408
f 6261 7408 6262
f 6263 7410 6265
f 7412 6266 6265
f 7475 6313 6297
f 6280 9934 8837
f 6280 7489 9934
f 6280 7490 7489
f 6276 7496 7498
f 6275 7494 6276
f 6275 6313 7494
f 7494 6313 7497
f 6276 7495 7496
f 6276 7494 7495
f 7475 7497 6313
f 6276 7498 6277
f 7490 6278 6279
f 7488 6281 6277
f 7488 6279 6281
f 7488 6277 7498
f 7487 6279 7488
f 7487 7490 6279
f 6280 6278 7490
f 6293 7517 6294
f 6291 7515 6292
f 6290 7515 6291
f 6292 7517 6293
f 7473 6295 6294
f 7473 6296 6295
f 7475 6297 6296
f 6326 6347 6327
f 6327 6349 6376
f 6327 6347 6349
f 5677 6337 5696
f 5677 5690 6337
f 5689 6338 5690
f 5690 6338 6337
f 5689 5691 6340
f 5688 6339 5691
f 5691 6339 6340
f 5689 6340 6338
f 5695 6345 6341
f 6341 6346 6342
f 6342 6346 6348
f 5695 5696 6350
f 5695 6350 6345
f 6337 6350 5696
f 6341 6345 6346
f 6326 6342 6348
f 6326 6348 6347
f 6374 6382 6375
f 6374 6376 6381
f 6374 6381 6382
f 6349 6381 6376
f 6375 6382 6383
f 6377 6385 6378
f 6375 6383 6377
f 6377 6383 6385
f 6378 6386 6389
f 6378 6385 6386
f 6390 6400 6393
f 6393 6401 6394
f 6394 6402 6648
f 6402 6659 6648
f 6389 6399 6390
f 6386 6399 6389
f 6390 6399 6400
f 6393 6400 6401
f 6394 6401 6402
f 5850 5851 6463
f 5851 5853 6464
f 5853 5862 6468
f 5851 6464 6463
f 5853 6468 6464
f 5688 5850 6462
f 5688 6462 6339
f 5850 6463 6462
f 5862 6469 6468
f 5863 6471 6469
f 5866 6471 5863
f 5866 5867 6466
f 5866 6466 6471
f 5867 6507 6466
f 5867 5916 6507
f 5916 6509 6507
f 5916 5917 6509
f 5920 5921 6511
f 5921 6514 6511
f 5930 6515 6514
f 5931 6518 6515
f 5934 6523 6518
f 5937 8906 6523
f 6648 6659 6649
f 6649 6660 6652
f 6652 6661 6653
f 6653 6662 6654
f 6649 6659 6660
f 6653 6661 6662
f 6654 6662 6663
f 6652 6660 6661
f 6654 6663 6665
f 6663 6675 6665
f 6665 6675 6672
f 6672 6675 6676
f 6672 6676 6673
f 6673 6677 6674
f 6673 6676 6677
f 6674 6680 6720
f 6674 6677 6680
f 6680 6748 6720
f 6719 6748 6074
f 6074 6726 6075
f 6076 6075 6726
f 6076 6729 6077
f 6077 6729 6096
f 6076 6726 6728
f 6096 6729 6733
f 6096 6733 6730
f 6719 6720 6748
f 6074 6727 6726
f 6074 6748 6727
f 6076 6728 6729
f 6096 6730 6098
f 6098 6730 6097
f 6097 6732 6099
f 6099 6732 6100
f 6100 6768 6103
f 6103 6768 6104
f 6104 6770 6105
f 6097 6730 6731
f 6097 6731 6732
f 6100 6732 6741
f 6100 6741 6768
f 6104 6768 6769
f 6104 6769 6770
f 6105 6770 6153
f 6153 6772 6154
f 6154 6772 6155
f 6155 6773 6156
f 6156 6774 6169
f 6153 6770 6771
f 6153 6771 6772
f 6155 6772 6773
f 6156 6773 6774
f 6774 6775 6169
f 6776 6169 6775
f 6776 6170 6169
f 6776 6171 6170
f 6777 6172 6171
f 6173 6172 6812
f 6776 6777 6171
f 6777 6778 6172
f 6778 6812 6172
f 6173 6813 6177
f 6177 6813 6178
f 6178 6814 6179
f 6173 6812 6813
f 6178 6813 6814
f 6179 6814 6815
f 6179 6815 6816
f 6180 6179 6816
f 6180 6817 6181
f 6180 6816 6817
f 6181 6817 6182
f 6182 6818 6183
f 6183 6820 6206
f 6206 6855 6207
f 6182 6817 6818
f 6183 6818 6819
f 6183 6819 6820
f 6820 6855 6206
f 6207 6855 6208
f 6208 6856 6221
f 6208 6855 6856
f 6856 6857 6221
f 6857 6858 6221
f 6858 6222 6221
f 6859 6223 6222
f 6858 6859 6222
f 6859 6224 6223
f 6224 6861 6225
f 6226 6225 6863
f 6226 6871 6227
f 6859 6861 6224
f 6225 6861 6862
f 6225 6862 6863
f 6226 6863 6871
f 6227 6871 6228
f 6228 6873 6231
f 6232 6231 6874
f 6228 6871 6872
f 6228 6872 6873
f 6231 6873 6874
f 6232 6874 6875
f 6234 6875 6876
f 6234 6876 6877
f 6235 6877 6878
f 6232 6875 6233
f 6233 6875 6234
f 6234 6877 6235
f 6236 6235 6878
f 6236 6878 7201
f 6236 7201 6237
f 6237 7201 6238
f 6238 7203 6239
f 6239 7204 6240
f 6238 7201 7202
f 6238 7202 7203
f 6239 7203 7204
f 6240 7205 6241
f 6241 7205 6242
f 6242 7207 6243
f 6243 7208 6244
f 6240 7204 7205
f 6242 7205 7206
f 6242 7206 7207
f 6243 7207 7208
f 6244 7210 6245
f 6245 7210 6246
f 6246 7212 6247
f 6247 7213 10957
f 7208 7210 6244
f 6246 7210 7211
f 6246 7211 7212
f 6247 7212 7213
f 7214 10958 10957
f 7214 10959 10958
f 7213 7214 10957
f 7253 10960 10959
f 7214 7215 10959
f 7215 7216 10959
f 7216 7253 10959
f 7253 10996 10960
f 7253 7254 10996
f 7254 10997 10996
f 7255 10998 10997
f 7257 10999 10998
f 7254 7255 10997
f 7255 7256 10998
f 7256 7257 10998
f 7257 11000 10999
f 7257 7258 11000
f 7258 11001 11000
f 7259 11002 11001
f 7258 7259 11001
f 7259 7260 11002
f 7269 11016 11002
f 7269 11017 11016
f 7260 7269 11002
f 7270 11018 11017
f 7271 11019 11018
f 7269 7270 11017
f 7270 7271 11018
f 6248 11019 7273
f 6248 7273 6249
f 7271 7272 11019
f 7272 7273 11019
f 6249 7274 6250
f 6249 7273 7274
f 6253 7394 7395
f 7274 7392 6250
f 6251 7392 7393
f 6251 7393 7394
f 6255 7397 7396
f 6253 7395 7397
f 6255 7396 7398
f 7398 7407 6264
f 7411 6265 7410
f 7411 7412 6265
f 7412 7413 6267
f 7413 7414 6267
f 6264 7407 7408
f 6262 7408 7409
f 6262 7409 7410
f 6292 7515 7516
f 6292 7516 7517
f 7414 7514 6290
f 6290 7514 7515
f 7472 6294 7517
f 7472 7473 6294
f 7473 7474 6296
f 7474 7475 6296
f 5937 8179 8906
f 8179 8180 8907
f 8180 8183 8911
f 8183 8184 8913
f 8184 8185 8912
f 8185 8270 8941
f 8266 8268 8945
f 8268 8267 8271
f 8267 8269 8947
f 8263 8942 8270
f 8266 8942 8263
f 8268 8271 8945
f 8266 8945 8942
f 8267 8946 8271
f 8267 8947 8946
f 8269 8281 8947
f 8281 8282 8288
f 8282 8283 8288
f 8283 8284 8290
f 8284 8285 8290
f 8285 8286 8291
f 8286 8287 8291
f 8287 8298 8293
f 8281 8948 8947
f 8281 8288 8948
f 8283 8289 8288
f 8283 8290 8289
f 8285 8954 8290
f 8285 8291 8954
f 8287 8292 8291
f 8287 8293 8292
f 8298 8333 8293
f 8333 8307 8293
f 8333 8334 8344
f 8334 8335 8344
f 8335 8336 8346
f 8336 8340 8346
f 8340 8341 8349
f 8341 8342 8349
f 8342 8343 8351
f 8343 8354 8351
f 8333 8344 8307
f 8335 8345 8344
f 8335 8346 8345
f 8340 8347 8346
f 8340 8349 8347
f 8342 8350 8349
f 8342 8351 8350
f 8354 8352 8351
f 8354 8353 8352
f 8354 8355 8353
f 8355 8356 8353
f 8356 8357 8364
f 8357 8358 8364
f 8358 8359 8366
f 8359 8360 8366
f 8360 8362 8368
f 8362 8361 8368
f 8356 8363 8353
f 8356 8364 8363
f 8358 8365 8364
f 8358 8366 8365
f 8360 8367 8366
f 8360 8368 8367
f 8361 8369 8368
f 8361 8370 8369
f 8361 8449 8370
f 8449 8450 8370
f 8450 8451 8458
f 8451 8452 8458
f 8452 8453 8460
f 8453 8454 8460
f 8454 8455 8462
f 8450 8457 8370
f 8450 8458 8457
f 8452 8459 8458
f 8452 8460 8459
f 8454 8461 8460
f 8468 8465 8464
f 8468 8466 8465
f 8455 8456 8462
f 8454 8462 8461
f 8456 8463 8462
f 8456 8467 8464
f 8467 8468 8464
f 8456 8464 8463
f 8469 8470 8466
f 8470 8475 8466
f 8470 8471 8476
f 8471 8472 8476
f 8470 8476 8475
f 8472 8477 8476
f 8472 8478 8477
f 8468 8469 8466
f 8472 8473 8478
f 8473 8474 8478
f 8474 8479 8478
f 8474 8480 8479
f 8474 8505 8480
f 8505 8506 8480
f 8506 8481 8480
f 8506 8482 8481
f 8545 8504 8503
f 8508 8516 8517
f 8507 8482 8506
f 8507 8508 8482
f 8508 8517 8482
f 8508 8509 8516
f 8509 8510 8516
f 8510 8511 8519
f 8510 8518 8516
f 8510 8519 8518
f 8511 8520 8519
f 8511 8512 8520
f 8512 8513 8522
f 8513 8514 8502
f 8514 8545 8503
f 8512 8522 8520
f 8513 8502 8522
f 8514 8503 8502
f 8527 8504 8545
f 8528 8529 8537
f 8529 8530 8538
f 8527 8528 8536
f 8527 8536 8504
f 8528 8537 8536
f 8529 8538 8537
f 8530 8539 8538
f 8535 8751 8540
f 8751 8541 8540
f 8530 8532 8539
f 8532 8533 8542
f 8533 8534 8543
f 8534 8535 8544
f 8532 8542 8539
f 8533 8543 8542
f 8534 8544 8543
f 8535 8540 8544
f 8684 8685 8686
f 8705 8706 8689
f 8705 8688 8707
f 8685 8707 8687
f 8684 8686 8683
f 8707 8688 8687
f 8705 8689 8688
f 8706 8690 8689
f 8685 8687 8686
f 8709 8710 9756
f 8691 9757 8710
f 8710 9757 9756
f 8709 9756 9774
f 8691 9758 9757
f 8841 9759 8842
f 8842 9758 8843
f 8842 9759 9758
f 8841 9760 9759
f 8841 9761 9760
f 8691 8843 9758
f 8701 8708 9773
f 8702 8703 9771
f 8701 9772 8703
f 8700 8702 8704
f 8702 9771 8704
f 8700 8704 8690
f 8708 9774 9773
f 8703 9772 9771
f 8701 9773 9772
f 8700 8690 8706
f 8708 8709 9774
f 8751 8752 8541
f 8752 8753 8756
f 8753 8754 8757
f 8754 8761 8755
f 8753 8757 8756
f 8752 8756 8541
f 8754 8755 8757
f 8761 8758 8755
f 8762 8682 8758
f 8761 8762 8758
f 8762 8763 8682
f 8684 8683 8763
f 8763 8683 8682
f 8839 9933 9932
f 8836 8840 9761
f 8840 9754 9761
f 8840 9932 9754
f 8837 9934 8839
f 8838 8839 9932
f 8838 9932 8840
f 8839 9934 9933
f 8836 9761 8841
f 8179 8907 8906
f 8180 8911 8907
f 8183 8913 8911
f 8184 8912 8913
f 8185 8941 8912
f 8270 8942 8941
f 5862 5863 6469
f 6469 6471 6485
f 5917 6510 6509
f 5917 5920 6510
f 5920 6511 6510
f 6730 6783 6731
f 6731 6783 6732
f 6726 6727 6949
f 6727 6748 6949
f 6726 6779 6749
f 6726 6749 6728
f 6728 6749 6729
f 6729 6780 6733
f 6733 6782 6730
f 6729 6749 6780
f 6733 6780 6781
f 6733 6781 6782
f 6726 6949 6779
f 6768 6786 6769
f 6769 6786 6770
f 6770 6788 6771
f 6772 6771 6789
f 6772 6791 6773
f 6773 6791 6774
f 6774 6796 6775
f 6776 6775 6797
f 6776 6798 6777
f 6777 6798 6778
f 6778 6800 6812
f 6732 6784 6741
f 6730 6782 6783
f 6732 6783 6784
f 6741 6784 6785
f 6741 6792 6768
f 6768 6792 6786
f 6770 6786 6788
f 6741 6785 6792
f 6771 6788 6787
f 6771 6787 6789
f 6772 6789 6791
f 6774 6791 6796
f 6775 6796 6795
f 6775 6795 6797
f 6776 6797 6798
f 6778 6798 6800
f 6799 6812 6800
f 6799 6801 6812
f 6813 6840 6814
f 6814 6840 6815
f 6801 6813 6812
f 6815 6842 6816
f 6816 6843 6817
f 6817 6883 6818
f 6818 6883 6819
f 6819 6885 6820
f 6801 6840 6813
f 6815 6840 6842
f 6816 6842 6841
f 6816 6841 6843
f 6817 6843 6883
f 6820 6886 6855
f 6855 6887 6856
f 6856 6887 6857
f 6857 6889 6858
f 6858 6890 6859
f 6859 6900 6861
f 6861 6900 6862
f 6862 6902 6863
f 6859 6890 6900
f 6862 6900 6902
f 6863 6902 6901
f 6863 6901 6903
f 6871 6927 6872
f 6872 6927 6873
f 6873 6929 6874
f 6863 6903 6871
f 6871 6903 6927
f 6873 6927 6929
f 6874 6930 6875
f 6875 6931 6876
f 6876 6931 6877
f 6877 7225 6878
f 6874 6929 6928
f 6874 6928 6930
f 6875 6930 6931
f 6877 6931 7225
f 6819 6883 6885
f 6820 6885 6884
f 6820 6884 6886
f 6855 6886 6887
f 6857 6887 6889
f 6858 6889 6888
f 6858 6888 6890
f 6878 7226 7201
f 7201 7227 7202
f 7202 7227 7203
f 7203 7229 7204
f 6878 7225 7224
f 6878 7224 7226
f 7201 7226 7227
f 7203 7227 7229
f 7204 7229 7228
f 7204 7228 7230
f 7205 7230 7209
f 7204 7230 7205
f 7205 7209 7206
f 7206 7209 7207
f 7207 7218 7208
f 7207 7209 7218
f 7208 7219 7210
f 7210 7220 7211
f 7211 7220 7212
f 7212 7222 7213
f 7208 7218 7217
f 7208 7217 7219
f 7210 7219 7220
f 7212 7220 7222
f 7213 7223 7214
f 7214 7261 7215
f 7215 7261 7216
f 7214 7223 7261
f 7213 7222 7221
f 7213 7221 7223
f 7258 7275 7259
f 7216 7262 7253
f 7253 7264 7254
f 7216 7261 7262
f 7253 7262 7263
f 7253 7263 7264
f 7254 7265 7255
f 7254 7264 7265
f 7255 7267 7256
f 7256 7267 7257
f 7255 7265 7267
f 7257 7267 7266
f 7257 7266 7268
f 7257 7268 7258
f 7258 7268 7275
f 7259 7277 7260
f 7260 7277 7269
f 7269 7278 7270
f 7270 7282 7271
f 7271 7280 7272
f 7272 7279 7273
f 7273 7281 7274
f 7259 7275 7277
f 7269 7277 7276
f 7269 7276 7278
f 7270 7278 7282
f 7271 7282 7280
f 7272 7280 7279
f 7274 7281 7403
f 7273 7279 7281
f 7402 7407 7398
f 7393 7404 7394
f 7274 7403 7392
f 7392 7405 7393
f 7394 7406 7395
f 7399 7397 7395
f 7401 7396 7397
f 7400 7398 7396
f 7400 7396 7401
f 7400 7402 7398
f 7393 7405 7404
f 7392 7403 7405
f 7394 7404 7406
f 7399 7395 7406
f 7399 7401 7397
f 7408 7420 7409
f 7407 7418 7408
f 7408 7418 7420
f 7411 7410 7421
f 7409 7419 7410
f 7409 7420 7419
f 7410 7419 7421
f 7413 7425 7414
f 7414 7425 7514
f 7413 7423 7425
f 7413 7424 7423
f 7412 7424 7413
f 7411 7424 7412
f 7411 7421 7422
f 7411 7422 7424
f 7402 7418 7407
f 7473 7481 7474
f 7472 7481 7473
f 7472 7476 7479
f 7472 7479 7481
f 7474 7482 7475
f 7475 7482 7497
f 7474 7480 7482
f 7474 7481 7480
f 7487 7488 7493
f 7487 7493 7490
f 7488 7498 7491
f 7489 7490 9938
f 7488 7492 7493
f 7498 7500 7491
f 7488 7491 7492
f 7490 7493 9938
f 7494 7508 7495
f 7496 7500 7498
f 7495 7506 7496
f 7494 7497 7508
f 7482 7505 7497
f 7497 7505 7508
f 7495 7508 7507
f 7496 7506 7500
f 7495 7507 7506
f 7514 7526 7515
f 7515 7526 7516
f 7425 7524 7514
f 7514 7524 7526
f 7476 7517 7516
f 7472 7517 7476
f 7516 7526 7525
f 7476 7516 7525
f 8271 8978 8945
f 8271 8946 8955
f 8946 8947 8955
f 8945 8978 8942
f 8271 8955 8977
f 8271 8977 8978
f 8288 8289 8959
f 8289 8290 8959
f 8947 8948 8957
f 8948 8288 8958
f 8290 8954 8960
f 8954 8291 8962
f 8291 8292 8967
f 8292 8293 8967
f 8291 8967 8962
f 8947 8957 8955
f 8948 8956 8957
f 8948 8958 8956
f 8288 8959 8958
f 8290 8960 8959
f 8954 8961 8960
f 8954 8962 8961
f 8293 8307 8969
f 8307 8344 9001
f 8293 8969 8967
f 8307 8968 8969
f 8307 9001 8968
f 8344 8345 8997
f 8345 8346 8997
f 8346 8347 8999
f 8347 8349 9000
f 8344 8997 9001
f 8346 8999 8997
f 8347 8998 8999
f 8347 9000 8998
f 8349 8350 9003
f 8350 8351 9003
f 8351 8352 9005
f 8352 8353 9006
f 8349 9003 9000
f 8351 9005 9003
f 8352 9004 9005
f 8352 9006 9004
f 8353 8363 9007
f 8363 8364 9007
f 8364 8365 9009
f 8365 8366 9010
f 8353 9007 9006
f 8364 9009 9007
f 8365 9008 9009
f 8366 9011 9010
f 8365 9010 9008
f 8366 8367 9011
f 8367 8368 9011
f 8368 8369 9013
f 8369 8370 9014
f 8368 9013 9011
f 8369 9012 9013
f 8370 8457 9280
f 8369 9014 9012
f 8370 9280 9014
f 8457 8458 9280
f 8458 8459 9282
f 8460 8461 9284
f 8461 8462 9284
f 8459 8460 9283
f 8458 9282 9280
f 8459 9281 9282
f 8459 9283 9281
f 8460 9284 9283
f 8462 8463 9287
f 8463 8464 9288
f 8464 8465 9285
f 8465 8466 9285
f 8464 9285 9288
f 8466 9297 9285
f 8462 9287 9284
f 8463 9286 9287
f 8463 9288 9286
f 8466 8475 9297
f 8475 8476 9298
f 8476 8477 9289
f 8477 8478 9289
f 8478 8479 9291
f 8475 9296 9297
f 8475 9298 9296
f 8476 9289 9298
f 8478 9291 9289
f 8479 8480 9292
f 8480 8481 9293
f 8481 8482 9293
f 8482 8517 9295
f 8479 9290 9291
f 8479 9292 9290
f 8480 9293 9292
f 8482 9295 9293
f 9294 9295 8517
f 9294 8517 9329
f 8502 8503 9335
f 8503 8504 9327
f 8504 8536 9328
f 8503 9327 9335
f 8504 9326 9327
f 8504 9328 9326
f 8516 9329 8517
f 8516 8518 9330
f 8518 8519 9330
f 8519 8520 9332
f 8516 9330 9329
f 8519 9332 9330
f 8520 9333 9331
f 8520 9331 9332
f 8520 8522 9333
f 8502 9335 8522
f 8522 9335 9333
f 8536 8537 9350
f 8537 8538 9350
f 8539 8542 9353
f 8538 8539 9352
f 9328 8536 9350
f 8538 9352 9350
f 8539 9353 9351
f 8542 9356 9353
f 8539 9351 9352
f 8541 9354 8540
f 8541 8756 9355
f 8540 9354 9357
f 8541 9355 9354
f 8543 8544 9356
f 8542 8543 9356
f 8540 9358 8544
f 8544 9358 9356
f 8540 9357 9358
f 8682 8683 9742
f 8683 8686 9742
f 8686 9744 9741
f 8686 9741 9742
f 8686 8687 9744
f 8687 8688 9743
f 8688 8689 9746
f 8689 8690 9746
f 8690 8704 9747
f 8687 9743 9744
f 8690 9747 9745
f 8688 9746 9743
f 8690 9745 9746
f 9756 9779 9774
f 9756 9753 9779
f 9754 9765 9761
f 9754 9932 9755
f 9754 9755 9764
f 9755 9932 9935
f 9756 9757 9753
f 9757 9758 9753
f 9758 9759 9763
f 9759 9760 9762
f 9760 9761 9762
f 9759 9762 9763
f 9758 9763 9752
f 9758 9752 9753
f 9761 9765 9762
f 9754 9764 9765
f 9771 9772 9778
f 9771 9776 8704
f 9772 9773 9778
f 9773 9774 9775
f 9773 9775 9777
f 9747 8704 9776
f 9771 9778 9776
f 9773 9777 9778
f 9774 9779 9775
f 8755 8758 9820
f 8756 8757 9822
f 8755 9822 8757
f 8682 9823 8758
f 8755 9821 9822
f 8755 9820 9821
f 9355 8756 9822
f 8758 9823 9820
f 8682 9742 9823
f 9933 9934 9935
f 9932 9933 9935
f 7489 9937 9934
f 9934 9937 9935
f 7489 9938 9936
f 7489 9936 9937
f 6338 6340 6362
f 6339 6489 6340
f 6345 6365 6346
f 6347 6348 6358
f 6347 6357 6349
f 6346 6364 6348
f 6345 6350 6361
f 6337 6363 6350
f 6337 6338 6363
f 6340 6489 6362
f 6346 6365 6364
f 6348 6364 6358
f 6347 6358 6357
f 6345 6361 6365
f 6350 6363 6361
f 6338 6362 6363
f 6381 6421 6382
f 6382 6422 6383
f 6383 6423 6385
f 6385 6406 6386
f 6386 6410 6399
f 6399 6411 6400
f 6400 6414 6401
f 6401 6415 6402
f 6402 6416 6659
f 6383 6422 6423
f 6386 6406 6410
f 6385 6423 6406
f 6399 6410 6411
f 6400 6411 6414
f 6401 6414 6415
f 6402 6415 6416
f 6349 6420 6381
f 6381 6420 6421
f 6349 6357 6420
f 6382 6421 6422
f 6462 6463 6476
f 6339 6462 6472
f 6463 6464 6477
f 6464 6468 6483
f 6464 6483 6477
f 6468 6469 6484
f 6468 6484 6483
f 6469 6485 6484
f 6471 6466 6486
f 6471 6486 6485
f 6466 6529 6486
f 6339 6472 6489
f 6462 6476 6472
f 6463 6477 6476
f 6484 6485 6504
f 6485 6486 6540
f 6466 6507 6529
f 6507 6509 6530
f 6507 6530 6529
f 6509 6510 6532
f 6510 6511 6533
f 6509 6532 6530
f 6510 6533 6532
f 6511 6514 6520
f 6514 6515 6524
f 6515 6525 6524
f 6511 6520 6533
f 6514 6524 6520
f 6515 6518 6525
f 6518 6526 6525
f 6518 6523 6526
f 6523 8915 6526
f 6486 6529 6541
f 6530 6542 6529
f 6530 6532 6543
f 6659 6683 6660
f 6660 6684 6661
f 6661 6687 6662
f 6662 6688 6663
f 6663 6688 6695
f 6663 6695 6675
f 6675 6696 6676
f 6675 6695 6696
f 6676 6696 6699
f 6680 6701 6748
f 6676 6699 6677
f 6677 6700 6680
f 6677 6699 6700
f 6680 6700 6701
f 6416 6683 6659
f 6660 6683 6684
f 6661 6684 6687
f 6662 6687 6688
f 6701 6949 6748
f 6749 6959 6780
f 6780 6952 6781
f 6781 6952 6782
f 6782 6953 6783
f 6783 6974 6784
f 6786 6972 6788
f 6787 6788 6972
f 6787 6972 6789
f 6784 6974 6785
f 6785 6974 6792
f 6792 6976 6786
f 6789 6978 6791
f 6786 6976 6971
f 6786 6971 6972
f 6789 6972 6977
f 6789 6977 6978
f 6791 6980 6796
f 6795 6796 6980
f 6795 6980 6797
f 6797 6982 6798
f 6791 6978 6979
f 6791 6979 6980
f 6798 7028 6800
f 6799 6800 7028
f 6799 7028 6801
f 6798 6982 7015
f 6797 6980 6981
f 6797 6981 6982
f 6798 7015 7028
f 6801 7030 6840
f 6801 7028 7029
f 6801 7029 7030
f 6883 6898 6885
f 6884 6885 6898
f 6884 6898 6886
f 6886 6899 6887
f 6887 6906 6889
f 6888 6889 6906
f 6888 6906 6890
f 6840 6893 6842
f 6841 6842 6893
f 6841 6893 6843
f 6843 6894 6883
f 6883 6894 6896
f 6840 7030 6891
f 6840 6891 6893
f 6843 6893 6892
f 6843 6892 6894
f 6883 6896 6898
f 6886 6898 6897
f 6886 6897 6899
f 6887 6899 6904
f 6887 6904 6906
f 6890 6907 6900
f 6900 6909 6902
f 6901 6902 6909
f 6901 6909 6903
f 6890 6906 6905
f 6890 6905 6907
f 6900 6907 6908
f 6900 6908 6909
f 6903 6909 6910
f 6903 6910 6940
f 6903 6940 6927
f 6927 7233 6929
f 6928 6929 7233
f 6928 7233 6930
f 6930 7235 6931
f 6927 6940 7232
f 6927 7232 7233
f 6749 6779 6959
f 6779 6949 6959
f 6780 6950 6952
f 6780 6958 6950
f 6782 6952 6951
f 6782 6951 6953
f 6783 6953 6973
f 6780 6959 6958
f 6783 6973 6974
f 6792 6974 6975
f 6792 6975 6976
f 7226 7237 7227
f 6931 7235 7236
f 6931 7239 7225
f 7224 7225 7239
f 7226 7224 7239
f 6931 7236 7239
f 7226 7239 7238
f 7227 7250 7229
f 7228 7229 7250
f 7228 7250 7230
f 7230 7251 7209
f 7226 7238 7237
f 7227 7237 7240
f 7230 7249 7251
f 7227 7240 7250
f 7230 7250 7249
f 6930 7233 7234
f 6930 7234 7235
f 7209 7246 7218
f 7217 7218 7246
f 7209 7251 7252
f 7209 7252 7246
f 7219 7247 7220
f 7217 7246 7219
f 7219 7246 7245
f 7219 7245 7247
f 7220 7284 7222
f 7221 7222 7284
f 7221 7284 7223
f 7223 7285 7261
f 7220 7247 7248
f 7220 7248 7284
f 7223 7284 7283
f 7223 7283 7285
f 7265 7300 7267
f 7266 7267 7300
f 7266 7300 7268
f 7268 7301 7275
f 7275 7306 7277
f 7276 7277 7306
f 7276 7306 7278
f 7278 7303 7282
f 7282 7438 7280
f 7279 7280 7438
f 7279 7438 7281
f 7261 7288 7262
f 7261 7285 7286
f 7262 7288 7263
f 7263 7288 7264
f 7261 7286 7288
f 7264 7288 7287
f 7264 7287 7289
f 7264 7289 7265
f 7265 7289 7290
f 7265 7290 7300
f 7268 7300 7299
f 7268 7299 7301
f 7275 7301 7302
f 7275 7302 7306
f 7278 7306 7305
f 7278 7305 7303
f 7282 7303 7304
f 7282 7304 7438
f 7281 7438 7437
f 7399 7406 7435
f 7399 7435 7436
f 7399 7452 7401
f 7400 7401 7452
f 7400 7451 7402
f 7399 7436 7452
f 7400 7452 7451
f 7281 7439 7403
f 7403 7441 7405
f 7404 7405 7441
f 7404 7442 7406
f 7435 7406 7442
f 7402 7453 7418
f 7402 7451 7453
f 7418 7457 7420
f 7419 7420 7457
f 7419 7458 7421
f 7418 7453 7454
f 7418 7454 7457
f 7419 7456 7458
f 7419 7457 7456
f 7423 7424 7578
f 7422 7578 7424
f 7423 7576 7425
f 7422 7458 7455
f 7422 7455 7578
f 7423 7578 7577
f 7423 7577 7576
f 7421 7458 7422
f 7281 7437 7439
f 7403 7439 7440
f 7403 7440 7441
f 7404 7441 7442
f 7476 7525 7483
f 7525 7477 7483
f 7476 7483 7479
f 7480 7481 7486
f 7479 7486 7481
f 7480 7509 7482
f 7479 7483 7484
f 7479 7484 7486
f 7480 7486 7485
f 7480 7485 7509
f 7493 9953 9938
f 7491 7500 7502
f 7500 7506 7501
f 7492 7504 7493
f 7491 7503 7492
f 7493 7504 9953
f 7506 7513 7501
f 7500 7501 7502
f 7491 7502 7503
f 7492 7503 7504
f 7482 7509 7505
f 7506 7507 7513
f 7507 7508 7511
f 7505 7511 7508
f 7505 7509 7512
f 7505 7512 7511
f 7507 7511 7510
f 7507 7510 7513
f 7425 7576 7524
f 7524 7478 7526
f 7525 7526 7478
f 7524 7576 7527
f 7524 7527 7478
f 7525 7478 7477
f 8906 8907 8916
f 8907 8911 8919
f 8911 8913 8921
f 8913 8912 8920
f 8912 8941 8974
f 6523 8906 8915
f 8906 8916 8915
f 8907 8919 8916
f 8911 8921 8919
f 8913 8920 8921
f 8912 8974 8920
f 8941 8942 8975
f 8941 8975 8974
f 8942 8978 8975
f 8955 8957 8982
f 8958 8959 8990
f 8956 8988 8957
f 8956 8958 8988
f 8977 8955 9044
f 8977 9044 8978
f 8957 8981 8982
f 8957 8988 8981
f 8958 8989 8988
f 8959 8960 8990
f 8958 8990 8989
f 8955 8982 9044
f 8960 8961 8993
f 8961 8962 8993
f 8962 8967 9020
f 8960 8991 8990
f 8960 8993 8991
f 8962 8992 8993
f 8962 9020 8992
f 8967 8969 9015
f 8968 9021 8969
f 8968 9001 9021
f 8997 9023 9001
f 8997 8999 9016
f 8998 9018 8999
f 8998 9000 9018
f 9003 9019 9000
f 9003 9005 9024
f 9004 9024 9005
f 9004 9006 9026
f 9006 9007 9027
f 9007 9009 9028
f 9008 9028 9009
f 9008 9010 9029
f 9010 9011 9031
f 9011 9013 9032
f 9012 9032 9013
f 9012 9014 9303
f 9014 9280 9304
f 8969 9021 9015
f 8997 9016 9023
f 8967 9015 9020
f 9001 9022 9021
f 9001 9023 9022
f 8999 9018 9016
f 9000 9017 9018
f 9000 9019 9017
f 9003 9024 9019
f 9004 9026 9024
f 9006 9025 9026
f 9006 9027 9025
f 9007 9028 9027
f 9008 9029 9028
f 9010 9030 9029
f 9010 9031 9030
f 9011 9032 9031
f 9012 9303 9032
f 9014 9302 9303
f 9014 9304 9302
f 9280 9282 9299
f 9281 9299 9282
f 9281 9283 9301
f 9283 9284 9305
f 9281 9301 9299
f 9283 9300 9301
f 9283 9305 9300
f 9284 9287 9306
f 9286 9306 9287
f 9286 9288 9308
f 9285 9309 9288
f 9284 9306 9305
f 9286 9308 9306
f 9288 9307 9308
f 9288 9309 9307
f 9289 9291 9314
f 9285 9297 9310
f 9296 9310 9297
f 9296 9298 9312
f 9298 9289 9313
f 9285 9310 9309
f 9296 9312 9310
f 9298 9311 9312
f 9298 9313 9311
f 9289 9314 9313
f 9290 9314 9291
f 9290 9292 9315
f 9292 9293 9317
f 9293 9295 9387
f 9294 9387 9295
f 9292 9316 9315
f 9292 9317 9316
f 9293 9387 9317
f 9290 9315 9314
f 9280 9299 9304
f 9294 9329 9389
f 9330 9390 9329
f 9330 9332 9340
f 9331 9340 9332
f 9331 9333 9343
f 9329 9388 9389
f 9294 9389 9387
f 9329 9390 9388
f 9331 9343 9340
f 9330 9340 9390
f 9333 9335 9341
f 9327 9344 9335
f 9326 9346 9327
f 9326 9328 9346
f 9333 9342 9343
f 9333 9341 9342
f 9335 9344 9341
f 9327 9346 9344
f 9328 9345 9346
f 9328 9377 9345
f 9328 9350 9377
f 9350 9352 9359
f 9353 9356 9362
f 9351 9360 9352
f 9351 9353 9360
f 9350 9359 9377
f 9352 9360 9359
f 9353 9361 9360
f 9353 9362 9361
f 9354 9355 9364
f 9355 9822 9364
f 9364 9822 9831
f 9356 9358 9363
f 9357 9366 9358
f 9354 9366 9357
f 9356 9363 9362
f 9354 9365 9366
f 9358 9366 9363
f 9354 9364 9365
f 9741 9744 9835
f 9743 9838 9744
f 9743 9746 9838
f 9744 9838 9836
f 9746 9749 9838
f 9745 9751 9746
f 9745 9747 9751
f 9747 9776 9748
f 9747 9750 9751
f 9747 9748 9750
f 9746 9751 9749
f 9752 9793 9753
f 9755 9935 9770
f 9770 9935 9954
f 9762 9765 9767
f 9762 9766 9763
f 9752 9763 9792
f 9763 9766 9792
f 9762 9767 9766
f 9764 9769 9765
f 9755 9768 9764
f 9755 9770 9768
f 9765 9769 9767
f 9764 9768 9769
f 9776 9778 9748
f 9777 9788 9778
f 9775 9788 9777
f 9778 9791 9748
f 9775 9787 9788
f 9775 9790 9787
f 9778 9788 9791
f 9775 9779 9790
f 9753 9790 9779
f 9753 9793 9789
f 9752 9792 9793
f 9753 9789 9790
f 9820 9823 9832
f 9821 9834 9822
f 9820 9834 9821
f 9822 9834 9831
f 9820 9832 9833
f 9820 9833 9834
f 9742 9832 9823
f 9741 9835 9742
f 9742 9837 9832
f 9742 9835 9837
f 9744 9836 9835
f 9935 9937 9954
f 9936 9956 9937
f 9936 9938 9955
f 9936 9955 9956
f 9938 9953 9955
f 9937 9956 9954
f 6361 6363 6497
f 6362 6497 6363
f 6364 6365 6434
f 6358 6364 6433
f 6361 6496 6365
f 6361 6497 6496
f 6365 6496 6434
f 6364 6434 6433
f 6411 6442 6414
f 6414 6443 6415
f 6415 6707 6416
f 6357 6358 6431
f 6357 6432 6420
f 6420 6435 6421
f 6420 6432 6435
f 6421 6428 6422
f 6422 6429 6423
f 6406 6423 6439
f 6421 6435 6428
f 6422 6428 6429
f 6423 6429 6439
f 6357 6431 6432
f 6358 6433 6431
f 6406 6440 6410
f 6410 6441 6411
f 6406 6439 6440
f 6410 6440 6441
f 6411 6441 6442
f 6414 6442 6443
f 6415 6443 6707
f 6477 6483 6502
f 6483 6484 6503
f 6472 6498 6489
f 6362 6489 6495
f 6472 6476 6494
f 6476 6477 6501
f 6489 6498 6495
f 6472 6494 6498
f 6476 6501 6494
f 6362 6495 6497
f 6477 6502 6501
f 6483 6503 6502
f 6484 6504 6503
f 6485 6540 6504
f 6532 6533 6546
f 6529 6542 6541
f 6530 6543 6542
f 6532 6546 6543
f 6486 6541 6540
f 6504 6540 6561
f 6540 6541 6562
f 6541 6542 6558
f 6542 6543 6564
f 6533 6520 6547
f 6520 6524 6550
f 6533 6547 6546
f 6520 6550 6547
f 6524 6525 6544
f 6525 6526 8930
f 6524 6544 6550
f 6525 8930 6544
f 6543 6546 6565
f 6547 6569 6546
f 6547 6550 6570
f 6547 6570 6569
f 6416 6708 6683
f 6683 6709 6684
f 6684 6710 6687
f 6687 6711 6688
f 6416 6707 6708
f 6683 6708 6709
f 6684 6709 6710
f 6687 6710 6711
f 6688 6712 6695
f 6695 6712 6713
f 6695 6713 6696
f 6696 6714 6699
f 6696 6713 6714
f 6700 6699 6715
f 6688 6711 6712
f 6700 6716 6701
f 6699 6714 6715
f 6700 6715 6716
f 6908 7316 6909
f 6909 7316 6910
f 6910 7317 6940
f 6701 6954 6949
f 6701 6716 6954
f 6949 6954 6959
f 6952 6988 6951
f 6950 6992 6952
f 6950 6958 7008
f 6971 7002 6972
f 6972 7002 6977
f 6977 7003 6978
f 6979 7031 6980
f 6979 6978 7032
f 6980 7031 6981
f 6951 6989 6953
f 6953 6989 6973
f 6973 6999 6974
f 6974 6999 6975
f 6975 7005 6976
f 6952 6992 6988
f 6951 6988 6990
f 6976 7007 6971
f 6951 6990 6989
f 6973 6989 6991
f 6973 6991 6999
f 6975 6999 7006
f 6975 7006 7005
f 6971 7007 7002
f 6977 7002 7004
f 6976 7005 7007
f 6958 6959 7008
f 6950 7008 6992
f 6981 7036 6982
f 6977 7004 7003
f 6978 7003 7032
f 6979 7032 7031
f 6982 7036 7015
f 7015 7033 7028
f 7028 7033 7029
f 7029 7034 7030
f 7030 7034 6891
f 6891 7046 6893
f 6892 6893 7046
f 6892 7047 6894
f 6891 7034 7045
f 6891 7045 7046
f 6894 7047 6896
f 6892 7046 7048
f 6892 7048 7047
f 6981 7031 7037
f 6981 7037 7036
f 7015 7038 7033
f 7015 7036 7038
f 7029 7033 7035
f 7029 7035 7034
f 6897 7052 6899
f 6896 7050 6898
f 6897 6898 7050
f 6899 7052 6904
f 6904 7060 6906
f 6905 6906 7060
f 6896 7049 7050
f 6896 7047 7049
f 6897 7050 7051
f 6897 7051 7052
f 6904 7052 7053
f 6905 7061 6907
f 6907 7061 6908
f 6905 7060 7062
f 6905 7062 7061
f 6904 7053 7060
f 6908 7061 7315
f 6908 7315 7316
f 6940 7317 7232
f 7232 7321 7233
f 7233 7321 7234
f 7236 7235 7322
f 7234 7322 7235
f 7236 7329 7239
f 7238 7239 7329
f 7238 7330 7237
f 7237 7330 7240
f 7238 7329 7331
f 7238 7331 7330
f 7240 7333 7250
f 7249 7250 7333
f 7240 7330 7332
f 7249 7335 7251
f 7251 7335 7252
f 7240 7332 7333
f 7249 7333 7334
f 7249 7334 7335
f 7252 7337 7246
f 7245 7246 7376
f 7245 7375 7247
f 7247 7291 7248
f 7252 7336 7337
f 7252 7335 7336
f 7246 7337 7376
f 7245 7376 7375
f 7247 7375 7291
f 7248 7292 7284
f 7283 7294 7285
f 7283 7284 7293
f 7285 7295 7286
f 7248 7291 7292
f 7284 7292 7293
f 7283 7293 7294
f 7285 7294 7295
f 7286 7296 7288
f 7287 7288 7298
f 7287 7297 7289
f 7286 7295 7296
f 7289 7307 7290
f 7288 7296 7298
f 7287 7298 7297
f 7289 7297 7307
f 7290 7308 7300
f 7299 7300 7310
f 7299 7309 7301
f 7301 7314 7302
f 7302 7311 7306
f 7305 7306 7313
f 7303 7305 7312
f 7303 7446 7304
f 7290 7307 7308
f 7299 7310 7309
f 7301 7309 7314
f 7300 7308 7310
f 7302 7314 7311
f 7305 7313 7312
f 7306 7311 7313
f 7303 7312 7446
f 6910 7316 7318
f 6910 7318 7317
f 7232 7317 7319
f 7232 7319 7321
f 7234 7321 7323
f 7234 7323 7322
f 7236 7322 7320
f 7236 7320 7329
f 7304 7443 7438
f 7437 7438 7445
f 7437 7444 7439
f 7440 7439 7447
f 7439 7444 7447
f 7440 7448 7441
f 7435 7442 7449
f 7441 7450 7442
f 7441 7448 7450
f 7440 7447 7448
f 7435 7463 7436
f 7442 7450 7449
f 7435 7449 7463
f 7304 7446 7443
f 7438 7443 7445
f 7437 7445 7444
f 7451 7464 7453
f 7453 7467 7454
f 7436 7466 7452
f 7451 7452 7465
f 7453 7464 7467
f 7454 7462 7457
f 7456 7459 7458
f 7456 7457 7460
f 7455 7458 7461
f 7454 7467 7462
f 7457 7462 7460
f 7456 7460 7459
f 7458 7459 7461
f 7436 7463 7466
f 7452 7466 7465
f 7451 7465 7464
f 7483 7586 7484
f 7484 7567 7486
f 7484 7586 7567
f 7501 7573 7502
f 7502 9983 7503
f 7503 9983 7504
f 7502 7573 9982
f 7511 7512 7575
f 7510 7511 7572
f 7485 7486 7569
f 7485 7568 7509
f 7512 7509 7570
f 7509 7568 7570
f 7486 7567 7569
f 7485 7569 7568
f 7512 7570 7575
f 7510 7571 7513
f 7501 7513 7573
f 7513 7574 7573
f 7510 7572 7571
f 7511 7575 7572
f 7513 7571 7574
f 7455 7580 7578
f 7577 7578 7582
f 7576 7577 7581
f 7576 7579 7527
f 7577 7582 7581
f 7576 7581 7579
f 7527 7579 7583
f 7455 7461 7580
f 7578 7580 7582
f 7477 7584 7483
f 7477 7478 7585
f 7478 7527 7583
f 7478 7583 7585
f 7477 7585 7584
f 7483 7584 7586
f 8916 8919 8934
f 8919 8921 8935
f 8921 8920 9033
f 6526 8915 8931
f 6526 8931 8930
f 8915 8932 8931
f 8916 8932 8915
f 8916 8934 8932
f 8919 8935 8934
f 8921 9033 8935
f 8920 8974 9039
f 8974 8975 9040
f 8975 8978 9043
f 8975 9043 9040
f 8978 9044 9043
f 8981 8988 9057
f 8988 8989 9057
f 8989 8990 9058
f 8991 9058 8990
f 8991 8993 9062
f 8992 9062 8993
f 9020 9015 9063
f 8992 9020 9063
f 9015 9021 9061
f 9021 9022 9061
f 9022 9023 9069
f 9023 9016 9069
f 9016 9018 9072
f 9017 9072 9018
f 9022 9070 9061
f 9022 9069 9070
f 9016 9071 9069
f 9017 9019 9073
f 9019 9024 9073
f 9024 9026 9076
f 9025 9076 9026
f 9025 9027 9077
f 9016 9072 9071
f 9017 9074 9072
f 9017 9073 9074
f 9024 9076 9075
f 9024 9075 9073
f 9028 9141 9027
f 9028 9029 9475
f 9029 9030 9475
f 9030 9031 9477
f 9031 9032 9478
f 9025 9078 9076
f 9025 9077 9078
f 9027 9141 9077
f 9028 9475 9141
f 9030 9476 9475
f 9030 9477 9476
f 8920 9039 9033
f 8974 9040 9039
f 8981 9068 8982
f 8981 9057 9066
f 8982 9068 9044
f 8989 9059 9057
f 8989 9058 9059
f 8991 9060 9058
f 8991 9062 9060
f 8981 9066 9068
f 8992 9064 9062
f 8992 9063 9064
f 9015 9065 9063
f 9015 9061 9065
f 9032 9303 9479
f 9302 9479 9303
f 9302 9304 9487
f 9304 9299 9488
f 9299 9301 9489
f 9300 9489 9301
f 9300 9305 9490
f 9306 9308 9321
f 9307 9321 9308
f 9306 9501 9305
f 9031 9478 9477
f 9032 9479 9478
f 9302 9486 9479
f 9302 9487 9486
f 9304 9488 9487
f 9300 9491 9489
f 9299 9489 9488
f 9300 9490 9491
f 9305 9501 9490
f 9307 9309 9318
f 9309 9310 9320
f 9310 9312 9322
f 9311 9322 9312
f 9311 9313 9323
f 9316 9317 9391
f 9313 9314 9325
f 9311 9324 9322
f 9311 9323 9324
f 9313 9325 9323
f 9314 9315 9394
f 9315 9316 9394
f 9316 9391 9392
f 9316 9392 9394
f 9314 9394 9325
f 9306 9321 9501
f 9307 9319 9321
f 9307 9318 9319
f 9309 9320 9318
f 9310 9322 9320
f 9388 9390 9397
f 9390 9340 9399
f 9317 9387 9393
f 9387 9389 9395
f 9388 9395 9389
f 9317 9393 9391
f 9387 9395 9393
f 9388 9398 9395
f 9388 9397 9398
f 9390 9399 9397
f 9340 9343 9400
f 9342 9400 9343
f 9341 9401 9342
f 9341 9344 9396
f 9340 9400 9399
f 9342 9402 9400
f 9342 9401 9402
f 9341 9396 9401
f 9359 9360 9410
f 9360 9361 9410
f 9361 9362 9411
f 9362 9363 9413
f 9363 9366 9403
f 9365 9403 9366
f 9364 9862 9365
f 9364 9863 9862
f 9363 9403 9413
f 9365 9861 9403
f 9365 9862 9861
f 9362 9413 9411
f 9359 9407 9377
f 9345 9404 9346
f 9344 9346 9404
f 9345 9377 9405
f 9345 9405 9406
f 9377 9407 9405
f 9344 9404 9396
f 9345 9406 9404
f 9359 9410 9407
f 9361 9412 9410
f 9361 9411 9412
f 9749 9751 9872
f 9750 9872 9751
f 9748 9803 9750
f 9750 9804 9872
f 9750 9803 9804
f 9766 9767 9813
f 9768 9802 9769
f 9770 9954 9987
f 9768 9770 9987
f 9767 9769 9802
f 9767 9800 9813
f 9767 9802 9800
f 9768 9801 9802
f 9768 9987 9801
f 9787 9790 9809
f 9789 9807 9790
f 9790 9807 9808
f 9748 9791 9805
f 9788 9806 9791
f 9787 9806 9788
f 9791 9806 9805
f 9748 9805 9803
f 9787 9809 9806
f 9790 9808 9809
f 9766 9813 9792
f 9789 9793 9810
f 9792 9810 9793
f 9792 9811 9812
f 9792 9812 9810
f 9792 9813 9811
f 9789 9810 9807
f 9833 9864 9834
f 9831 9834 9864
f 9832 9865 9833
f 9832 9837 9867
f 9832 9867 9865
f 9364 9831 9863
f 9831 9864 9863
f 9833 9866 9864
f 9833 9865 9866
f 9836 9838 9869
f 9835 9836 9868
f 9835 9868 9837
f 9749 9871 9838
f 9836 9870 9868
f 9836 9869 9870
f 9838 9871 9869
f 9837 9868 9867
f 9749 9872 9871
f 9954 9956 9981
f 9953 9985 9955
f 9955 9981 9956
f 9954 9981 9986
f 9955 9985 9980
f 9955 9980 9981
f 7504 9985 9953
f 7504 9984 9985
f 7504 9983 9984
f 7502 9982 9983
f 9954 9986 9987
f 6433 6434 6575
f 6431 6433 6573
f 6432 6448 6435
f 6428 6435 6449
f 6431 6572 6432
f 6431 6573 6572
f 6435 6448 6449
f 6432 6572 6448
f 6429 6452 6439
f 6439 6453 6440
f 6440 6454 6441
f 6441 7126 6442
f 6443 6442 7127
f 6441 6454 7126
f 6428 6450 6429
f 6439 6452 6453
f 6428 6449 6450
f 6429 6450 6452
f 6440 6453 6454
f 6503 6504 6557
f 6502 6503 6556
f 6543 6565 6564
f 6546 6569 6565
f 6550 6544 9180
f 6550 9180 6570
f 6495 6571 6497
f 6495 6498 6581
f 6494 6580 6498
f 6494 6501 6582
f 6502 6583 6501
f 6494 6582 6580
f 6503 6557 6556
f 6501 6583 6582
f 6502 6556 6583
f 6504 6561 6557
f 6540 6562 6561
f 6541 6558 6562
f 6542 6564 6558
f 6434 6496 6574
f 6496 6497 6571
f 6434 6574 6575
f 6495 6581 6571
f 6496 6571 6574
f 6433 6575 6573
f 6498 6580 6581
f 6561 6607 6557
f 6561 6562 6615
f 6562 6558 6614
f 6558 6564 6616
f 6564 6565 6617
f 6570 9188 6569
f 6565 6569 9187
f 6443 7121 6707
f 6707 7124 6708
f 6708 7125 6709
f 6711 6710 7139
f 6709 7140 6710
f 6711 7141 6712
f 6712 7144 6713
f 6711 7139 7141
f 6712 7141 7144
f 6713 7145 6714
f 6714 6717 6715
f 6715 6984 6716
f 6713 7144 7145
f 6714 7145 6717
f 6715 6717 6984
f 6716 6987 6954
f 6954 6986 6959
f 6954 6987 6986
f 6959 6986 7008
f 6716 6984 6987
f 6989 6990 7078
f 6989 7078 6991
f 6999 6991 7095
f 6999 7092 7006
f 7005 7006 7092
f 7005 7092 7007
f 7007 7094 7002
f 6988 7177 6990
f 6988 6992 7177
f 6992 7008 7177
f 6990 7009 7078
f 6991 7078 7077
f 6991 7077 7095
f 6999 7095 7076
f 6990 7167 7009
f 6990 7177 7167
f 7033 7109 7035
f 7034 7109 7045
f 7034 7035 7109
f 7046 7045 7110
f 7046 7353 7048
f 7047 7048 7353
f 7047 7353 7049
f 7049 7354 7050
f 7050 7356 7051
f 7051 7356 7052
f 7052 7356 7053
f 7002 7097 7004
f 7003 7004 7097
f 7003 7097 7032
f 7031 7032 7098
f 7031 7088 7037
f 7036 7037 7088
f 7036 7088 7038
f 6999 7076 7092
f 7002 7094 7091
f 7007 7092 7093
f 7007 7093 7094
f 7002 7091 7097
f 7032 7097 7096
f 7032 7096 7098
f 7038 7090 7033
f 7038 7089 7090
f 7033 7090 7087
f 7033 7087 7109
f 7031 7098 7086
f 7031 7086 7088
f 7038 7088 7089
f 7046 7110 7351
f 7045 7109 7108
f 7045 7108 7110
f 7046 7351 7353
f 7049 7353 7352
f 7049 7352 7354
f 6443 7127 7121
f 6442 7126 7127
f 6707 7121 7124
f 6708 7124 7125
f 6709 7125 7140
f 6710 7140 7139
f 7307 11323 7308
f 7308 11457 7310
f 7309 7310 11457
f 7309 11457 7314
f 7314 11458 7311
f 7319 7341 7321
f 7321 7347 7323
f 7053 7358 7060
f 7060 7362 7062
f 7061 7062 7362
f 7316 7315 7328
f 7061 7362 7315
f 7050 7357 7356
f 7050 7354 7357
f 7053 7356 7355
f 7053 7355 7358
f 7060 7358 7360
f 7060 7360 7362
f 7316 7340 7318
f 7317 7318 7340
f 7317 7340 7319
f 7315 7361 7328
f 7315 7362 7361
f 7316 7328 7338
f 7316 7338 7340
f 7319 7340 7339
f 7319 7339 7341
f 7322 7347 7320
f 7322 7323 7347
f 7320 7348 7329
f 7331 7329 7345
f 7330 7331 7345
f 7330 7345 7332
f 7332 7378 7333
f 7333 11313 7334
f 7334 11313 7335
f 7335 11313 7336
f 7333 7378 7377
f 7321 7341 7342
f 7321 7342 7347
f 7320 7347 7346
f 7320 7346 7348
f 7329 7348 7343
f 7329 7343 7345
f 7332 7345 7344
f 7332 7344 7378
f 7337 7336 11314
f 7337 11302 7376
f 7375 7376 11302
f 7375 11302 7291
f 7291 11303 7292
f 7333 7377 11313
f 7336 11313 11312
f 7336 11312 11314
f 7337 11314 11315
f 7337 11315 11302
f 7292 11318 7293
f 7293 11318 7294
f 7294 11318 7295
f 7295 11320 7296
f 7295 11318 11317
f 7291 11302 11301
f 7291 11301 11303
f 7292 11303 11316
f 7292 11316 11318
f 7296 11322 7298
f 7297 7298 11322
f 7297 11322 7307
f 7295 11317 11320
f 7296 11320 11319
f 7296 11319 11322
f 7307 11322 11321
f 7308 11323 11324
f 7308 11324 11457
f 7314 11457 11456
f 7314 11456 11458
f 7311 11461 7313
f 7312 7313 11461
f 7312 11461 7446
f 7443 7446 11462
f 7448 7644 7450
f 7444 7445 7636
f 7443 11463 7445
f 7444 7636 7447
f 7443 11462 11463
f 7445 11463 7636
f 7447 7643 7448
f 7447 7635 7643
f 7447 7636 7635
f 7449 7450 7646
f 7449 7646 7463
f 7463 7647 7466
f 7465 7466 7468
f 7448 7643 7644
f 7450 7644 7646
f 7466 7647 7468
f 7463 7645 7647
f 7463 7646 7645
f 7462 7467 7471
f 7464 7465 7470
f 7464 7470 7467
f 7462 7595 7460
f 7459 7460 7597
f 7465 7468 7470
f 7467 7470 7469
f 7467 7469 7471
f 7462 7471 7595
f 7571 7572 9998
f 7571 9998 7574
f 7568 7617 7570
f 7572 7575 7619
f 7570 7618 7575
f 7575 7618 7619
f 7574 9997 9996
f 7572 7619 9998
f 7574 9998 9997
f 7461 7598 7580
f 7581 7582 7600
f 7579 7581 7600
f 7580 7601 7582
f 7583 7612 7585
f 7584 7585 7614
f 7584 7614 7586
f 7579 7602 7583
f 7582 7601 7600
f 7579 7600 7599
f 7579 7599 7602
f 7583 7602 7612
f 7585 7612 7614
f 7459 7597 7461
f 7580 7598 7601
f 7460 7595 7597
f 7461 7597 7596
f 7461 7596 7598
f 7567 7586 7615
f 7567 7611 7569
f 7568 7569 7617
f 7569 7611 7617
f 7567 7615 7611
f 7586 7613 7615
f 7586 7614 7613
f 7570 7617 7616
f 7570 7616 7618
f 7311 11458 11459
f 7311 11459 11461
f 7446 11461 11460
f 7446 11460 11462
f 8934 9037 8932
f 6544 8930 9034
f 8930 8931 9035
f 8931 8932 9036
f 8931 9036 9035
f 6544 9034 9180
f 8930 9035 9034
f 8934 8935 9050
f 8935 9033 9047
f 8932 9037 9036
f 8934 9050 9037
f 8935 9047 9050
f 9033 9039 9053
f 9039 9040 9052
f 9040 9043 9056
f 9039 9052 9053
f 9040 9056 9052
f 9043 9044 9067
f 9044 9068 9067
f 9043 9067 9056
f 9033 9053 9047
f 9057 9059 9169
f 9058 9167 9059
f 9058 9060 9167
f 9062 9064 9168
f 9063 9172 9064
f 9060 9062 9168
f 9057 9175 9066
f 9059 9167 9164
f 9059 9164 9169
f 9061 9070 9143
f 9063 9065 9172
f 9061 9173 9065
f 9066 9175 9068
f 9057 9169 9175
f 9069 9145 9070
f 9069 9071 9145
f 9072 9146 9071
f 9072 9074 9543
f 9073 9545 9074
f 9073 9075 9545
f 9075 9076 9546
f 9076 9078 9542
f 9077 9542 9078
f 9061 9143 9173
f 9064 9172 9165
f 9064 9165 9168
f 9060 9166 9167
f 9060 9168 9166
f 9065 9171 9172
f 9065 9173 9171
f 9070 9145 9143
f 9071 9144 9145
f 9071 9146 9144
f 9072 9543 9146
f 9074 9545 9543
f 9075 9544 9545
f 9325 9394 9646
f 9394 9392 9646
f 9391 9649 9392
f 9391 9393 9651
f 9393 9395 9653
f 9397 9652 9398
f 9397 9399 9684
f 9399 9400 9434
f 9400 9402 9434
f 9395 9398 9653
f 9398 9652 9653
f 9397 9684 9652
f 9399 9683 9684
f 9399 9434 9683
f 9404 9406 9438
f 9405 9420 9406
f 9405 9407 9420
f 9401 9437 9402
f 9396 9437 9401
f 9396 9404 9438
f 9402 9437 9435
f 9402 9435 9434
f 9396 9436 9437
f 9396 9438 9436
f 9406 9419 9438
f 9407 9410 9421
f 9412 9421 9410
f 9411 9888 9412
f 9411 9413 9888
f 9403 9889 9413
f 9407 9421 9422
f 9412 9886 9421
f 9412 9888 9886
f 9413 9887 9888
f 9406 9420 9419
f 9407 9422 9420
f 9321 9569 9501
f 9321 9319 9570
f 9318 9320 9572
f 9318 9570 9319
f 9320 9322 9647
f 9322 9324 9643
f 9323 9643 9324
f 9325 9645 9323
f 9391 9651 9649
f 9393 9650 9651
f 9393 9653 9650
f 9141 9475 9549
f 9475 9476 9550
f 9476 9477 9550
f 9477 9478 9552
f 9077 9141 9547
f 9077 9547 9542
f 9141 9548 9547
f 9141 9549 9548
f 9475 9550 9549
f 9479 9486 9573
f 9486 9487 9573
f 9479 9553 9478
f 9487 9488 9564
f 9488 9489 9565
f 9477 9552 9550
f 9478 9551 9552
f 9478 9553 9551
f 9479 9573 9553
f 9487 9564 9573
f 9075 9546 9544
f 9076 9542 9546
f 9489 9491 9566
f 9490 9566 9491
f 9490 9501 9568
f 9489 9566 9565
f 9490 9568 9566
f 9501 9567 9568
f 9501 9569 9567
f 9488 9563 9564
f 9488 9565 9563
f 9321 9570 9569
f 9318 9572 9570
f 9322 9643 9647
f 9320 9571 9572
f 9320 9647 9571
f 9323 9645 9643
f 9325 9644 9645
f 9325 9646 9644
f 9392 9649 9646
f 9808 9818 9809
f 9805 9806 9911
f 9806 9809 9911
f 9810 9812 9816
f 9800 10014 9813
f 9811 9813 9814
f 9811 9815 9812
f 9807 9810 9819
f 9807 9818 9808
f 9811 9814 9815
f 9813 10014 9814
f 9809 9818 9920
f 9809 9920 9911
f 9807 9819 9817
f 9807 9817 9818
f 9810 9816 9819
f 9812 9815 9816
f 9869 9916 9870
f 9869 9871 9916
f 9871 9872 9918
f 9861 9862 9892
f 9862 9863 9892
f 9863 9864 9894
f 9864 9866 9894
f 9868 9870 9875
f 9865 9877 9866
f 9865 9867 9877
f 9867 9868 9875
f 9867 9875 9876
f 9866 9877 9874
f 9866 9874 9894
f 9867 9876 9877
f 9870 9917 9875
f 9870 9916 9917
f 9403 9861 9889
f 9861 9890 9889
f 9413 9889 9887
f 9861 9892 9890
f 9863 9891 9892
f 9863 9894 9891
f 9804 9918 9872
f 9803 9914 9804
f 9803 9805 9914
f 9871 9918 9915
f 9871 9915 9916
f 9804 9912 9918
f 9805 9911 9913
f 9804 9914 9912
f 9805 9913 9914
f 9984 10002 9985
f 9801 9987 10017
f 9801 10018 9802
f 9986 10016 9987
f 9980 10004 9981
f 9980 9985 10003
f 9981 9995 9986
f 7573 10000 9982
f 9982 10001 9983
f 7573 7574 9999
f 9983 10005 9984
f 9980 10003 10004
f 9981 10004 9995
f 9985 10002 10003
f 9986 9995 10016
f 7573 9999 10000
f 9984 10005 10002
f 9982 10000 10001
f 9983 10001 10005
f 7574 9996 9999
f 9800 9802 10015
f 9801 10017 10018
f 9987 10016 10017
f 9802 10018 10015
f 9800 10015 10014
f 7307 11321 11323
f 6449 6587 6450
f 6450 7666 6452
f 6452 7668 6453
f 6573 6575 6589
f 6574 6588 6575
f 6580 6582 6618
f 6582 6583 6604
f 6571 6590 6574
f 6580 6591 6581
f 6571 6581 6590
f 6580 6618 6591
f 6581 6591 6590
f 6448 6572 6585
f 6448 6586 6449
f 6572 6573 6592
f 6572 6592 6585
f 6573 6589 6592
f 6452 7666 7668
f 6449 6586 6587
f 6450 6587 7666
f 6448 6585 6586
f 6575 6588 6589
f 6574 6590 6588
f 6589 7727 6592
f 6585 6592 7672
f 6588 7726 6589
f 6588 6590 7736
f 6556 6557 6609
f 6556 6608 6583
f 6557 6607 6609
f 6561 6615 6607
f 6583 6608 6604
f 6582 6604 6618
f 6556 6609 6608
f 6565 9187 6617
f 6569 9188 9187
f 6562 6614 6615
f 6558 6616 6614
f 6564 6617 6616
f 6614 6616 9249
f 6615 6614 6637
f 6616 6617 9252
f 6607 6615 6636
f 6590 6591 7736
f 6591 6618 7735
f 6604 6623 6618
f 6604 6608 6629
f 6588 7736 7726
f 6591 7735 7736
f 6618 6623 7735
f 6604 6629 6623
f 6608 6632 6629
f 6609 6635 6632
f 6607 6636 6635
f 6615 6637 6636
f 6614 9249 6637
f 7008 6986 7168
f 7076 7819 7092
f 7092 7820 7093
f 7086 7098 7827
f 7091 7094 7825
f 7093 7820 7094
f 7091 7816 7097
f 7096 7097 7817
f 7096 7817 7098
f 7086 7830 7088
f 7088 7831 7089
f 7089 7831 7090
f 7121 7127 7135
f 7121 7151 7124
f 7124 7149 7125
f 6454 7133 7126
f 7126 7134 7127
f 6453 7667 6454
f 6453 7668 7667
f 7126 7133 7134
f 6454 7667 7133
f 7121 7135 7151
f 7127 7134 7135
f 7139 7140 7153
f 7139 7155 7141
f 7145 7144 7158
f 7141 7156 7144
f 7125 7150 7140
f 7139 7153 7155
f 7141 7155 7156
f 7144 7156 7158
f 7124 7151 7149
f 7125 7149 7150
f 7140 7150 7153
f 7151 7702 7149
f 7153 7773 7155
f 7150 7149 7870
f 7150 7872 7153
f 6717 7160 6984
f 7145 7161 6717
f 6984 7164 6987
f 6984 7160 7164
f 7145 7158 7161
f 6717 7161 7160
f 6987 7166 6986
f 6986 7166 7168
f 6987 7164 7166
f 7008 7168 7177
f 7164 7160 7845
f 7164 7846 7166
f 7156 7155 7775
f 7158 7799 7161
f 7156 7791 7158
f 7153 7872 7774
f 7153 7774 7773
f 7155 7773 7776
f 7155 7776 7775
f 7156 7775 7772
f 7156 7772 7792
f 7156 7792 7791
f 7161 7801 7160
f 7158 7791 7799
f 7161 7799 7801
f 7160 7801 7845
f 7164 7845 7846
f 7077 7078 7822
f 7077 7822 7095
f 7076 7095 7823
f 7009 7167 7834
f 7009 7834 7078
f 7167 7177 7834
f 7078 7178 7822
f 7092 7819 7820
f 7094 7820 7824
f 7094 7824 7825
f 7076 7823 7819
f 7095 7821 7823
f 7078 7808 7178
f 7095 7822 7821
f 7078 7834 7808
f 7166 7847 7168
f 7168 7810 7177
f 7166 7846 7847
f 7168 7847 7810
f 7091 7825 7816
f 7110 7366 7351
f 7351 7370 7353
f 7352 7353 7370
f 7352 7371 7354
f 7357 7354 7373
f 7357 11293 7356
f 7355 7356 11293
f 7355 11294 7358
f 7358 11299 7360
f 7087 7363 7109
f 7087 7090 7833
f 7108 7109 7363
f 7108 7364 7110
f 7097 7816 7817
f 7098 7818 7827
f 7098 7817 7818
f 7086 7827 7830
f 7088 7830 7831
f 7090 7831 7832
f 7090 7832 7833
f 7087 7833 7363
f 7110 7364 7365
f 7108 7363 7364
f 7110 7365 7366
f 7351 7366 7370
f 7352 7370 7371
f 7354 7371 7372
f 7354 7372 7373
f 7357 7373 11293
f 7360 11296 7362
f 7361 7362 11296
f 7361 11297 7328
f 7328 11300 7338
f 7339 11354 7341
f 7340 7338 11281
f 7339 7340 11281
f 7355 11293 11294
f 7358 11294 11295
f 7358 11295 11299
f 7361 11296 11297
f 7360 11299 11296
f 7341 11356 7342
f 7613 7664 7615
f 7611 7615 7661
f 7618 10138 7619
f 7616 7617 10136
f 7611 7661 7617
f 7616 10136 7618
f 7602 7660 7612
f 7612 7660 7614
f 7613 7614 7664
f 7468 11558 7470
f 7469 7470 11554
f 7469 11554 7471
f 7471 11556 7595
f 7595 11556 7597
f 7596 11560 7598
f 7596 7597 11560
f 7597 11556 11559
f 7601 11562 7600
f 7599 7600 7658
f 7599 7658 7602
f 7598 11562 7601
f 7597 11559 11560
f 7598 11561 11562
f 7598 11560 11561
f 7600 11562 7657
f 7617 7662 10136
f 7618 10137 10138
f 7618 10136 10137
f 7614 7660 7663
f 7614 7663 7664
f 7602 7659 7660
f 7602 7658 7659
f 7600 7657 7658
f 7615 7665 7661
f 7615 7664 7665
f 7617 7661 7662
f 7133 7691 7134
f 7133 7667 7697
f 7135 7134 7705
f 7135 7709 7151
f 7151 7701 7702
f 7149 7702 7870
f 7150 7870 7869
f 7150 7871 7872
f 7150 7869 7871
f 6586 7685 6587
f 7666 7676 7668
f 6587 7678 7666
f 7667 7668 7716
f 7667 7716 7697
f 7668 7676 7716
f 6585 7684 6586
f 6586 7684 7685
f 6589 7726 7727
f 6585 7672 7684
f 6587 7685 7678
f 7666 7678 7676
f 7134 7691 7705
f 7135 7705 7708
f 7135 7708 7709
f 7133 7697 7691
f 7151 7709 7701
f 7705 7710 7708
f 7793 7777 7778
f 7793 7778 7779
f 7793 7792 7777
f 7793 7791 7792
f 7177 7810 7834
f 9037 9195 9036
f 9037 9050 9191
f 9050 9047 9210
f 9047 9053 9211
f 9047 9211 9210
f 9052 9056 9079
f 9053 9052 9212
f 9053 9212 9211
f 9056 9067 9080
f 9067 9068 9174
f 9052 9079 9212
f 9056 9080 9079
f 9067 9174 9080
f 9068 9175 9174
f 9164 9167 9591
f 9166 9591 9167
f 9166 9168 9591
f 9165 9616 9168
f 9165 9172 9610
f 9171 9610 9172
f 9171 9173 9610
f 9164 10599 9169
f 9164 9591 9589
f 9164 9589 10588
f 9169 10599 9175
f 9175 10596 9174
f 6570 9180 9189
f 9180 9034 9181
f 6570 9189 9188
f 9180 9181 9189
f 9035 9182 9034
f 9035 9036 9194
f 9034 9182 9181
f 9035 9194 9182
f 9036 9195 9194
f 9188 9200 9187
f 6617 9187 9257
f 9189 9181 9227
f 9188 9189 9204
f 9181 9182 9229
f 9037 9191 9195
f 9050 9210 9191
f 6617 9257 9252
f 9187 9200 9257
f 6616 9252 9249
f 9189 9227 9228
f 9181 9230 9227
f 9188 9203 9200
f 9188 9204 9205
f 9188 9205 9203
f 9189 9228 9204
f 9182 9194 9221
f 9195 9191 9233
f 9195 9235 9194
f 9212 9267 9211
f 9212 9079 9268
f 9191 9210 9239
f 9210 9211 9275
f 9195 9233 9231
f 9191 9240 9233
f 9191 9239 9240
f 9211 9267 9275
f 9210 9275 9239
f 9181 9229 9230
f 9182 9221 9222
f 9182 9222 9229
f 9194 9234 9221
f 9194 9235 9234
f 9195 9231 9235
f 9240 9232 9233
f 9240 9236 9232
f 9080 10590 9079
f 9080 9174 10589
f 9079 10590 9268
f 9174 10596 10589
f 9080 10589 10590
f 9212 9268 9267
f 9436 10184 9437
f 9436 9438 10184
f 9419 9420 10186
f 9420 9422 10187
f 9421 10187 9422
f 9438 9419 10183
f 9545 9623 9543
f 9544 9623 9545
f 9544 9546 9623
f 9546 9542 9625
f 9542 9547 9637
f 9547 9548 9637
f 9548 9549 9637
f 9553 9573 9636
f 9550 9632 9549
f 9550 9552 9634
f 9551 9634 9552
f 9551 9553 9634
f 9550 9634 9633
f 9573 9564 9711
f 9563 9711 9564
f 9563 9565 9711
f 9565 9566 9713
f 9566 9568 9671
f 9567 9671 9568
f 9567 9569 9671
f 9553 9635 9634
f 9553 9636 9635
f 9573 9710 9636
f 9573 9711 9710
f 9565 9712 9711
f 9565 9713 9712
f 9143 9145 9614
f 9144 9614 9145
f 9143 9615 9173
f 9144 9146 9614
f 9146 9543 9622
f 9165 9610 9592
f 9165 9592 9616
f 9143 9612 9615
f 9173 9611 9610
f 9173 9615 9611
f 9543 9621 9622
f 9543 9623 9621
f 9546 9624 9623
f 9546 9625 9624
f 9143 9614 9612
f 9146 9613 9614
f 9146 9622 9613
f 9168 9590 9591
f 9168 9616 9590
f 9164 10588 10599
f 9542 9626 9625
f 9542 9637 9626
f 9549 9638 9637
f 9549 9632 9638
f 9550 9633 9632
f 9570 9572 9663
f 9571 9663 9572
f 9571 9647 9663
f 9643 9665 9647
f 9649 9687 9646
f 9643 9645 9685
f 9644 9685 9645
f 9644 9646 9685
f 9649 9651 9689
f 9650 9689 9651
f 9650 9653 9689
f 9569 9570 9662
f 9569 9662 9672
f 9570 9661 9662
f 9570 9663 9661
f 9566 9670 9713
f 9566 9671 9670
f 9569 9672 9671
f 9643 9691 9665
f 9647 9665 9664
f 9647 9664 9663
f 9646 9686 9685
f 9643 9685 9691
f 9646 9687 9686
f 9683 9693 9684
f 9434 9693 9683
f 9434 9435 9694
f 9652 9684 9693
f 9653 9652 9697
f 9653 9690 9689
f 9653 9697 9690
f 9652 9696 9697
f 9652 9693 9696
f 9649 9689 9688
f 9435 9437 9695
f 9435 9695 9694
f 9434 9692 9693
f 9434 9694 9692
f 9437 10184 9695
f 9438 10185 10184
f 9438 10183 10185
f 9649 9688 9687
f 9816 10149 9819
f 9875 10103 9876
f 9874 10108 9894
f 9874 9877 10101
f 9876 10103 9877
f 9875 9917 10102
f 9916 10109 9917
f 9915 9918 10094
f 9915 10094 9916
f 9912 10096 9918
f 9913 10097 9914
f 9912 9914 10097
f 9911 10099 9913
f 9911 9920 10098
f 9817 10146 9818
f 9818 10146 9920
f 9817 9819 10147
f 9999 10131 10000
f 9995 10004 10120
f 10003 10120 10004
f 10002 10139 10003
f 10000 10132 10001
f 10001 10132 10005
f 10002 10005 10139
f 10015 10018 10123
f 10017 10123 10018
f 10016 10127 10017
f 9815 10118 9816
f 9814 10118 9815
f 9814 10014 10126
f 10014 10015 10126
f 9995 10127 10016
f 9997 9998 10129
f 9996 9997 10129
f 7619 10138 9998
f 9996 10131 9999
f 9889 9890 10093
f 9421 9886 10189
f 9886 9888 10089
f 9887 10090 9888
f 9887 9889 10090
f 9888 10090 10089
f 9886 10089 10189
f 9420 10187 10186
f 9421 10188 10187
f 9421 10189 10188
f 9890 9892 10092
f 9891 10106 9892
f 9891 9894 10106
f 9892 10106 10092
f 9894 10107 10106
f 9894 10108 10107
f 9889 10091 10090
f 9889 10093 10091
f 9890 10092 10093
f 9917 10109 10102
f 9918 10096 10095
f 9918 10095 10094
f 9916 10094 10109
f 9911 10098 10100
f 9920 10146 10098
f 9912 10097 10096
f 9913 10099 10097
f 9911 10100 10099
f 9877 10103 10101
f 9875 10102 10104
f 9875 10104 10103
f 9874 10101 10108
f 10005 10134 10139
f 9816 10150 10149
f 10015 10125 10126
f 9814 10119 10118
f 9814 10126 10119
f 9816 10118 10150
f 10017 10124 10123
f 10017 10127 10124
f 9995 10122 10127
f 10003 10121 10120
f 10003 10139 10121
f 9995 10120 10122
f 10015 10123 10125
f 9996 10129 10130
f 9996 10130 10135
f 9996 10135 10131
f 9998 10138 10128
f 9998 10128 10129
f 10000 10131 10133
f 10000 10133 10132
f 10005 10132 10134
f 9819 10148 10147
f 9817 10147 10146
f 9819 10149 10148
f 9419 10186 10183
f 9175 10599 10596
f 7342 11357 7347
f 7346 7347 11357
f 7348 7346 11358
f 7348 11360 7343
f 7328 11298 11300
f 7328 11297 11298
f 7339 11281 11354
f 7341 11354 11355
f 7341 11355 11356
f 7342 11356 11357
f 7338 11300 11281
f 7343 11363 7345
f 7344 7345 11363
f 7344 11361 7378
f 7377 7378 11367
f 11312 11368 11314
f 11314 11370 11315
f 11315 11333 11302
f 11301 11302 11334
f 7377 11366 11313
f 11312 11313 11366
f 7378 11362 11367
f 7377 11367 11366
f 11312 11366 11368
f 11314 11368 11369
f 11314 11369 11370
f 11319 11471 11322
f 11321 11322 11472
f 11321 11472 11323
f 11323 11470 11324
f 11303 11336 11316
f 11301 11334 11303
f 11316 11337 11318
f 11317 11318 11338
f 11317 11338 11320
f 11316 11336 11337
f 11315 11370 11333
f 11302 11333 11334
f 11303 11334 11335
f 11303 11335 11336
f 11320 11340 11319
f 11318 11337 11338
f 11320 11338 11339
f 11320 11339 11340
f 11322 11471 11472
f 11319 11340 11471
f 7348 11358 11359
f 7348 11359 11360
f 7346 11357 11358
f 7343 11360 11363
f 7344 11363 11361
f 7378 11361 11362
f 11324 11470 11457
f 11456 11457 11475
f 11459 11458 11477
f 11456 11475 11458
f 11459 11477 11461
f 11460 11461 11489
f 11460 11489 11462
f 11462 11491 11463
f 7636 11463 11491
f 11461 11477 11469
f 11461 11469 11489
f 11462 11490 11491
f 11462 11489 11490
f 11323 11472 11473
f 11323 11473 11470
f 11457 11470 11474
f 11457 11474 11475
f 11458 11475 11476
f 11458 11476 11477
f 7635 7636 11493
f 7635 11493 7643
f 7643 11478 7644
f 7644 11478 7646
f 7636 11491 11492
f 7636 11492 11493
f 7643 11493 11494
f 7643 11494 11478
f 7645 7646 11480
f 7645 11480 7647
f 7647 11558 7468
f 7646 11478 11479
f 7646 11479 11480
f 7647 11480 11481
f 7647 11481 11558
f 7470 11557 11554
f 7471 11554 11555
f 7471 11555 11556
f 7470 11558 11557
f 6608 6609 6632
f 6607 6635 6609
f 7661 11905 7662
f 7661 7665 11905
f 6592 7727 7672
f 7819 11684 7820
f 7830 11692 7831
f 7820 11684 7824
f 7816 7825 11687
f 7824 11685 7825
f 7816 11688 7817
f 7817 11688 7818
f 7827 7818 11689
f 7827 11690 7830
f 7178 7838 7822
f 7178 7808 7837
f 7821 7822 7838
f 7821 7843 7823
f 7819 7823 11686
f 7178 7836 7838
f 7808 7834 7835
f 7178 7837 7836
f 7808 7835 7837
f 7821 7838 7843
f 7823 7843 11686
f 7819 11686 11684
f 7831 11692 7832
f 7833 7832 11691
f 7825 11685 11687
f 7816 11687 11688
f 7824 11684 11685
f 7838 7842 7843
f 9589 9591 10611
f 9592 9610 10617
f 9590 10607 9591
f 9590 9616 10619
f 9592 10615 9616
f 9626 9637 9719
f 9638 9632 9720
f 9637 9638 9720
f 9613 10643 9614
f 9612 9614 10642
f 9613 9622 10643
f 9621 9714 9622
f 9610 9611 10618
f 9611 9615 10618
f 9612 10616 9615
f 9610 10618 10617
f 9624 9716 9623
f 9621 9623 9715
f 9624 9625 9716
f 9626 9721 9625
f 9623 9716 9715
f 9614 10643 10642
f 9612 10642 10616
f 9615 10616 10618
f 9622 9714 10643
f 9621 9715 9714
f 9688 10223 9687
f 9689 9690 10224
f 9688 9689 10224
f 9690 9697 10225
f 9697 9696 10226
f 9693 10226 9696
f 9664 9665 9727
f 9665 9691 9728
f 9691 9685 10227
f 9685 9686 10227
f 9686 9687 10222
f 9711 9729 9710
f 9633 9634 9718
f 9634 9635 9717
f 9635 9636 9717
f 9633 9722 9632
f 9636 9710 9730
f 9711 9712 9731
f 9712 9713 9731
f 9713 9670 9732
f 9670 9671 9723
f 9671 9672 9725
f 9662 9725 9672
f 9662 9661 9724
f 9636 9730 9717
f 9713 9732 9731
f 9710 9729 9730
f 9711 9731 9729
f 9625 9721 9716
f 9626 9719 9721
f 9637 9720 9719
f 9632 9722 9720
f 9633 9718 9722
f 9634 9717 9718
f 9661 9663 9726
f 9663 9664 9727
f 9661 9726 9724
f 9663 9727 9726
f 9670 9723 9732
f 9671 9725 9723
f 9662 9724 9725
f 9691 10227 9728
f 9665 9728 9727
f 9687 10223 10222
f 9686 10222 10227
f 9688 10224 10223
f 10092 10212 10093
f 10092 10106 10215
f 10108 10216 10107
f 10101 10217 10108
f 10106 10107 10215
f 10103 10104 10156
f 10102 10155 10104
f 10102 10109 10157
f 10094 10095 10159
f 10094 10159 10109
f 10096 10097 10154
f 10095 10096 10158
f 10101 10103 10156
f 10107 10216 10215
f 10108 10217 10216
f 10101 10156 10217
f 10104 10155 10156
f 10102 10157 10155
f 10123 10124 10168
f 10123 10168 10125
f 10124 10127 10168
f 10131 10140 10133
f 10131 10135 10140
f 10128 10138 11908
f 7662 11903 10136
f 10136 11903 10137
f 10137 11908 10138
f 10130 11916 10135
f 10129 11906 10130
f 10128 11906 10129
f 10135 11916 10140
f 10130 11906 11915
f 10128 11908 11906
f 10130 11915 11916
f 10121 10139 10143
f 10120 10121 10145
f 10120 10144 10122
f 10132 10142 10134
f 10132 10133 10142
f 10134 10143 10139
f 10122 10169 10127
f 10127 10169 10168
f 10121 10143 10145
f 10120 10145 10144
f 10122 10144 10169
f 10133 10140 10142
f 10134 10142 10141
f 10134 10141 10143
f 10148 10149 10153
f 10097 10099 10161
f 10099 10100 10161
f 10098 10162 10100
f 10098 10146 10160
f 10146 10147 10151
f 10147 10148 10153
f 10098 10160 10162
f 10118 10119 10171
f 10118 10170 10150
f 10119 10126 10171
f 10149 10150 10152
f 10125 10166 10126
f 10150 10170 10152
f 10126 10166 10171
f 10118 10171 10170
f 10147 10153 10151
f 10149 10152 10153
f 10146 10151 10160
f 10097 10161 10154
f 10100 10162 10161
f 10095 10158 10159
f 10109 10159 10157
f 10096 10154 10158
f 10125 10168 10167
f 10125 10167 10166
f 10183 10186 10209
f 10184 10185 10202
f 10183 10203 10185
f 9692 10232 9693
f 9692 9694 10230
f 9695 10231 9694
f 9695 10184 10231
f 9693 10232 10226
f 9692 10230 10232
f 9694 10231 10230
f 10187 10208 10186
f 10187 10188 10208
f 10188 10189 10211
f 10089 10210 10189
f 10089 10090 10210
f 10090 10091 10213
f 10188 10211 10208
f 10183 10209 10203
f 10185 10203 10202
f 10184 10202 10231
f 10186 10208 10209
f 9690 10225 10224
f 9697 10226 10225
f 10091 10093 10214
f 10091 10214 10213
f 10189 10210 10211
f 10090 10213 10210
f 10093 10212 10214
f 10092 10215 10212
f 9589 10611 10588
f 10588 10606 10599
f 10588 10611 10606
f 9591 10607 10610
f 9590 10619 10607
f 9591 10610 10611
f 9592 10617 10615
f 9616 10615 10619
f 10607 10619 10620
f 7371 11711 7372
f 7371 7370 11711
f 11294 11293 11709
f 7372 11713 7373
f 7373 11708 11293
f 11295 11716 11299
f 11294 11709 11295
f 11299 11715 11296
f 11358 11357 11379
f 11358 11379 11359
f 11359 11380 11360
f 11360 11375 11363
f 11297 11296 11717
f 11298 11718 11300
f 11297 11717 11298
f 11300 11374 11281
f 11281 11377 11354
f 11354 11377 11355
f 11355 11378 11356
f 11295 11709 11716
f 11299 11716 11715
f 11298 11717 11718
f 11296 11715 11717
f 11356 11376 11357
f 11355 11377 11378
f 11356 11378 11376
f 11357 11376 11379
f 11300 11718 11374
f 11281 11374 11377
f 11366 11513 11368
f 11368 11513 11369
f 11370 11369 11514
f 11363 11381 11361
f 11361 11381 11362
f 11367 11362 11382
f 11367 11383 11366
f 11333 11507 11334
f 11370 11515 11333
f 11334 11507 11335
f 11335 11508 11336
f 11337 11336 11509
f 11359 11379 11380
f 11360 11380 11375
f 11363 11375 11381
f 11362 11381 11382
f 11367 11382 11383
f 11366 11383 11513
f 11369 11513 11514
f 11370 11514 11515
f 11333 11515 11507
f 11339 11511 11340
f 11340 11512 11471
f 11470 11522 11474
f 11471 11520 11472
f 11472 11520 11473
f 11473 11521 11470
f 11476 11523 11477
f 11475 11474 11519
f 11475 11519 11476
f 11489 11525 11490
f 11490 11526 11491
f 11469 11477 11524
f 11469 11524 11489
f 11476 11519 11523
f 11477 11523 11524
f 11492 11527 11493
f 11491 11527 11492
f 11478 11595 11479
f 11493 11594 11494
f 11494 11595 11478
f 11491 11526 11527
f 11490 11525 11526
f 11489 11524 11525
f 11493 11527 11594
f 11474 11522 11519
f 11338 11337 11510
f 11338 11510 11339
f 11336 11508 11509
f 11337 11509 11510
f 11339 11510 11511
f 11335 11507 11508
f 11471 11512 11520
f 11340 11511 11512
f 11473 11520 11521
f 11470 11521 11522
f 11556 11586 11559
f 11559 11587 11560
f 11557 11574 11554
f 11554 11585 11555
f 11555 11586 11556
f 11479 11593 11480
f 11480 11572 11481
f 11481 11573 11558
f 11557 11558 11573
f 11480 11593 11572
f 11481 11572 11573
f 11494 11594 11595
f 11479 11595 11593
f 11557 11573 11574
f 11554 11574 11585
f 11559 11586 11587
f 11555 11585 11586
f 7657 11562 11584
f 7657 11588 7658
f 7658 11589 7659
f 7659 11590 7660
f 11560 11583 11561
f 11561 11584 11562
f 7660 11590 7663
f 7664 11591 7665
f 7663 11591 7664
f 7657 11584 11588
f 7665 11591 11904
f 7659 11589 11590
f 7658 11588 11589
f 7663 11590 11591
f 11560 11587 11583
f 11561 11583 11584
f 7364 7363 11683
f 7364 11683 7365
f 7833 11693 7363
f 7365 11710 7366
f 7366 11712 7370
f 7827 11689 11690
f 7830 11690 11692
f 7832 11692 11691
f 7833 11691 11693
f 7365 11683 11710
f 7366 11710 11712
f 7363 11693 11683
f 7372 11711 11713
f 7373 11713 11708
f 7370 11712 11711
f 7818 11688 11689
f 11293 11708 11709
f 7662 11905 11903
f 10137 11903 11907
f 10137 11907 11908
f 7665 11904 11905
f 5643 5644 5706
f 5663 5664 5622
f 5665 5635 5638
f 5603 5662 5637
f 5665 5638 5637
f 5662 5665 5637
f 5643 5635 5665
f 5603 5604 5662
f 5604 5605 5664
f 5605 5622 5664
f 5604 5664 5662
f 5663 5623 5624
f 5663 5622 5623
f 5616 5666 5625
f 5624 5625 5666
f 5663 5624 5666
f 5658 5666 5616
f 5658 5617 5619
f 5659 5619 5620
f 5659 5620 5796
f 5658 5616 5617
f 5658 5619 5659
f 5704 5732 5723
f 5711 5722 5721
f 5643 5706 5636
f 5644 5707 5706
f 5716 5722 5717
f 5644 5716 5707
f 5644 5722 5716
f 5711 5717 5722
f 5711 5721 5713
f 5713 5721 5714
f 5714 5721 5720
f 5715 5720 5755
f 5723 5756 5755
f 5714 5720 5715
f 5720 5723 5755
f 5704 5733 5732
f 5704 5741 5733
f 5741 5749 5742
f 5744 5750 5745
f 5745 5750 5944
f 5742 5749 5744
f 5752 5945 5944
f 5752 5947 5945
f 5704 5749 5741
f 5744 5749 5750
f 5750 5752 5944
f 5752 5753 5947
f 5723 5732 5756
f 5643 5636 5635
f 5659 5796 5832
f 5831 5832 5794
f 5833 5801 5803
f 5831 5802 5833
f 5833 5803 5834
f 5834 5803 5804
f 5834 5804 5806
f 5838 5806 5807
f 5838 5807 5809
f 5834 5806 5838
f 5839 5809 5810
f 5839 5810 5823
f 5840 5823 5824
f 5838 5809 5839
f 5839 5823 5840
f 5832 5796 5797
f 5832 5797 5794
f 5831 5794 5798
f 5831 5798 5802
f 5833 5802 5801
f 5840 5824 5826
f 5840 5826 5870
f 5870 5881 5871
f 5871 5884 5874
f 5870 5826 5827
f 5870 5827 5881
f 5871 5881 5882
f 5871 5882 5884
f 5874 5884 5885
f 5874 5885 5889
f 5874 5889 5878
f 5878 5889 5890
f 5878 5890 5892
f 5878 5892 5905
f 5892 5893 5905
f 5893 5901 5905
f 5901 5906 5905
f 5901 5902 5906
f 5902 5904 5906
f 5904 8143 5907
f 5904 5907 5906
f 5962 5963 5965
f 5954 5962 5965
f 5954 5965 5967
f 5753 5948 5947
f 5753 5963 5948
f 5753 5965 5963
f 5954 5967 5955
f 5955 5967 5960
f 5960 5969 5961
f 5961 5969 5974
f 5960 5967 5969
f 5974 5969 5995
f 5974 5995 5975
f 5975 5995 5980
f 5980 5996 5981
f 5981 5996 5989
f 5980 5995 5996
f 5989 5996 6007
f 5989 6007 5990
f 5990 6007 5992
f 5992 6007 6008
f 5992 6008 5993
f 5993 6008 6028
f 6011 6029 6028
f 6008 6011 6028
f 6011 6012 6031
f 6011 6031 6029
f 6012 6032 6031
f 6012 6037 6032
f 6037 6062 6038
f 6038 6062 6043
f 6012 6062 6037
f 6062 6063 6043
f 6063 6044 6043
f 6063 6046 6044
f 6063 6070 6046
f 6046 6070 6047
f 5907 8143 8145
f 8145 8146 8158
f 8146 8148 8158
f 8148 8149 8161
f 8149 8190 8161
f 8162 8190 8191
f 8162 8191 8193
f 5907 8145 8158
f 8148 8161 8158
f 8161 8190 8162
f 8162 8193 8163
f 8163 8193 8194
f 8163 8194 8200
f 8163 8200 8195
f 8195 8200 8201
f 8195 8201 8207
f 8215 8207 8208
f 8195 8207 8215
f 8215 8208 8210
f 8215 8210 8217
f 8210 8220 8217
f 6623 7741 7740
f 6623 6629 6630
f 6623 6630 7741
f 6629 6631 6630
f 6629 6633 6631
f 6629 6632 6633
f 6632 6634 6633
f 6632 6635 6644
f 6632 6644 6634
f 6635 6636 6638
f 6635 6638 6645
f 6636 6640 6639
f 6636 6639 6638
f 6636 6637 6640
f 6637 6641 6640
f 6635 6645 6644
f 7676 7678 7679
f 7676 7679 7719
f 7678 7680 7679
f 7684 7686 7689
f 7684 7689 7685
f 7684 7688 7687
f 7672 7688 7684
f 7672 7744 7688
f 7684 7687 7686
f 7678 7685 7690
f 7685 7689 7690
f 7678 7690 7680
f 7691 7693 7705
f 7691 7692 7693
f 7691 7698 7692
f 7697 7699 7698
f 7697 7698 7691
f 7705 7693 7706
f 7705 7707 7710
f 7705 7706 7707
f 7676 7720 7716
f 7716 7720 7717
f 7716 7717 7718
f 7697 7716 7718
f 7676 7719 7720
f 7697 7718 7699
f 7726 7736 7737
f 7727 7731 7729
f 7672 7727 7728
f 7672 7728 7744
f 7727 7729 7728
f 7726 7731 7727
f 7726 7730 7731
f 7726 7737 7730
f 7735 7738 7736
f 7735 7739 7738
f 7736 7738 7737
f 6623 7740 7735
f 7735 7740 7739
f 7799 7791 7798
f 7793 7779 7794
f 7793 7794 7795
f 7793 7795 7796
f 7793 7796 7791
f 7791 7796 7797
f 7791 7797 7798
f 7799 7798 7800
f 7799 7800 7802
f 7799 7802 7803
f 7799 7803 7801
f 7801 7803 7851
f 7810 7864 7834
f 7834 7865 7835
f 7835 7865 7837
f 7838 7836 7839
f 7836 7837 7840
f 7838 7839 7841
f 7836 7840 7839
f 7838 7841 7842
f 7845 7856 7846
f 7845 7854 7855
f 7845 7855 7856
f 7847 7846 7850
f 7847 7862 7810
f 7846 7849 7850
f 7846 7856 7848
f 7846 7848 7849
f 7847 7850 7861
f 7847 7861 7860
f 7847 7860 7862
f 7801 7853 7845
f 7801 7851 7852
f 7801 7852 7853
f 7845 7853 7854
f 7810 7862 7858
f 7810 7858 7857
f 7810 7857 7859
f 7810 7859 7864
f 7834 7864 7863
f 7834 7863 7865
f 7837 7865 7840
f 9200 9202 9201
f 9200 9203 9202
f 9240 9239 9238
f 9239 9243 9238
f 9240 9241 9236
f 9240 9242 9241
f 9240 9238 9242
f 9239 9275 9276
f 9239 9244 9243
f 9239 9276 9244
f 9249 9253 9251
f 6637 9249 9250
f 9249 9251 9250
f 6637 9250 6641
f 9249 9252 9253
f 9252 9254 9253
f 9252 9257 9258
f 9252 9258 9254
f 9257 9259 9258
f 9257 9201 9259
f 9257 9200 9201
f 9267 9279 9275
f 9267 10623 9279
f 9267 10624 10623
f 9267 9268 10591
f 9275 9277 9276
f 9275 9279 9278
f 9275 9278 9277
f 9268 10590 10592
f 10590 10589 10601
f 10590 10593 10592
f 10590 10605 10593
f 10590 10601 10605
f 9268 10594 10591
f 9268 10595 10594
f 9267 10591 10624
f 9268 10592 10595
f 10589 10596 10602
f 10596 10599 10609
f 10596 10603 10602
f 10596 10622 10603
f 10596 10609 10622
f 10589 10600 10601
f 10589 10604 10600
f 10589 10602 10604
f 10599 10606 10614
f 10599 10608 10609
f 10599 10614 10608
f 10606 10613 10614
f 10606 10611 10613
f 10607 10612 10610
f 10610 10613 10611
f 10610 10612 10613
f 10607 10621 10612
f 10607 10620 10621
f 10236 10249 10244
f 10238 10250 10236
f 10244 10258 10273
f 10273 10255 10274
f 10273 10258 10255
f 10274 10255 10256
f 10244 10249 10258
f 10236 10250 10249
f 10275 10257 10267
f 10270 10260 10268
f 10267 10259 10270
f 10268 10261 10269
f 10274 10256 10275
f 10242 10247 10241
f 10242 10243 10248
f 10243 10328 10351
f 10243 10351 10248
f 10240 10253 10239
f 10237 10252 10240
f 10241 10254 10237
f 10239 10251 10238
f 10239 10253 10251
f 10237 10254 10252
f 10240 10252 10253
f 10251 10250 10238
f 10241 10247 10254
f 10242 10248 10247
f 10275 10256 10257
f 10267 10257 10259
f 10270 10259 10260
f 10268 10260 10261
f 10271 10261 10262
f 10271 10262 10264
f 10276 10265 10263
f 10277 10263 10266
f 10272 10264 10265
f 10278 10266 10300
f 10279 10300 10301
f 10272 10265 10276
f 10276 10263 10277
f 10269 10261 10271
f 10271 10264 10272
f 10277 10266 10278
f 10278 10300 10279
f 10279 10301 10280
f 10280 10302 10281
f 10281 10303 10282
f 10282 10304 10283
f 10283 10305 10284
f 10280 10301 10302
f 10281 10302 10303
f 10282 10303 10304
f 10283 10304 10305
f 10284 10305 10306
f 10285 10306 10307
f 10284 10306 10285
f 10285 10307 10286
f 10286 10308 10287
f 10287 10309 10288
f 10288 10310 10289
f 10289 10311 10290
f 10290 10312 10291
f 10291 10313 10292
f 10292 10314 10293
f 10293 10315 10294
f 10286 10307 10308
f 10287 10308 10309
f 10288 10309 10310
f 10289 10310 10311
f 10311 10312 10290
f 10291 10312 10313
f 10292 10313 10314
f 10293 10314 10315
f 10294 10315 10316
f 10294 10316 10295
f 10295 10316 10317
f 10296 10317 10318
f 10379 10318 10434
f 10295 10317 10296
f 10296 10318 10379
f 10329 10330 10350
f 10326 10350 10330
f 10327 10349 10326
f 10327 10324 10352
f 10324 10325 10353
f 10331 10354 10325
f 10331 10332 10355
f 10332 10333 10356
f 10333 10334 10357
f 10334 10335 10358
f 10335 10336 10359
f 10336 10337 10360
f 10329 10347 10328
f 10328 10347 10351
f 10329 10350 10347
f 10326 10348 10350
f 10326 10349 10348
f 10327 10352 10349
f 10324 10353 10352
f 10325 10354 10353
f 10331 10355 10354
f 10332 10356 10355
f 10333 10357 10356
f 10334 10358 10357
f 10335 10359 10358
f 10336 10360 10359
f 10337 10361 10360
f 10338 10362 10361
f 10337 10338 10361
f 10338 10339 10362
f 10339 10340 10363
f 10340 10341 10364
f 10341 10342 10365
f 10342 10343 10366
f 10343 10344 10367
f 10339 10363 10362
f 10340 10364 10363
f 10341 10365 10364
f 10342 10366 10365
f 10343 10367 10366
f 10344 10368 10367
f 10344 10345 10368
f 10345 10346 10369
f 10346 10393 10370
f 10345 10369 10368
f 10346 10370 10369
f 10393 10394 10371
f 10394 10395 10372
f 10395 10396 10373
f 10393 10371 10370
f 10394 10372 10371
f 10395 10373 10372
f 10396 10374 10373
f 10397 10375 10374
f 10398 10376 10375
f 10399 10377 10376
f 10400 10378 10377
f 10401 10426 10378
f 10402 10427 10426
f 10403 10428 10427
f 10396 10397 10374
f 10397 10398 10375
f 10398 10399 10376
f 10399 10400 10377
f 10412 10418 10451
f 10412 10450 10414
f 10419 10413 10452
f 10413 10414 10453
f 10407 10409 10424
f 10400 10401 10378
f 10401 10402 10426
f 10402 10403 10427
f 10403 10404 10428
f 10404 10405 10429
f 10405 10406 10431
f 10406 10407 10431
f 10407 10424 10431
f 10409 10425 10424
f 10404 10429 10428
f 10405 10430 10429
f 10405 10431 10430
f 10408 10420 10455
f 10410 10411 10433
f 10409 10410 10425
f 10411 10408 10432
f 10420 10419 10454
f 10380 10434 10435
f 10381 10435 10436
f 10382 10436 10437
f 10383 10437 10438
f 10385 10439 10440
f 10384 10438 10439
f 10386 10440 10441
f 10387 10441 10442
f 10389 10442 10443
f 10389 10443 10445
f 10390 10445 10444
f 10391 10444 10446
f 10392 10446 10447
f 10379 10434 10380
f 10380 10435 10381
f 10381 10436 10382
f 10382 10437 10383
f 10383 10438 10384
f 10385 10384 10439
f 10385 10440 10386
f 10386 10441 10387
f 10389 10387 10442
f 10388 10389 10445
f 10388 10445 10390
f 10391 10390 10444
f 10391 10446 10392
f 10450 10453 10414
f 10413 10453 10452
f 10392 10447 10415
f 10416 10415 10456
f 10417 10416 10449
f 10418 10417 10448
f 10417 10449 10448
f 10418 10448 10451
f 10412 10451 10450
f 10416 10456 10449
f 10415 10447 10456
f 10410 10433 10425
f 10420 10454 10455
f 10408 10455 10432
f 10411 10432 10433
f 10419 10452 10454
f 37 55 47
f 38 56 48
f 39 57 42
f 39 40 58
f 41 42 59
f 38 41 59
f 40 61 58
f 42 57 59
f 39 58 57
f 38 59 56
f 43 60 46
f 44 46 62
f 45 61 40
f 44 61 45
f 43 47 63
f 46 60 62
f 44 62 61
f 43 63 60
f 47 55 63
f 48 64 49
f 50 66 51
f 50 49 65
f 51 67 52
f 52 68 53
f 53 69 54
f 48 56 64
f 49 64 65
f 50 65 66
f 66 67 51
f 52 67 68
f 53 68 69
f 54 69 70
f 54 70 71
f 71 82 72
f 72 83 73
f 73 84 74
f 74 85 75
f 75 86 76
f 76 87 77
f 71 70 82
f 72 82 83
f 73 83 84
f 74 84 85
f 75 85 86
f 76 86 87
f 77 87 88
f 77 88 78
f 78 89 79
f 79 90 80
f 80 91 81
f 81 92 152
f 78 88 89
f 79 89 90
f 80 90 91
f 81 91 92
f 92 165 152
f 37 97 109
f 97 98 110
f 98 99 111
f 99 102 114
f 37 109 55
f 97 110 109
f 98 111 110
f 99 114 111
f 100 112 103
f 100 101 113
f 102 103 115
f 100 113 112
f 102 115 114
f 103 112 115
f 101 104 116
f 104 105 117
f 105 106 118
f 101 116 113
f 104 117 116
f 105 118 117
f 106 107 119
f 107 108 120
f 108 121 137
f 106 119 118
f 107 120 119
f 108 137 120
f 124 126 125
f 121 122 138
f 122 123 139
f 123 125 140
f 121 138 137
f 122 139 138
f 123 140 139
f 125 126 141
f 126 127 142
f 127 128 143
f 125 141 140
f 128 129 144
f 129 130 145
f 130 131 146
f 131 132 147
f 132 133 148
f 133 134 149
f 134 135 150
f 135 136 151
f 126 142 141
f 127 143 142
f 128 144 143
f 129 145 144
f 130 146 145
f 131 147 146
f 132 148 147
f 133 149 148
f 134 150 149
f 135 151 150
f 152 165 153
f 153 166 154
f 154 167 155
f 155 168 156
f 156 169 157
f 157 170 158
f 158 171 159
f 159 172 160
f 160 173 161
f 161 174 162
f 162 175 163
f 163 176 164
f 164 177 190
f 153 165 166
f 154 166 167
f 155 167 168
f 156 168 169
f 157 169 170
f 158 170 171
f 159 171 172
f 160 172 173
f 161 173 174
f 162 174 175
f 163 175 176
f 164 176 177
f 178 193 179
f 180 179 194
f 180 195 181
f 182 197 183
f 181 196 182
f 184 198 185
f 183 198 184
f 185 199 186
f 187 186 200
f 187 201 189
f 188 189 203
f 188 202 239
f 190 204 191
f 191 205 192
f 192 206 178
f 179 193 194
f 180 194 195
f 181 195 196
f 182 196 197
f 183 197 198
f 185 198 199
f 187 200 201
f 202 251 239
f 188 203 202
f 189 201 203
f 186 199 200
f 177 204 190
f 191 204 205
f 192 205 206
f 178 206 193
f 136 207 219
f 208 219 207
f 208 209 220
f 209 210 221
f 210 211 222
f 211 212 223
f 212 213 224
f 213 214 225
f 214 215 226
f 215 216 227
f 216 217 228
f 217 218 229
f 136 219 151
f 208 220 219
f 209 221 220
f 210 222 221
f 211 223 222
f 212 224 223
f 213 225 224
f 214 226 225
f 215 227 226
f 216 228 227
f 217 229 228
f 218 244 229
f 218 231 244
f 231 232 245
f 233 247 235
f 233 234 246
f 232 235 247
f 237 249 238
f 236 239 251
f 236 248 237
f 238 250 234
f 231 245 244
f 233 246 247
f 232 247 245
f 238 249 250
f 236 251 248
f 237 248 249
f 234 250 246
f 10500 10495 10689
f 10500 10689 10688
f 10495 10690 10689
f 10497 10692 10690
f 10495 10497 10690
f 10494 10490 10507
f 10491 10499 10691
f 10490 10491 10506
f 10499 10500 10688
f 10504 10501 10667
f 10501 10502 10668
f 10496 10498 10693
f 10497 10496 10692
f 10498 10504 10666
f 10545 10513 10546
f 10548 10547 10515
f 10546 10511 10547
f 10548 10516 10549
f 10549 10517 10550
f 10550 10518 10551
f 10492 10505 10514
f 10493 10514 10508
f 10538 10508 10509
f 10544 10509 10510
f 10548 10515 10516
f 10549 10516 10517
f 10544 10510 10512
f 10546 10513 10511
f 10545 10512 10513
f 10547 10511 10515
f 10499 10688 10691
f 10494 10507 10505
f 10490 10506 10507
f 10491 10691 10506
f 10538 10493 10508
f 10494 10505 10492
f 10492 10514 10493
f 10544 10539 10509
f 10538 10509 10539
f 10545 10544 10512
f 10550 10517 10518
f 10551 10518 10519
f 10552 10519 10520
f 10553 10520 10521
f 10554 10521 10522
f 10555 10522 10523
f 10556 10523 10524
f 10557 10524 10525
f 10558 10525 10526
f 10551 10519 10552
f 10552 10520 10553
f 10553 10521 10554
f 10554 10522 10555
f 10555 10523 10556
f 10556 10524 10557
f 10559 10526 10527
f 10527 10528 10560
f 10561 10528 10529
f 10557 10525 10558
f 10558 10526 10559
f 10559 10527 10560
f 10562 10529 10530
f 10563 10530 10531
f 10564 10531 10694
f 10565 10694 10729
f 10566 10729 10730
f 10560 10528 10561
f 10561 10529 10562
f 10562 10530 10563
f 10563 10531 10564
f 10564 10694 10565
f 10565 10729 10566
f 10566 10730 10567
f 10567 10731 10568
f 10568 10732 10569
f 10567 10730 10731
f 10568 10731 10732
f 10569 10733 10570
f 10570 10734 10571
f 10571 10735 10572
f 10504 10667 10666
f 10501 10668 10667
f 10496 10693 10692
f 10498 10666 10693
f 10502 10669 10668
f 10503 10670 10669
f 10540 10671 10670
f 10542 10672 10671
f 10542 10673 10672
f 10543 10674 10673
f 10700 10676 10674
f 10701 10675 10676
f 10702 10677 10675
f 10502 10503 10669
f 10503 10540 10670
f 10540 10541 10671
f 10541 10542 10671
f 10542 10543 10673
f 10543 10700 10674
f 10700 10701 10676
f 10703 10678 10677
f 10701 10702 10675
f 10702 10703 10677
f 10703 10704 10678
f 10704 10705 10679
f 10704 10679 10678
f 10705 10680 10679
f 10706 10681 10680
f 10707 10682 10681
f 10708 10683 10682
f 10709 10684 10683
f 10710 10685 10684
f 10711 10686 10685
f 10705 10706 10680
f 10706 10707 10681
f 10707 10708 10682
f 10708 10709 10683
f 10709 10710 10684
f 10710 10711 10685
f 10711 10712 10686
f 10712 10713 10687
f 10713 10714 10695
f 10712 10687 10686
f 10713 10695 10687
f 10714 10696 10695
f 10715 10697 10696
f 10716 10698 10697
f 10717 10699 10698
f 10718 10776 10699
f 10719 10777 10776
f 10720 10778 10777
f 10714 10715 10696
f 10715 10716 10697
f 10716 10717 10698
f 10717 10718 10699
f 10718 10719 10776
f 10719 10720 10777
f 10720 10721 10778
f 10721 10722 10779
f 10722 10723 10780
f 10723 10724 10781
f 10724 10725 10782
f 10569 10732 10733
f 10570 10733 10734
f 10571 10734 10735
f 10572 10735 10736
f 10573 10736 10737
f 10574 10737 10738
f 10754 10741 10742
f 10755 10742 10743
f 10756 10743 10745
f 10575 10738 10739
f 10766 10739 10740
f 10766 10740 10741
f 10721 10779 10778
f 10722 10780 10779
f 10723 10781 10780
f 10724 10782 10781
f 10725 10783 10782
f 10726 10784 10783
f 10727 10785 10784
f 10728 10786 10785
f 10771 10793 10792
f 10773 10787 10786
f 10769 10789 10790
f 10770 10791 10789
f 10774 10788 10787
f 10774 10790 10788
f 10772 10792 10791
f 10758 10744 10746
f 10757 10745 10744
f 10762 10747 10760
f 10572 10736 10573
f 10573 10737 10574
f 10574 10738 10575
f 10767 10741 10754
f 10754 10742 10755
f 10575 10739 10766
f 10766 10741 10767
f 10755 10743 10756
f 10756 10745 10757
f 10757 10744 10758
f 10758 10746 10761
f 10761 10753 10762
f 10760 10748 10764
f 10763 10750 10765
f 10763 10764 10751
f 10770 10772 10791
f 10772 10771 10792
f 10759 10749 10775
f 10775 10793 10771
f 10765 10752 10759
f 10725 10726 10783
f 10727 10784 10726
f 10727 10728 10785
f 10728 10773 10786
f 10774 10787 10773
f 10768 10769 10790
f 10768 10790 10774
f 10770 10789 10769
f 10759 10752 10749
f 10775 10749 10793
f 10761 10746 10753
f 10760 10747 10748
f 10763 10751 10750
f 10748 10751 10764
f 10762 10753 10747
f 10765 10750 10752
f 3485 3519 3517
f 3486 3517 3522
f 3487 3522 3520
f 3520 4510 4497
f 3480 3481 3516
f 3478 3514 3483
f 3478 3479 3513
f 3480 3512 3479
f 3483 3518 3484
f 3484 3519 3485
f 3485 3517 3486
f 3486 3522 3487
f 3487 3520 4497
f 3476 3490 3488
f 3476 3477 3490
f 3477 3495 3489
f 3492 3495 3496
f 3492 3496 3506
f 3493 3506 3496
f 3493 3507 3506
f 3494 3508 3507
f 3489 3495 3492
f 3477 3489 3490
f 3494 3497 3508
f 3493 3494 3507
f 3497 3498 3509
f 3498 3499 3511
f 3491 3501 3500
f 3491 3500 3499
f 3491 3503 3501
f 3502 3503 3504
f 3501 3503 3502
f 3502 3504 3527
f 3505 3528 3527
f 3504 3505 3527
f 3505 3523 3528
f 3523 3524 3529
f 3524 3525 3530
f 3497 3509 3508
f 3498 3510 3509
f 3498 3511 3510
f 3499 3500 3511
f 3484 3518 3519
f 3520 3521 4510
f 3480 3516 3512
f 3482 3488 3515
f 3481 3515 3516
f 3476 3488 3482
f 3481 3482 3515
f 3479 3512 3513
f 3478 3513 3514
f 3483 3514 3518
f 3523 3529 3528
f 3524 3530 3529
f 3525 3531 3530
f 3525 3526 3531
f 3526 3532 3531
f 3526 3542 3532
f 3532 3542 3533
f 3533 3543 3534
f 3534 3544 3535
f 3535 3545 3536
f 3536 3546 3537
f 3533 3542 3543
f 3534 3543 3544
f 3535 3544 3545
f 3536 3545 3546
f 3537 3546 3547
f 3537 3547 3538
f 3538 3547 3548
f 3539 3548 3549
f 3538 3548 3539
f 3539 3549 3540
f 3540 3549 3550
f 3550 3551 3541
f 3540 3550 3541
f 3551 3555 3554
f 3551 3554 3541
f 3555 3552 3565
f 3551 3552 3555
f 3552 3553 3565
f 3553 3570 3565
f 3556 3571 3570
f 3553 3556 3570
f 3556 3557 3571
f 3557 3558 3572
f 3558 3559 3573
f 3559 3560 3574
f 3557 3572 3571
f 3558 3573 3572
f 3559 3574 3573
f 3560 3575 3574
f 3560 3561 3575
f 3561 3562 3576
f 3562 3563 3577
f 3561 3576 3575
f 3562 3577 3576
f 3563 3578 3577
f 3563 3564 3578
f 3564 3581 3579
f 3580 3581 4593
f 3564 3579 3578
f 3579 3581 3580
f 3580 4593 4589
f 4498 4510 4511
f 4499 4511 4512
f 4500 4513 4514
f 4500 4512 4513
f 4501 4514 4515
f 4497 4510 4498
f 4498 4511 4499
f 4499 4512 4500
f 4500 4514 4501
f 4501 4515 4502
f 4502 4516 4503
f 4503 4517 4504
f 4504 4518 4505
f 4505 4519 4506
f 4506 4520 4507
f 4502 4515 4516
f 4503 4516 4517
f 4504 4517 4518
f 4505 4518 4519
f 4506 4519 4520
f 4507 4520 4521
f 4508 4521 4522
f 4507 4521 4508
f 4509 4522 4523
f 4508 4522 4509
f 4509 4523 4526
f 4524 4527 4526
f 4525 4528 4527
f 4523 4524 4526
f 4524 4525 4527
f 4528 4534 4529
f 4525 4534 4528
f 4529 4534 4535
f 4529 4535 4530
f 4530 4536 4531
f 4531 4537 4532
f 4530 4535 4536
f 4531 4536 4537
f 4532 4537 4538
f 4532 4538 4533
f 4533 4538 4539
f 4539 4540 4542
f 4533 4539 4542
f 4540 4543 4542
f 4541 4544 4543
f 4540 4541 4543
f 4541 4550 4544
f 4545 4550 4551
f 4544 4550 4545
f 4545 4551 4546
f 4546 4552 4547
f 4557 4574 4564
f 4546 4551 4552
f 4547 4552 4553
f 4547 4553 4548
f 4548 4554 4578
f 4548 4553 4554
f 4554 4555 4578
f 4555 4579 4578
f 4555 4556 4579
f 4556 4564 4580
f 4557 4558 4575
f 4558 4559 4577
f 4569 4570 4596
f 4570 4572 4600
f 4571 4598 4597
f 4573 4599 4598
f 4573 4607 4599
f 4573 4584 4607
f 4571 4597 4572
f 4571 4573 4598
f 4557 4575 4574
f 4558 4577 4575
f 4556 4580 4579
f 4564 4574 4580
f 4560 4581 4582
f 4581 4561 4583
f 4562 4585 4576
f 4559 4576 4577
f 4559 4562 4576
f 4562 4563 4585
f 4563 4582 4585
f 4586 4583 4561
f 4560 4561 4581
f 4586 4607 4584
f 4586 4584 4583
f 4560 4582 4563
f 4590 4593 4594
f 4565 4591 4594
f 4589 4593 4590
f 4590 4594 4591
f 4565 4592 4591
f 4566 4567 4587
f 4565 4566 4592
f 4567 4568 4588
f 4566 4587 4592
f 4567 4588 4587
f 4568 4595 4588
f 4569 4596 4595
f 4568 4569 4595
f 4570 4600 4596
f 4572 4597 4600
f 7912 7886 7911
f 7913 7969 7942
f 7912 7913 7887
f 7903 7880 7879
f 7898 7881 7877
f 7906 7877 7880
f 7905 7878 8019
f 7904 7879 7878
f 7907 7884 7882
f 7910 7883 7884
f 7909 7885 7883
f 7882 7881 7908
f 7912 7887 7886
f 7911 7886 7885
f 7913 7942 7887
f 7908 7881 7898
f 7898 7877 7906
f 7906 7880 7903
f 7909 7883 7910
f 7911 7885 7909
f 7907 7882 7908
f 7910 7884 7907
f 7905 8019 7899
f 7899 8012 7900
f 7900 8013 7901
f 7901 8015 7902
f 7904 7878 7905
f 7903 7879 7904
f 7902 8017 7915
f 7915 8017 7916
f 7899 8019 8012
f 7900 8012 8013
f 7901 8013 8015
f 7902 8015 8016
f 7902 8016 8017
f 7916 8017 8018
f 7914 8018 8014
f 7916 8018 7914
f 7914 8014 7917
f 7917 8020 7918
f 7918 8021 7919
f 7919 8022 7920
f 7920 8023 7921
f 7921 8024 7922
f 7965 7943 7969
f 7965 7966 7945
f 7967 7968 7946
f 7967 7945 7966
f 7968 7970 7947
f 7970 7971 7948
f 7972 7949 7971
f 7972 7973 7950
f 7973 7974 7951
f 7974 7975 7952
f 7975 7976 7953
f 7976 7977 7954
f 7977 7978 7955
f 7969 7943 7942
f 7965 7945 7944
f 7965 7944 7943
f 7967 7946 7945
f 7968 7947 7946
f 7970 7948 7947
f 7971 7949 7948
f 7972 7950 7949
f 7973 7951 7950
f 7974 7952 7951
f 7975 7953 7952
f 7976 7954 7953
f 7977 7955 7954
f 7978 7979 7956
f 7979 7980 7957
f 7980 7981 7958
f 7981 7982 7959
f 7978 7956 7955
f 7979 7957 7956
f 7980 7958 7957
f 7981 7959 7958
f 7982 7960 7959
f 7983 7961 7960
f 7984 7962 7961
f 7985 7963 7962
f 7986 7964 7963
f 7987 8060 7964
f 7988 8061 8060
f 7989 8062 8061
f 7982 7983 7960
f 7983 7984 7961
f 7984 7985 7962
f 7985 7986 7963
f 7986 7987 7964
f 7987 7988 8060
f 7988 7989 8061
f 7989 7990 8062
f 7990 7991 8063
f 7991 7992 8064
f 7992 7993 8065
f 7993 7994 8066
f 7990 8063 8062
f 7991 8064 8063
f 7992 8065 8064
f 7993 8066 8065
f 7994 8067 8066
f 7994 7995 8067
f 7995 7998 8068
f 7998 7999 8098
f 7999 8000 8099
f 8000 8001 8100
f 8001 8002 8101
f 8002 8003 8101
f 8003 8008 8103
f 7917 8014 8020
f 7918 8020 8021
f 7919 8021 8022
f 7920 8022 8023
f 7922 8025 7923
f 7923 8026 7924
f 7921 8023 8024
f 7922 8024 8025
f 7923 8025 8026
f 7924 8026 8035
f 7925 8035 8036
f 7926 8036 8037
f 7927 8037 8038
f 7928 8038 8039
f 8027 8039 8040
f 8040 8041 8028
f 8029 8041 8042
f 7924 8035 7925
f 7925 8036 7926
f 7926 8037 7927
f 7927 8038 7928
f 7928 8039 8027
f 8027 8040 8028
f 8028 8041 8029
f 8029 8042 8030
f 8030 8043 8031
f 8031 8044 8032
f 8032 8045 8033
f 8033 8046 8034
f 8034 8047 8069
f 8030 8042 8043
f 8031 8043 8044
f 8032 8044 8045
f 8033 8045 8046
f 8034 8046 8047
f 8069 8047 8083
f 8069 8083 8070
f 8070 8084 8071
f 8071 8085 8072
f 8072 8086 8073
f 8073 8087 8074
f 8075 8074 8088
f 8075 8089 8076
f 8076 8090 8077
f 8077 8091 8078
f 8080 8078 8093
f 8082 8081 8094
f 8082 8096 8079
f 8080 8093 8081
f 8070 8083 8084
f 8071 8084 8085
f 8072 8085 8086
f 8073 8086 8087
f 8074 8087 8088
f 8075 8088 8089
f 8077 8090 8091
f 8078 8091 8093
f 8076 8089 8090
f 8081 8093 8092
f 8081 8092 8094
f 8082 8094 8096
f 8079 8096 8095
f 7996 8113 8112
f 8111 8113 7997
f 7995 8068 8067
f 7998 8098 8068
f 7999 8099 8098
f 8000 8100 8099
f 8008 8004 8097
f 8008 8097 8103
f 8001 8101 8100
f 8003 8102 8101
f 8003 8103 8102
f 8006 8117 8118
f 8004 8118 8097
f 8007 8120 8116
f 8005 8116 8117
f 8009 8119 8120
f 8010 8112 8119
f 8108 8111 7997
f 7996 7997 8113
f 8010 7996 8112
f 8079 8095 8104
f 8105 8104 8114
f 8106 8105 8115
f 8107 8106 8109
f 8108 8107 8110
f 8108 8110 8111
f 8004 8006 8118
f 8006 8005 8117
f 8005 8007 8116
f 8009 8010 8119
f 8007 8009 8120
f 8105 8114 8115
f 8104 8095 8114
f 8106 8115 8109
f 8107 8109 8110
f 1606 1623 1614
f 1622 1632 1623
f 1607 1624 1615
f 1608 1625 1610
f 1608 1609 1627
f 1607 1610 1628
f 1609 1630 1627
f 1608 1626 1625
f 1608 1627 1626
f 1610 1625 1628
f 1607 1628 1624
f 1611 1629 1613
f 1612 1613 1631
f 1612 1630 1609
f 1611 1614 1632
f 1613 1629 1631
f 1612 1631 1630
f 1611 1632 1629
f 1614 1623 1632
f 1615 1634 1616
f 1617 1635 1618
f 1617 1616 1633
f 1619 1637 1620
f 1618 1636 1619
f 1620 1638 1621
f 1615 1624 1634
f 1616 1634 1633
f 1617 1633 1635
f 1635 1636 1618
f 1619 1636 1637
f 1620 1637 1638
f 1621 1638 1639
f 1650 1662 1722
f 1621 1639 1640
f 1640 1657 1641
f 1641 1658 1642
f 1642 1651 1643
f 1643 1652 1644
f 1644 1653 1645
f 1645 1655 1646
f 1640 1639 1657
f 1641 1657 1658
f 1642 1658 1651
f 1643 1651 1652
f 1645 1653 1655
f 1646 1655 1656
f 1644 1652 1653
f 1646 1656 1647
f 1647 1659 1648
f 1648 1660 1649
f 1649 1661 1650
f 1647 1656 1659
f 1648 1659 1660
f 1649 1660 1661
f 1650 1661 1662
f 1662 1735 1722
f 1653 1654 1655
f 1606 1668 1680
f 1668 1669 1681
f 1669 1670 1682
f 1670 1673 1685
f 1606 1680 1623
f 1668 1681 1680
f 1669 1682 1681
f 1670 1685 1682
f 1671 1683 1674
f 1671 1672 1684
f 1673 1674 1686
f 1671 1684 1683
f 1673 1686 1685
f 1674 1683 1686
f 1672 1675 1687
f 1675 1676 1688
f 1676 1677 1689
f 1672 1687 1684
f 1675 1688 1687
f 1676 1689 1688
f 1677 1678 1690
f 1678 1679 1691
f 1679 1692 1707
f 1677 1690 1689
f 1678 1691 1690
f 1679 1707 1691
f 1695 1696 1711
f 1696 1697 1712
f 1697 1698 1713
f 1698 1699 1714
f 1699 1700 1715
f 1700 1701 1716
f 1701 1702 1717
f 1702 1703 1718
f 1703 1704 1719
f 1704 1705 1720
f 1705 1706 1721
f 1692 1693 1708
f 1693 1694 1709
f 1694 1695 1710
f 1692 1708 1707
f 1693 1709 1708
f 1694 1710 1709
f 1695 1711 1710
f 1696 1712 1711
f 1697 1713 1712
f 1698 1714 1713
f 1699 1715 1714
f 1700 1716 1715
f 1701 1717 1716
f 1702 1718 1717
f 1703 1719 1718
f 1704 1720 1719
f 1705 1721 1720
f 1722 1735 1723
f 1723 1736 1724
f 1724 1737 1725
f 1725 1738 1726
f 1726 1739 1727
f 1727 1740 1728
f 1728 1741 1729
f 1729 1742 1730
f 1730 1743 1731
f 1731 1744 1732
f 1732 1745 1733
f 1733 1746 1734
f 1734 1747 1759
f 1723 1735 1736
f 1724 1736 1737
f 1725 1737 1738
f 1726 1738 1739
f 1727 1739 1740
f 1728 1740 1741
f 1729 1741 1742
f 1730 1742 1743
f 1731 1743 1744
f 1732 1744 1745
f 1733 1745 1746
f 1734 1746 1747
f 1748 1764 1749
f 1750 1749 1762
f 1750 1763 1751
f 1752 1766 1753
f 1751 1765 1752
f 1753 1767 1754
f 1754 1769 1755
f 1756 1755 1770
f 1757 1758 1774
f 1757 1772 1813
f 1756 1773 1758
f 1759 1775 1760
f 1760 1776 1761
f 1761 1777 1748
f 1749 1764 1762
f 1750 1762 1763
f 1751 1763 1765
f 1752 1765 1766
f 1753 1766 1767
f 1754 1767 1769
f 1767 1768 1769
f 1756 1771 1773
f 1756 1770 1771
f 1772 1821 1813
f 1757 1774 1772
f 1758 1773 1774
f 1755 1769 1770
f 1747 1775 1759
f 1760 1775 1776
f 1761 1776 1777
f 1748 1777 1764
f 1706 1782 1797
f 1782 1783 1798
f 1783 1784 1799
f 1784 1785 1800
f 1785 1786 1801
f 1786 1787 1803
f 1787 1788 1804
f 1788 1789 1793
f 1789 1790 1794
f 1790 1791 1796
f 1791 1792 1795
f 1783 1799 1798
f 1784 1800 1799
f 1785 1801 1800
f 1706 1797 1721
f 1782 1798 1797
f 1786 1802 1801
f 1786 1803 1802
f 1787 1804 1803
f 1788 1793 1804
f 1789 1794 1793
f 1790 1796 1794
f 1791 1795 1796
f 1792 1814 1795
f 1792 1806 1814
f 1806 1807 1815
f 1809 1808 1816
f 1809 1817 1807
f 1811 1819 1812
f 1810 1813 1821
f 1810 1818 1811
f 1808 1812 1820
f 1806 1815 1814
f 1809 1816 1817
f 1807 1817 1815
f 1812 1819 1820
f 1810 1821 1818
f 1811 1818 1819
f 1808 1820 1816
f 11626 11619 11761
f 11627 11625 11763
f 11624 11762 11625
f 11626 11759 11624
f 11623 11621 11534
f 11621 11629 11535
f 11629 11628 11537
f 11628 11630 11538
f 11626 11761 11759
f 11619 11760 11761
f 11620 11764 11760
f 11622 11533 11764
f 11620 11622 11764
f 11619 11620 11760
f 11622 11623 11533
f 11631 11539 11536
f 11631 11617 11539
f 11617 11618 11540
f 11630 11631 11536
f 11618 11632 11541
f 11632 11633 11542
f 11623 11534 11533
f 11621 11535 11534
f 11629 11537 11535
f 11628 11538 11537
f 11630 11536 11538
f 11617 11540 11539
f 11618 11541 11540
f 11633 11543 11542
f 11632 11542 11541
f 11633 11544 11543
f 11635 11545 11544
f 11636 11546 11545
f 11637 11547 11546
f 11638 11548 11547
f 11639 11549 11548
f 11640 11550 11549
f 11641 11551 11550
f 11642 11552 11551
f 11643 11553 11552
f 11627 11743 11612
f 11633 11634 11544
f 11634 11635 11544
f 11635 11636 11545
f 11636 11637 11546
f 11637 11638 11547
f 11638 11639 11548
f 11639 11640 11549
f 11640 11641 11550
f 11641 11642 11551
f 11642 11643 11552
f 11643 11644 11553
f 11644 11645 11604
f 11645 11646 11605
f 11644 11604 11553
f 11645 11605 11604
f 11646 11606 11605
f 11647 11607 11606
f 11648 11608 11607
f 11649 11609 11608
f 11646 11647 11606
f 11647 11648 11607
f 11648 11649 11608
f 11649 11650 11609
f 11650 11651 11670
f 11651 11652 11671
f 11652 11653 11672
f 11653 11654 11673
f 11654 11655 11674
f 11655 11656 11675
f 11656 11657 11676
f 11657 11658 11858
f 11658 11659 11865
f 11659 11660 11866
f 11660 11661 11867
f 11661 11662 11868
f 11662 11663 11869
f 11664 11666 11870
f 11664 11871 11663
f 11650 11670 11609
f 11651 11671 11670
f 11652 11672 11671
f 11653 11673 11672
f 11654 11674 11673
f 11655 11675 11674
f 11656 11676 11675
f 11657 11858 11676
f 11658 11865 11858
f 11659 11866 11865
f 11660 11867 11866
f 11625 11762 11763
f 11624 11759 11762
f 11627 11763 11743
f 11612 11745 11744
f 11612 11743 11745
f 11614 11744 11747
f 11615 11747 11748
f 11616 11748 11746
f 11768 11746 11749
f 11769 11749 11750
f 11770 11750 11751
f 11771 11751 11752
f 11772 11752 11753
f 11773 11753 11754
f 11615 11748 11616
f 11768 11616 11746
f 11768 11749 11769
f 11769 11750 11770
f 11613 11612 11744
f 11613 11744 11614
f 11614 11747 11615
f 11770 11751 11771
f 11771 11752 11772
f 11772 11753 11773
f 11773 11754 11774
f 11774 11755 11775
f 11774 11754 11755
f 11775 11755 11756
f 11776 11756 11757
f 11775 11756 11776
f 11776 11757 11777
f 11777 11758 11778
f 11778 11765 11779
f 11779 11766 11780
f 11780 11793 11781
f 11781 11794 11782
f 11777 11757 11758
f 11778 11758 11765
f 11779 11765 11766
f 11766 11793 11780
f 11781 11793 11794
f 11782 11794 11795
f 11783 11795 11796
f 11782 11795 11783
f 11783 11796 11784
f 11784 11797 11785
f 11785 11798 11786
f 11786 11799 11787
f 11787 11800 11788
f 11784 11796 11797
f 11785 11797 11798
f 11786 11798 11799
f 11787 11799 11800
f 11788 11800 11801
f 11789 11801 11802
f 11790 11802 11803
f 11830 11808 11828
f 11828 11809 11832
f 11832 11814 11834
f 11788 11801 11789
f 11789 11802 11790
f 11790 11803 11791
f 11791 11804 11792
f 11792 11805 11815
f 11791 11803 11804
f 11792 11804 11805
f 11815 11805 11810
f 11816 11810 11811
f 11817 11811 11812
f 11818 11812 11806
f 11815 11810 11816
f 11816 11811 11817
f 11817 11812 11818
f 11818 11806 11829
f 11829 11806 11830
f 11831 11820 11821
f 11838 11876 11875
f 11821 11876 11839
f 11844 11874 11864
f 11837 11877 11873
f 11843 11873 11874
f 11840 11875 11877
f 11836 11820 11831
f 11834 11813 11833
f 11833 11819 11835
f 11835 11822 11836
f 11831 11821 11839
f 11838 11875 11840
f 11838 11839 11876
f 11842 11841 11863
f 11841 11844 11864
f 11667 11665 11859
f 11666 11667 11872
f 11669 11859 11665
f 11669 11668 11861
f 11842 11862 11668
f 11837 11873 11843
f 11843 11874 11844
f 11840 11877 11837
f 11830 11806 11807
f 11830 11807 11808
f 11828 11808 11809
f 11832 11809 11814
f 11834 11814 11813
f 11833 11813 11819
f 11835 11819 11822
f 11836 11822 11820
f 11666 11872 11870
f 11667 11859 11872
f 11661 11868 11867
f 11662 11869 11868
f 11663 11871 11869
f 11664 11870 11871
f 11668 11862 11861
f 11669 11860 11859
f 11669 11861 11860
f 11841 11864 11863
f 11842 11863 11862
f 1511 1512 1513
f 1512 1515 1513
f 1512 1514 1515
f 1514 1516 1515
f 1516 1518 1520
f 1514 1517 1516
f 1516 1517 1518
f 1518 1519 1520
f 1520 1519 1522
f 1519 1525 1522
f 1522 1525 1523
f 1523 1526 1524
f 1523 1525 1526
f 1524 1526 1527
f 1527 1528 1538
f 1524 1527 1538
f 1528 1539 1538
f 1529 1540 1539
f 1528 1529 1539
f 1529 1530 1540
f 1530 1533 1540
f 1533 1534 1541
f 1534 1535 1542
f 1535 1536 1543
f 1536 1537 1544
f 1537 2009 2041
f 1533 1541 1540
f 1534 1542 1541
f 1535 1543 1542
f 1536 1544 1543
f 1537 2041 1544
f 2009 2010 2042
f 2010 2012 2043
f 2011 2043 2012
f 2011 2013 2044
f 2013 2014 2046
f 2014 2008 2045
f 2008 2047 2045
f 2016 2048 2047
f 2016 2047 2008
f 2016 2017 2048
f 2015 2048 2017
f 2015 2018 2048
f 2020 2024 2034
f 2024 2032 2034
f 2019 2021 2020
f 2020 2021 2024
f 2015 2023 2018
f 2018 2022 2019
f 2018 2023 2022
f 2019 2022 2021
f 2027 2035 2028
f 2026 2027 2028
f 2028 2035 2033
f 2026 2029 2027
f 2031 2033 2035
f 2031 2032 2033
f 2031 2034 2032
f 2009 2042 2041
f 2010 2043 2042
f 2011 2044 2043
f 2013 2046 2044
f 2014 2045 2046
f 9 21 307
f 13 9 304
f 8 891 22
f 21 22 878
f 21 878 307
f 31 86 36
f 28 36 58
f 28 55 109
f 28 63 55
f 28 109 110
f 28 114 115
f 28 111 114
f 28 110 111
f 28 58 61
f 28 62 60
f 28 61 62
f 28 60 63
f 36 66 65
f 36 65 64
f 36 67 66
f 36 68 67
f 36 69 68
f 36 57 58
f 36 59 57
f 36 56 59
f 36 64 56
f 36 82 70
f 36 70 69
f 36 83 82
f 36 84 83
f 36 85 84
f 36 86 85
f 34 329 30
f 31 87 86
f 31 88 87
f 31 89 88
f 31 90 89
f 31 91 90
f 31 92 91
f 31 165 92
f 31 166 165
f 31 167 166
f 31 168 167
f 30 338 31
f 31 169 168
f 28 3270 96
f 2 93 3259
f 93 96 3269
f 93 3269 3259
f 2 3266 6
f 28 115 112
f 28 112 113
f 28 113 116
f 28 116 117
f 28 119 120
f 28 117 118
f 28 118 119
f 28 120 137
f 28 137 138
f 28 138 139
f 28 139 140
f 28 140 141
f 28 141 142
f 28 142 143
f 28 143 144
f 28 144 145
f 28 145 3270
f 31 338 169
f 30 329 338
f 169 338 170
f 170 338 171
f 172 338 173
f 171 338 172
f 173 338 174
f 174 338 175
f 175 338 176
f 176 338 177
f 177 338 204
f 204 338 205
f 205 338 206
f 206 338 193
f 193 338 194
f 195 194 338
f 196 338 197
f 195 338 196
f 197 338 198
f 198 338 199
f 199 338 200
f 145 146 3270
f 146 147 3270
f 147 148 3270
f 148 149 3270
f 149 150 3270
f 150 151 3270
f 219 220 3270
f 151 219 3270
f 220 221 3270
f 222 223 3270
f 221 222 3270
f 223 224 3270
f 224 225 3270
f 225 226 3270
f 227 228 3270
f 226 227 3270
f 244 245 3270
f 228 229 3270
f 229 244 3270
f 96 3270 3269
f 249 256 250
f 248 251 256
f 202 256 251
f 248 256 249
f 247 246 3270
f 247 3270 245
f 246 250 3270
f 201 338 203
f 201 200 338
f 202 203 338
f 202 338 256
f 329 3270 338
f 250 256 3270
f 329 3269 3270
f 331 3259 3269
f 256 338 3270
f 265 266 3278
f 269 262 270
f 270 3266 334
f 34 273 331
f 12 334 273
f 12 13 296
f 34 331 329
f 273 334 331
f 12 296 334
f 9 307 304
f 13 304 296
f 298 307 299
f 296 333 334
f 296 336 335
f 296 298 336
f 296 304 298
f 298 304 307
f 299 307 313
f 307 878 313
f 308 316 891
f 308 312 310
f 318 891 316
f 318 313 878
f 347 334 348
f 258 334 259
f 261 334 258
f 261 270 334
f 259 334 257
f 347 257 334
f 337 332 334
f 296 335 333
f 333 337 334
f 332 348 334
f 329 331 3269
f 331 334 3259
f 396 399 1267
f 399 404 1267
f 404 1277 1265
f 404 408 421
f 408 409 421
f 404 421 1277
f 409 425 421
f 409 436 425
f 409 428 436
f 428 438 437
f 428 440 443
f 428 443 438
f 428 437 436
f 440 444 443
f 440 453 444
f 440 454 469
f 440 469 453
f 461 480 500
f 454 468 469
f 454 472 468
f 454 475 472
f 461 475 454
f 461 476 475
f 461 478 476
f 461 499 478
f 461 500 499
f 480 504 502
f 480 487 504
f 487 505 504
f 487 506 505
f 487 508 506
f 487 1926 508
f 487 1913 1926
f 480 502 500
f 8 511 544
f 511 555 647
f 511 647 544
f 22 891 878
f 8 544 891
f 544 647 892
f 647 903 892
f 545 903 647
f 549 551 677
f 549 677 555
f 551 554 664
f 554 553 664
f 553 583 726
f 585 725 583
f 585 587 725
f 396 737 587
f 396 1271 737
f 583 725 726
f 587 737 725
f 555 677 647
f 651 677 648
f 649 677 650
f 545 677 649
f 545 647 677
f 651 650 677
f 551 664 677
f 553 726 664
f 664 665 694
f 664 715 665
f 664 726 715
f 648 677 678
f 664 678 677
f 664 691 678
f 664 692 691
f 664 695 692
f 664 694 695
f 715 726 716
f 726 729 716
f 726 730 729
f 725 730 726
f 725 731 730
f 725 732 731
f 725 743 732
f 725 736 743
f 725 739 736
f 739 737 1286
f 725 737 739
f 311 891 890
f 318 878 891
f 308 891 312
f 311 312 891
f 544 890 891
f 544 893 890
f 544 892 893
f 396 1267 1270
f 396 1270 1271
f 404 1268 1267
f 404 1265 1268
f 737 1271 1272
f 737 1272 1273
f 1273 1281 1305
f 1275 1276 1329
f 1274 1305 1281
f 1274 1275 1305
f 737 1273 1305
f 737 1305 1286
f 1305 1287 1286
f 1305 1288 1287
f 1275 1329 1305
f 1305 1329 1415
f 1306 1415 1329
f 1276 1278 1329
f 1278 1279 1329
f 1279 1289 1329
f 1291 1292 1329
f 1289 1290 1329
f 1290 1291 1329
f 1292 1293 1377
f 1292 1377 1329
f 1306 1329 1326
f 1326 1329 1330
f 1329 1331 1330
f 1329 1376 1331
f 1329 1377 1376
f 1348 1352 1401
f 1352 1353 1401
f 1353 1361 1401
f 1361 1363 1401
f 1362 1405 1363
f 1362 1368 1469
f 1293 1346 1377
f 1346 1348 1377
f 1348 1401 1377
f 1376 1377 1378
f 1378 1377 1401
f 1378 1402 1385
f 1378 1401 1402
f 1363 1402 1401
f 1363 1403 1402
f 1363 1405 1403
f 1385 1402 1386
f 1362 1469 1405
f 1305 1415 1288
f 1368 1439 1470
f 1439 1441 1468
f 1441 1438 1476
f 1438 1453 1479
f 1441 1476 1468
f 1438 1479 1476
f 1453 1454 1482
f 1454 1458 1482
f 1453 1482 1479
f 1458 1486 1482
f 1458 1490 1548
f 1458 1548 1486
f 1368 1470 1469
f 1439 1468 1470
f 1490 1491 1549
f 1491 1492 1549
f 1492 1493 1549
f 1493 1495 1553
f 1490 1549 1548
f 1493 1553 1549
f 1495 1501 1555
f 1501 1508 1560
f 1495 1555 1553
f 1501 1560 1555
f 1508 1511 1513
f 1508 1513 1560
f 1513 1515 1560
f 1515 1516 1560
f 1516 1520 1560
f 1520 1522 1561
f 1522 1523 1561
f 1523 1524 1561
f 1520 1561 1560
f 1524 1538 1561
f 1538 1539 1561
f 1539 1540 1561
f 1540 1541 1564
f 1541 1542 1564
f 1542 1543 1564
f 1543 1544 1564
f 1544 2041 1564
f 1540 1564 1561
f 1564 2041 1565
f 1565 2041 2075
f 1571 1575 4767
f 1578 1584 2992
f 1583 1827 1584
f 1584 1827 2992
f 1588 1854 1586
f 1583 1586 1856
f 1604 1609 1603
f 1596 1603 1609
f 1596 1615 1616
f 1596 1607 1615
f 1596 1616 1617
f 1596 1617 1618
f 1596 1618 1619
f 1596 1619 1620
f 1596 1620 1621
f 1596 1621 1640
f 1604 1611 1613
f 1604 1613 1612
f 1604 1614 1611
f 1604 1606 1614
f 1594 1679 1604
f 1604 1674 1673
f 1604 1668 1606
f 1604 1670 1669
f 1604 1669 1668
f 1604 1673 1670
f 1604 1671 1674
f 1604 1672 1671
f 1604 1675 1672
f 1604 1676 1675
f 1604 1677 1676
f 1596 1609 1608
f 1604 1612 1609
f 1596 1608 1610
f 1596 1610 1607
f 1596 1640 1641
f 1596 1641 1642
f 1596 1642 1643
f 1602 1601 1882
f 1598 1602 1882
f 1596 1643 1644
f 1596 1644 1645
f 1596 1645 1646
f 1596 1646 1647
f 1596 1647 1648
f 1596 1648 1649
f 1596 1649 1650
f 1596 1650 1722
f 1596 1722 1723
f 1596 1723 1724
f 1596 1724 1725
f 1596 1725 1726
f 1596 1892 1601
f 1665 1666 4777
f 1594 1665 4777
f 1571 4773 1663
f 1663 4763 1666
f 1666 4763 4777
f 1594 1692 1679
f 1594 1693 1692
f 1604 1678 1677
f 1604 1679 1678
f 1594 1694 1693
f 1594 1695 1694
f 1594 1696 1695
f 1594 1697 1696
f 1594 1698 1697
f 1594 1699 1698
f 1594 1700 1699
f 1594 4778 1700
f 1596 1726 1892
f 1726 1727 1892
f 1727 1728 1892
f 1729 1730 1892
f 1728 1729 1892
f 1730 1731 1892
f 1731 1732 1892
f 1732 1733 1892
f 1733 1734 1892
f 1734 1759 1892
f 1759 1760 1892
f 1760 1761 1892
f 1761 1748 1892
f 1748 1749 1892
f 1750 1892 1749
f 1751 1752 1892
f 1750 1751 1892
f 1752 1753 1892
f 1753 1754 1892
f 1754 1755 1892
f 1778 1878 4773
f 1594 4777 4778
f 1700 4778 1701
f 1701 4778 1702
f 1702 4778 1703
f 1703 4778 1704
f 1704 4778 1705
f 1705 4778 1706
f 1706 4778 1782
f 1782 4778 1783
f 1783 4778 1784
f 1785 4778 1786
f 1784 4778 1785
f 1786 4778 1787
f 1787 4778 1788
f 1788 4778 1789
f 1790 4778 1791
f 1789 4778 1790
f 1791 4778 1792
f 1792 4778 1806
f 1806 4778 1807
f 1811 1812 1823
f 1757 1813 1823
f 1810 1823 1813
f 1810 1811 1823
f 1809 4778 1808
f 1809 1807 4778
f 1808 4778 1812
f 1756 1758 1892
f 1756 1892 1755
f 1757 1892 1758
f 1882 4763 1884
f 1757 1823 1892
f 1882 1892 4777
f 1812 4778 1823
f 1892 4778 4777
f 1823 4778 1892
f 1826 1825 2992
f 1826 2992 1829
f 1827 1829 2992
f 1827 1828 1830
f 1827 1830 1829
f 1587 1878 1588
f 1588 1878 1854
f 1587 1832 1884
f 1587 1884 1878
f 1598 1882 1832
f 1832 1882 1884
f 1586 1854 1856
f 1583 1856 1827
f 1828 1856 1853
f 1845 1853 1846
f 1852 1848 1856
f 1852 1856 1870
f 1856 1871 1870
f 1853 1856 1846
f 1849 1846 1856
f 1848 1849 1856
f 1854 1871 1856
f 1854 1869 1871
f 1827 1856 1828
f 1778 1888 1878
f 1889 1878 1888
f 1867 1880 1878
f 1875 1878 1880
f 1868 1867 1878
f 1854 1876 1879
f 1854 1877 1876
f 1854 1879 1869
f 1854 1878 1875
f 1854 1875 1877
f 1868 1878 1889
f 1601 1892 1882
f 1884 4773 1878
f 1913 1918 1933
f 1918 1924 1939
f 1913 1930 1926
f 1913 1932 1930
f 1913 1933 1932
f 1918 1937 1933
f 1918 1939 1937
f 1924 1940 1939
f 1924 1950 1940
f 1924 1953 1950
f 1924 1945 1953
f 1945 1962 1953
f 1945 1963 1962
f 1945 1965 1963
f 1945 1912 1965
f 1912 2232 1965
f 1912 1967 2260
f 1969 2293 1967
f 2041 2042 2075
f 2042 2043 2075
f 2043 2044 2075
f 2044 2046 2075
f 2045 2047 2075
f 2045 2075 2046
f 2048 2075 2047
f 2019 2020 2076
f 2020 2034 2076
f 2018 2076 2048
f 2018 2019 2076
f 2048 2076 2075
f 2027 2029 2082
f 2031 2080 2034
f 2031 2035 2082
f 2027 2082 2035
f 2029 2030 2082
f 2030 2038 2082
f 2038 2039 2082
f 2034 2080 2076
f 2031 2081 2080
f 2031 2082 2081
f 2039 2055 2082
f 2055 2056 2082
f 2056 2057 2082
f 2057 2096 2082
f 2057 2058 2096
f 2058 2059 2096
f 2081 2082 2083
f 2083 2082 2086
f 2082 2096 2086
f 2086 2096 2088
f 2088 2096 2095
f 2109 2110 2158
f 2110 2112 2158
f 2112 2131 2158
f 2059 2107 2096
f 2096 2107 2158
f 2107 2109 2158
f 2130 2158 2131
f 2130 2135 2170
f 2133 2170 2135
f 2133 2136 2170
f 2130 2170 2158
f 2095 2096 2158
f 2095 2158 2150
f 2151 2150 2158
f 2151 2158 2155
f 2155 2158 2156
f 2156 2158 2163
f 2162 2170 2261
f 2158 2167 2163
f 2158 2170 2167
f 2167 2170 2162
f 1969 1973 2338
f 1973 1982 2348
f 1982 2005 2568
f 1982 2568 2348
f 2224 2568 2226
f 2228 2226 2568
f 1912 2260 2232
f 2132 2231 2260
f 2132 2260 2136
f 2231 2232 2260
f 1967 2293 2260
f 1969 2338 2293
f 2136 2260 2170
f 2170 2260 2261
f 2261 2263 2262
f 2260 2263 2261
f 2267 2263 2260
f 2267 2260 2288
f 2260 2294 2288
f 2260 2293 2294
f 2294 2293 2290
f 1973 2348 2338
f 2290 2338 2334
f 2334 2338 2335
f 2290 2293 2338
f 2335 2338 2336
f 2336 2338 2348
f 2336 2348 2421
f 2348 2224 2421
f 2348 2568 2224
f 2005 2528 2578
f 2528 2519 2586
f 2005 2578 2568
f 2528 2586 2578
f 2548 2549 2647
f 2549 2551 2607
f 2519 2548 2619
f 2519 2619 2586
f 2228 2568 2569
f 2569 2568 2567
f 2573 2568 2583
f 2567 2568 2573
f 2578 2583 2568
f 2578 2630 2618
f 2578 2575 2582
f 2578 2582 2583
f 2578 2576 2575
f 2578 2618 2576
f 2578 2586 2630
f 2549 2607 2647
f 2609 2611 2619
f 2609 2619 2726
f 2647 2976 2726
f 2647 2978 2976
f 2647 2607 2978
f 2548 2647 2619
f 2586 2634 2630
f 2586 2605 2634
f 2586 2606 2605
f 2586 2619 2606
f 2608 2606 2619
f 2608 2619 2611
f 2619 2647 2726
f 2551 2715 2727
f 2716 2727 2715
f 1577 2979 2716
f 1577 1578 2979
f 2551 2727 2607
f 2716 2979 2727
f 2607 2727 2977
f 1578 2992 2979
f 2727 2980 2977
f 2727 2979 2980
f 2607 2977 2978
f 2980 2979 1825
f 2979 2992 1825
f 5 3173 3179
f 5 6 3265
f 3173 3185 3179
f 5 3265 3173
f 3175 3184 3176
f 3178 3181 3212
f 3176 3196 3178
f 3175 3179 3185
f 3175 3185 3184
f 3173 3285 3185
f 3176 3184 3196
f 3181 3213 3212
f 3178 3196 3181
f 3181 3198 3213
f 3181 3197 3198
f 3184 3188 3189
f 3184 3189 3190
f 3184 3190 3196
f 3185 3186 3187
f 3184 3185 3187
f 3185 3286 3186
f 3185 3285 3286
f 3184 3187 3188
f 3191 3192 3196
f 3192 3193 3196
f 3190 3191 3196
f 3181 3196 3193
f 3181 3193 3197
f 3201 3235 3202
f 3202 3235 3203
f 3203 3236 3204
f 3204 3236 3210
f 3210 3236 3223
f 3210 3223 3211
f 3211 3223 3224
f 3209 3211 3224
f 3201 3212 3213
f 3201 3213 3235
f 3217 3218 3235
f 3198 3214 3213
f 3213 3214 3215
f 3213 3215 3235
f 3215 3217 3235
f 3203 3235 3236
f 3218 3237 3235
f 3223 3225 3224
f 3209 3224 3231
f 3224 3226 3227
f 3224 3225 3226
f 3224 3227 3228
f 3224 3228 3231
f 3228 3229 3231
f 3235 3237 3236
f 3223 3236 3245
f 3236 3238 3245
f 3236 3237 3238
f 3223 3245 3244
f 3223 3244 3225
f 2 3259 3266
f 6 3266 3265
f 3261 3265 3260
f 3266 3275 3274
f 3266 3273 3275
f 3266 3274 3260
f 3173 3263 3264
f 3173 3264 3285
f 3173 3265 3267
f 3173 3267 3263
f 3265 3266 3260
f 3261 3268 3265
f 3265 3268 3267
f 3266 3278 3277
f 263 264 3266
f 265 3266 264
f 265 3278 3266
f 263 3266 262
f 262 3266 270
f 334 3266 3259
f 3266 3277 3276
f 3266 3276 3273
f 3433 3448 3436
f 3436 3453 3438
f 3209 3231 3433
f 3231 3448 3433
f 3229 3450 3231
f 3436 3448 3453
f 3231 3450 3448
f 3448 3450 3449
f 3448 3449 3452
f 3448 3452 3453
f 3453 3452 3454
f 3453 3454 3456
f 3438 3458 3439
f 3438 3453 3458
f 3439 3458 3461
f 3439 3461 3442
f 3442 3461 3469
f 3453 3456 3458
f 3456 3457 3458
f 3457 3459 3458
f 3458 3459 3461
f 3459 3460 3461
f 3460 3462 3461
f 3461 3462 3469
f 3442 3469 3444
f 3444 3470 3446
f 3444 3469 3470
f 3469 3472 3470
f 3446 3470 3595
f 3470 3474 3595
f 3474 3587 3595
f 3462 3471 3469
f 3469 3471 3472
f 3470 3472 3473
f 3470 3473 3474
f 3446 3595 3447
f 3447 3497 4480
f 3447 3498 3497
f 3447 3499 3498
f 3447 3491 3499
f 3447 3503 3491
f 3447 3504 3503
f 3447 3505 3504
f 3447 3523 3505
f 3477 4480 3495
f 3476 3482 4480
f 3476 4480 3477
f 3481 4480 3482
f 3480 4480 3481
f 3483 3484 4480
f 3480 3479 4480
f 3478 4480 3479
f 3478 3483 4480
f 3484 3485 4480
f 3485 3486 4480
f 3486 3487 4480
f 3487 4497 4480
f 3493 4480 3494
f 3495 4480 3496
f 3493 3496 4480
f 3494 4480 3497
f 3447 3524 3523
f 3447 3525 3524
f 3447 3596 3525
f 3447 3595 3596
f 3587 3588 3595
f 3588 3596 3595
f 3588 3589 3596
f 3589 3566 3596
f 3525 3596 3526
f 3526 3596 3542
f 3542 3596 3543
f 3543 3596 3544
f 3544 3596 3545
f 3545 3596 3546
f 3546 3596 3547
f 3547 3596 3548
f 3548 3596 3549
f 3549 3596 3550
f 3550 3596 3551
f 3551 3596 3552
f 3552 3596 3553
f 3553 3596 3556
f 3556 3596 3557
f 3557 3596 3558
f 3558 3596 3559
f 3559 3596 3560
f 3560 3596 3561
f 3566 3567 3596
f 3567 3568 3596
f 3568 3569 3596
f 3569 3582 3596
f 3561 3596 3562
f 3562 3596 3563
f 3563 4642 3564
f 3564 4642 3581
f 3581 4642 4593
f 3582 4642 3596
f 3563 3596 4642
f 3582 3583 4642
f 3583 3584 4642
f 3584 3585 4642
f 3585 3586 4642
f 4480 4497 4481
f 4492 4494 4665
f 4492 4666 4682
f 4481 4497 4498
f 4481 4498 4499
f 4481 4499 4500
f 4481 4500 4501
f 4481 4501 4502
f 4481 4502 4503
f 4481 4503 4504
f 4481 4504 4505
f 4481 4505 4506
f 4481 4506 4507
f 4481 4507 4508
f 4481 4508 4509
f 4481 4509 4526
f 4481 4526 4527
f 4481 4527 4528
f 4481 4528 4529
f 4481 4529 4530
f 4481 4530 4531
f 4481 4531 4532
f 4481 4532 4533
f 4481 4533 4542
f 4481 4542 4543
f 4481 4543 4544
f 4481 4544 4545
f 4481 4545 4546
f 4481 4546 4547
f 4481 4547 4643
f 4481 4643 4482
f 4547 4548 4643
f 4548 4578 4643
f 4578 4579 4643
f 4579 4580 4643
f 4574 4643 4580
f 4574 4575 4643
f 4576 4643 4577
f 4575 4577 4643
f 4593 4642 4594
f 4565 4594 4642
f 4565 4643 4566
f 4566 4643 4567
f 4567 4643 4568
f 3586 4601 4642
f 4601 4602 4642
f 4565 4642 4643
f 4602 4605 4642
f 4604 4642 4605
f 4603 4606 4642
f 4603 4642 4604
f 4606 4608 4642
f 4608 4609 4642
f 4610 4611 4642
f 4609 4610 4642
f 4571 4643 4573
f 4582 4643 4585
f 4581 4643 4582
f 4583 4584 4643
f 4581 4583 4643
f 4573 4643 4584
f 4568 4643 4569
f 4569 4643 4570
f 4570 4643 4572
f 4571 4572 4643
f 4576 4585 4643
f 4611 4643 4642
f 4611 4612 4643
f 4612 4613 4643
f 4613 4614 4643
f 4614 4616 4643
f 4615 4643 4616
f 4615 4617 4643
f 4482 4643 4644
f 4617 4633 4643
f 4633 4644 4643
f 4634 4637 4644
f 4633 4634 4644
f 4482 4644 4485
f 4485 4635 4487
f 4485 4644 4635
f 4635 4644 4637
f 4487 4635 4636
f 4635 4639 4636
f 4635 4637 4638
f 4635 4638 4639
f 4636 4639 4640
f 4636 4640 4641
f 4487 4636 4488
f 4488 4659 4491
f 4491 4662 4494
f 4491 4659 4662
f 4488 4636 4659
f 4641 4655 4659
f 4636 4641 4659
f 4656 4657 4659
f 4657 4658 4659
f 4655 4656 4659
f 4654 4659 4658
f 4660 4661 4662
f 4661 4665 4662
f 4654 4662 4659
f 4654 4660 4662
f 4494 4662 4665
f 4666 4732 4682
f 4492 4665 4666
f 4668 4726 4732
f 4661 4663 4665
f 4663 4664 4665
f 4665 4664 4666
f 4664 4667 4666
f 4667 4668 4732
f 4666 4667 4732
f 4682 4732 4686
f 4685 4686 4730
f 4685 4730 4731
f 4678 4685 4731
f 4678 4742 4679
f 4679 4742 4680
f 4678 4731 4742
f 4680 4745 4689
f 4680 4742 4745
f 4690 4745 4741
f 4689 4745 4693
f 4690 4692 4745
f 4692 4694 4693
f 4692 4693 4745
f 4691 4693 4694
f 4691 4707 4693
f 4699 4707 4700
f 4696 4700 4707
f 4696 4719 4698
f 4698 4710 4702
f 4702 4710 4712
f 1573 4702 4712
f 1573 4705 1575
f 1575 4705 4767
f 1573 4712 4705
f 4689 4693 4699
f 4696 4707 4719
f 4693 4707 4699
f 4691 4706 4707
f 4707 4706 4718
f 4707 4718 4719
f 4709 4719 4708
f 4698 4719 4710
f 4710 4715 4716
f 4709 4715 4710
f 4709 4710 4719
f 4712 4714 4713
f 4712 4716 4714
f 4712 4713 4758
f 4712 4758 4759
f 4710 4716 4712
f 4708 4719 4718
f 4705 4712 4759
f 4686 4732 4730
f 4726 4727 4732
f 4727 4730 4732
f 4728 4730 4729
f 4727 4729 4730
f 4728 4731 4730
f 4731 4735 4736
f 4728 4735 4731
f 4731 4736 4742
f 4736 4740 4742
f 4740 4741 4742
f 4741 4745 4742
f 1571 4767 4773
f 4760 4761 4767
f 4773 4761 4776
f 1663 4773 4763
f 4765 4772 4767
f 4705 4764 4765
f 4705 4765 4767
f 4705 4759 4764
f 4767 4771 4769
f 4767 4772 4771
f 4760 4767 4769
f 4767 4761 4773
f 1779 4773 4775
f 1779 1780 4773
f 1780 1781 4773
f 1778 4773 1781
f 4773 4776 4775
f 1884 4763 4773
f 1882 4777 4763
f 7745 6634 6644
f 7746 6644 6645
f 7745 6633 6634
f 7746 6645 6638
f 7747 6638 6639
f 7746 6638 7747
f 7747 6640 6642
f 7747 6639 6640
f 6642 6640 6643
f 6643 6640 6641
f 7828 7350 7368
f 7368 7349 7369
f 7369 7349 7387
f 7369 7387 7374
f 7374 7388 7367
f 7368 7350 7349
f 7368 7369 11708
f 7391 7637 7380
f 7379 7391 7380
f 7380 7637 7381
f 7367 7388 7382
f 7385 7382 7383
f 7384 7383 7389
f 7367 7382 7385
f 7385 7383 7384
f 7384 7389 7386
f 7374 7387 7388
f 7386 7389 7390
f 7379 7390 7391
f 7386 7390 7379
f 7655 7629 10081
f 7641 7633 7652
f 7634 7632 7633
f 7639 7638 7630
f 7381 7638 7639
f 7639 7630 7640
f 7381 7637 7638
f 7640 7630 7631
f 7640 7631 7634
f 7634 7633 7641
f 7641 7652 7642
f 7634 7631 7632
f 7634 7641 11594
f 7641 7642 11572
f 7650 7649 7653
f 7656 7648 7649
f 7642 7648 7656
f 7642 7652 7648
f 7656 7649 7650
f 7650 7653 7651
f 7651 7629 7655
f 7651 7628 7629
f 7651 7653 7628
f 7655 10081 7654
f 7642 7656 11585
f 7656 7650 11583
f 7651 7655 11904
f 7650 7651 11589
f 7655 7654 11907
f 7651 11904 11591
f 7655 11905 11904
f 7655 11903 11905
f 7651 11590 11589
f 7651 11591 11590
f 7721 7688 7744
f 7721 7744 7728
f 7714 7686 7687
f 7714 7689 7686
f 7714 7687 7688
f 7713 7688 7721
f 7721 7728 7681
f 7681 7728 7682
f 7773 7719 7679
f 7720 7872 7717
f 7773 7720 7719
f 7693 7708 7710
f 7710 7707 7706
f 7693 7710 7706
f 7870 7692 7698
f 7693 7702 7701
f 7693 7709 7708
f 7870 7693 7692
f 7709 7693 7701
f 7784 7689 7711
f 7869 7698 7699
f 7718 7869 7699
f 7872 7718 7717
f 7718 7871 7869
f 7718 7872 7871
f 7872 7720 7774
f 7773 7679 7776
f 7679 7775 7776
f 7772 7775 7690
f 7790 7772 7690
f 7720 7773 7774
f 7702 7693 7870
f 7870 7698 7869
f 7714 7688 7715
f 7711 7689 7722
f 7790 7690 7689
f 7775 7679 7680
f 7775 7680 7690
f 7722 7689 7714
f 7715 7688 7713
f 7742 7737 7743
f 7683 7730 7737
f 7683 7731 7730
f 7724 7738 7739
f 7724 7739 7740
f 7734 7740 7741
f 7734 7741 6630
f 7733 7740 7734
f 7734 6630 7732
f 7743 7737 7738
f 7724 7740 7733
f 7743 7738 7724
f 7682 7728 7729
f 7683 7737 7742
f 7682 7729 7731
f 7682 7731 7683
f 7732 6633 7745
f 7745 6644 7746
f 7732 6630 6631
f 7732 6631 6633
f 8050 7755 7763
f 8054 7763 7758
f 10814 7765 7764
f 10535 7750 7768
f 10533 7768 7765
f 8052 7754 7755
f 8049 7764 7754
f 10814 10533 7765
f 8052 8049 7754
f 8049 10814 7764
f 7805 7789 7770
f 7784 7669 7780
f 7795 7778 7777
f 7795 7779 7778
f 7784 7780 7781
f 7788 7781 7782
f 7784 7790 7689
f 7784 7711 7712
f 7784 7712 7669
f 7788 7783 7787
f 7787 7783 7771
f 7787 7771 7786
f 7844 7787 7786
f 7788 7851 7784
f 7844 7785 7789
f 7844 7786 7785
f 7790 7792 7772
f 7788 7784 7781
f 7790 7796 7792
f 7784 7800 7790
f 7790 7797 7796
f 7790 7798 7797
f 7790 7800 7798
f 7792 7795 7777
f 7795 7792 7796
f 7795 7794 7779
f 7788 7782 7783
f 7784 7802 7800
f 7784 7803 7802
f 7784 7851 7803
f 7788 7852 7851
f 7829 7811 7813
f 7804 7811 7829
f 7829 7813 7826
f 7807 7809 7769
f 7805 7770 7809
f 7807 7769 7806
f 7807 7806 7815
f 7809 7770 7769
f 7805 7809 7857
f 7807 7815 7804
f 7804 7815 7811
f 7826 7813 7812
f 7828 7812 7814
f 7826 7812 7828
f 7829 7826 11690
f 7807 7865 7809
f 7807 7804 11686
f 7804 7829 11687
f 7809 7863 7864
f 7807 7839 7840
f 7809 7865 7863
f 7807 7840 7865
f 7807 11686 7843
f 7807 7841 7839
f 7807 7842 7841
f 7807 7843 7842
f 7828 7814 7350
f 7826 7828 11693
f 7828 7368 11712
f 7804 11685 11684
f 7804 11684 11686
f 7829 11689 11688
f 7829 11688 11687
f 7804 11687 11685
f 7829 11690 11689
f 7844 7789 7805
f 7844 7848 7787
f 7788 7787 7854
f 7787 7855 7854
f 7787 7856 7855
f 7787 7848 7856
f 7844 7805 7860
f 7844 7849 7848
f 7805 7862 7860
f 7844 7860 7861
f 7805 7858 7862
f 7844 7850 7849
f 7844 7861 7850
f 7788 7853 7852
f 7788 7854 7853
f 7809 7859 7857
f 7805 7857 7858
f 7809 7864 7859
f 7908 7874 7876
f 7967 7876 7875
f 7965 7876 7966
f 7967 7966 7876
f 7910 7907 7876
f 7909 7910 7876
f 7907 7908 7876
f 7912 7911 7876
f 7911 7909 7876
f 7912 7876 7913
f 7913 7876 7969
f 7965 7969 7876
f 7927 7894 7897
f 7902 7897 7874
f 7899 7900 7874
f 7900 7901 7874
f 7901 7902 7874
f 7916 7914 7897
f 7914 7917 7897
f 7917 7918 7897
f 7918 7919 7897
f 7919 7920 7897
f 7902 7915 7897
f 7915 7916 7897
f 7920 7921 7897
f 7921 7922 7897
f 7922 7923 7897
f 7923 7924 7897
f 7924 7925 7897
f 7927 7928 7894
f 7925 7926 7897
f 7926 7927 7897
f 7928 8027 7894
f 7906 7903 7874
f 7908 7898 7874
f 7898 7906 7874
f 7903 7904 7874
f 7904 7905 7874
f 7905 7899 7874
f 7967 7875 7968
f 7968 7875 7970
f 7970 7875 7971
f 7972 7875 7973
f 7972 7971 7875
f 7973 7875 7974
f 7974 7875 7975
f 7975 7875 7976
f 7976 7875 7977
f 7977 7875 7978
f 7978 7875 7979
f 7979 7875 7980
f 7980 7875 7981
f 7981 7875 7982
f 7982 7875 7983
f 8011 7875 7940
f 11740 7940 7941
f 11733 7930 7936
f 11737 7936 7937
f 11741 7929 7930
f 11739 7941 7929
f 11741 11739 7929
f 7983 7875 8011
f 7983 8011 7984
f 7984 8011 7985
f 11740 8011 7940
f 7985 8011 7986
f 7986 8011 7987
f 7987 8011 7988
f 7988 8011 7989
f 7989 8011 7990
f 7990 8011 7991
f 7991 8011 7992
f 7992 8011 7993
f 7993 8011 7994
f 7994 8011 7995
f 7995 8011 7998
f 7998 8011 7999
f 7999 8128 8000
f 8000 8128 8001
f 8001 8128 8002
f 8002 8128 8003
f 8003 8128 8008
f 8004 8128 8006
f 8006 8128 8005
f 8005 8128 8007
f 8007 8128 8009
f 8008 8128 8004
f 7999 8011 8128
f 11739 11740 7941
f 8125 7891 7892
f 8048 7759 7891
f 8055 7760 7759
f 8053 7758 7760
f 8055 8053 7760
f 8126 7892 7894
f 8027 8121 7894
f 8121 8126 7894
f 8126 8125 7892
f 8048 8055 7759
f 8125 8048 7891
f 8054 8050 7763
f 8050 8052 7755
f 8053 8054 7758
f 8058 10814 8049
f 8059 8058 8049
f 8059 8049 8052
f 8058 8051 10814
f 8127 8050 8054
f 8057 8056 8052
f 8134 8135 8050
f 8127 8134 8050
f 8135 8057 8050
f 8056 8059 8052
f 8057 8052 8050
f 8108 7997 8132
f 8010 8132 7996
f 7996 8132 7997
f 8027 8028 8121
f 8028 8029 8121
f 8029 8030 8121
f 8030 8031 8121
f 8031 8032 8121
f 8032 8033 8121
f 8033 8034 8121
f 8034 8069 8121
f 8069 8070 8121
f 8070 8071 8121
f 8071 8072 8121
f 8072 8073 8121
f 8073 8074 8121
f 8075 8121 8074
f 8075 8076 8121
f 8076 8077 8121
f 8077 8078 8121
f 8108 8122 8107
f 8107 8122 8106
f 8080 8122 8078
f 8082 8079 8122
f 8082 8122 8081
f 8080 8081 8122
f 8079 8104 8122
f 8105 8122 8104
f 8106 8122 8105
f 8108 8132 8122
f 8078 8122 8121
f 11739 8048 8125
f 8011 8126 8121
f 11740 8125 8126
f 8123 8124 8054
f 11737 8054 8053
f 8133 8123 8054
f 11741 8055 8048
f 11733 8053 8055
f 8009 8128 8010
f 8010 8128 8132
f 11740 8126 8011
f 11739 8125 11740
f 11737 8053 11733
f 11736 8129 8133
f 11736 8054 11737
f 11741 8048 11739
f 11741 11733 8055
f 8128 8122 8132
f 8011 8121 8128
f 8128 8121 8122
f 11736 8133 8054
f 8124 8127 8054
f 9207 9203 9205
f 9207 9201 9202
f 9207 9202 9203
f 9199 9259 9201
f 9199 9201 9207
f 9207 9205 9206
f 9206 9228 9208
f 9208 9228 9209
f 9206 9205 9204
f 9206 9204 9228
f 9226 9213 9216
f 9216 9214 9215
f 10468 9214 9265
f 10469 10468 9265
f 10469 9265 9266
f 9216 9213 9214
f 9213 9277 9214
f 9215 9214 10468
f 9209 9222 9223
f 9224 9231 9225
f 9223 9222 9221
f 9223 9221 9234
f 9223 9234 9224
f 9224 9235 9231
f 9224 9234 9235
f 9225 9237 9226
f 9209 9227 9230
f 9209 9228 9227
f 9209 9230 9229
f 9209 9229 9222
f 9225 9231 9233
f 9225 9233 9237
f 9226 9237 9213
f 9232 9241 9242
f 9232 9236 9241
f 9237 9243 9213
f 9237 9233 9238
f 9233 9232 9238
f 9232 9242 9238
f 9237 9238 9243
f 9213 9243 9276
f 9243 9244 9276
f 9255 9250 9251
f 9255 9251 9253
f 6643 6641 9250
f 9256 9254 9258
f 9256 9258 9199
f 9256 9253 9254
f 9199 9258 9259
f 6643 9250 9255
f 9255 9253 9256
f 10464 9266 9262
f 9265 10592 9266
f 9214 10624 9265
f 9214 9277 9279
f 9265 10624 10591
f 9214 9279 10623
f 9214 10623 10624
f 9213 9276 9277
f 9277 9278 9279
f 9431 9442 9617
f 10083 9617 9619
f 10084 9619 9618
f 10076 9618 9709
f 10084 9618 10076
f 10076 9709 10087
f 10083 9431 9617
f 9440 9443 9439
f 10085 9660 10086
f 9441 9443 9440
f 10086 9659 9441
f 10087 9658 10085
f 10086 9660 9659
f 10085 9658 9660
f 10087 9709 9658
f 9441 9659 9443
f 9429 9445 9617
f 9442 9430 9617
f 9430 9429 9617
f 9423 10587 9588
f 9428 9594 9593
f 9427 9588 9594
f 9423 9588 9427
f 9425 9424 9593
f 9425 9593 9620
f 9425 9620 9444
f 9445 9620 9617
f 9445 9444 9620
f 9426 9427 9594
f 9426 9594 9428
f 9424 9428 9593
f 9619 9617 9722
f 9593 9714 9620
f 9593 9594 10618
f 9617 9620 9721
f 9593 10618 10616
f 9593 10616 10642
f 9593 10642 10643
f 9593 10643 9714
f 9620 9714 9715
f 9620 9715 9716
f 9620 9716 9721
f 9660 9658 10227
f 9659 9660 10224
f 9439 9443 10202
f 9443 9659 10232
f 9659 10224 10225
f 9659 10225 10226
f 9659 10226 10232
f 9618 9732 9709
f 9658 9709 9724
f 9618 9619 9730
f 9618 9729 9731
f 9618 9730 9729
f 9709 9732 9723
f 9618 9731 9732
f 9617 9721 9719
f 9617 9720 9722
f 9617 9719 9720
f 9619 9718 9717
f 9619 9722 9718
f 9619 9717 9730
f 9660 10223 10224
f 9658 9724 9726
f 9658 9727 9728
f 9658 9726 9727
f 9658 9728 10227
f 9709 9723 9725
f 9709 9725 9724
f 9660 10227 10222
f 9660 10222 10223
f 10082 10073 10088
f 10082 10088 9432
f 10082 10077 10073
f 10080 10077 10082
f 10117 10078 10074
f 7654 10078 10117
f 7654 10079 10078
f 7654 10081 10079
f 10117 10074 10080
f 10082 9432 10083
f 10080 10075 10077
f 10080 10074 10075
f 10083 10084 10170
f 10083 9619 10084
f 10083 9433 9431
f 10083 9432 9433
f 10086 9441 10215
f 10085 10086 10156
f 9440 9439 10208
f 9441 9440 10213
f 9441 10213 10214
f 10076 10087 10161
f 10087 10085 10159
f 10084 10076 10151
f 10087 10154 10161
f 10087 10159 10158
f 10087 10158 10154
f 9441 10214 10212
f 9441 10212 10215
f 10086 10216 10217
f 10086 10215 10216
f 10086 10217 10156
f 10085 10156 10155
f 10085 10155 10157
f 10085 10157 10159
f 7654 10117 11915
f 10117 10080 10141
f 10082 10083 10167
f 10080 10082 10144
f 10083 10166 10167
f 10082 10168 10169
f 10082 10167 10168
f 10082 10169 10144
f 10117 11916 11915
f 10117 10140 11916
f 10117 10142 10140
f 10117 10141 10142
f 7655 11907 11903
f 7654 11906 11908
f 7654 11908 11907
f 7654 11915 11906
f 10080 10143 10141
f 10080 10145 10143
f 10080 10144 10145
f 10084 10153 10152
f 10084 10151 10153
f 10084 10152 10170
f 10076 10160 10151
f 10076 10161 10162
f 10076 10162 10160
f 10083 10170 10171
f 10083 10171 10166
f 11949 10172 10177
f 11950 10177 10163
f 9439 10203 10209
f 9439 10202 10203
f 9443 10232 10230
f 9443 10230 10231
f 9443 10231 10202
f 9440 10208 10211
f 9440 10211 10210
f 9440 10210 10213
f 9439 10209 10208
f 10249 10246 10245
f 10258 10245 10255
f 10255 10245 10256
f 10249 10245 10258
f 10256 10245 10257
f 10264 10245 10234
f 10259 10245 10260
f 10257 10245 10259
f 10260 10245 10261
f 10261 10245 10262
f 10262 10245 10264
f 10264 10234 10265
f 10263 10234 10266
f 10265 10234 10263
f 10266 10234 10300
f 10300 10234 10301
f 10301 10234 10302
f 10302 10234 10303
f 10303 10234 10304
f 10304 10234 10305
f 10305 10234 10306
f 10350 10235 10246
f 10251 10246 10250
f 10250 10246 10249
f 10252 10246 10253
f 10254 10246 10252
f 10253 10246 10251
f 10247 10246 10254
f 10248 10351 10246
f 10247 10248 10246
f 10363 10218 10235
f 10348 10349 10235
f 10348 10235 10350
f 10349 10352 10235
f 10352 10353 10235
f 10347 10246 10351
f 10347 10350 10246
f 10826 9738 9736
f 10825 9739 9738
f 10843 10228 9739
f 10306 10234 10307
f 10307 10234 10308
f 10308 10234 10309
f 10309 10234 10310
f 10310 10234 10311
f 10457 10229 10228
f 10458 10234 10229
f 10311 10234 10458
f 10458 10229 10457
f 10457 10228 10843
f 10843 9739 10825
f 11946 10164 10321
f 11947 10163 10164
f 11945 10321 10320
f 10354 10235 10353
f 10355 10356 10235
f 10354 10355 10235
f 10356 10357 10235
f 10357 10358 10235
f 10358 10359 10235
f 10359 10360 10235
f 10360 10361 10235
f 10361 10362 10235
f 10362 10363 10235
f 10363 10364 10218
f 10364 10365 10218
f 11953 10320 10218
f 10365 10463 10218
f 11947 10164 11946
f 11945 10320 11953
f 11953 10218 10463
f 10365 10366 10463
f 10366 10367 10463
f 10367 10368 10463
f 10368 10369 10463
f 10369 10370 10463
f 10370 10371 10463
f 10371 10372 10463
f 10372 10373 10463
f 10373 10374 10463
f 10374 10375 10463
f 11946 10321 11945
f 11949 10460 10421
f 11949 11950 10824
f 11950 11947 10826
f 10311 10458 10312
f 10312 10458 10313
f 10313 10458 10314
f 10314 10458 10315
f 10315 10458 10316
f 10316 10458 10317
f 10317 10458 10318
f 10318 10458 10434
f 10434 10458 10435
f 10440 10459 10441
f 10435 10458 10436
f 10436 10458 10437
f 10437 10458 10438
f 10438 10458 10439
f 10440 10439 10458
f 10454 10452 10462
f 10442 10459 10443
f 10445 10443 10459
f 10441 10459 10442
f 10445 10459 10444
f 10446 10459 10447
f 10446 10444 10459
f 10447 10459 10456
f 10449 10456 10459
f 10448 10449 10459
f 10451 10448 10459
f 10440 10458 10459
f 10450 10451 10461
f 10450 10461 10453
f 10452 10453 10461
f 10451 10459 10461
f 11947 10825 10826
f 11945 10457 10843
f 11946 10843 10825
f 10375 10376 10463
f 10376 10377 10463
f 10377 10378 10463
f 10378 10426 10463
f 10426 10427 10463
f 10427 10428 10463
f 10428 10429 10463
f 10429 10430 10462
f 10430 10431 10462
f 10424 10425 10462
f 10425 10433 10462
f 10433 10432 10462
f 10431 10424 10462
f 10432 10455 10462
f 10455 10454 10462
f 10429 10462 10463
f 11949 10829 10460
f 10452 10461 10462
f 10463 10459 10458
f 10462 10461 10459
f 11953 10463 10458
f 10463 10462 10459
f 11953 10458 10457
f 11947 11946 10825
f 11946 11945 10843
f 11945 11953 10457
f 10465 10464 9262
f 10469 9266 10464
f 10585 10478 10477
f 10581 10477 10474
f 10689 10483 10485
f 10689 10690 10483
f 10690 10692 10483
f 10512 10485 10481
f 10505 10485 10514
f 10505 10507 10485
f 10514 10485 10508
f 10509 10508 10485
f 10506 10691 10485
f 10691 10688 10485
f 10688 10689 10485
f 10507 10506 10485
f 10509 10485 10510
f 10513 10481 10511
f 10512 10481 10513
f 10511 10481 10515
f 10516 10481 10517
f 10516 10515 10481
f 10517 10481 10518
f 10518 10481 10519
f 10512 10510 10485
f 10519 10481 10520
f 10520 10481 10521
f 10521 10481 10522
f 10522 10481 10523
f 10523 10481 10524
f 10524 10481 10525
f 10803 10480 10489
f 10804 10481 10480
f 10525 10481 10526
f 10526 10481 10527
f 10527 10481 10804
f 10586 10470 10478
f 10576 10489 10470
f 10537 7749 7750
f 10534 10476 7749
f 10580 10474 10476
f 10537 10534 7749
f 10580 10581 10474
f 10534 10580 10476
f 10533 10535 7768
f 10535 10537 7750
f 10818 10819 10537
f 10818 10537 10535
f 10819 10536 10534
f 10819 10534 10537
f 10585 10586 10478
f 10581 10585 10477
f 10576 10803 10489
f 10586 10576 10470
f 10803 10804 10480
f 10578 10579 10585
f 10577 10581 10580
f 10581 10578 10585
f 10536 10577 10580
f 10534 10536 10580
f 10577 10578 10581
f 10584 10586 10585
f 10579 10584 10585
f 10584 10582 10586
f 10582 10583 10576
f 10586 10582 10576
f 10465 9263 10466
f 10466 9263 10467
f 10467 9263 10587
f 10465 9262 9263
f 10587 9263 10609
f 9262 10603 9263
f 9423 10467 10587
f 9266 10600 9262
f 9266 10592 10593
f 9266 10593 10605
f 9262 10600 10604
f 9266 10605 10601
f 9266 10601 10600
f 9265 10591 10594
f 9265 10594 10595
f 9265 10595 10592
f 10587 10613 9588
f 9588 10620 9594
f 9263 10603 10622
f 10587 10609 10608
f 9263 10622 10609
f 10587 10614 10613
f 10587 10608 10614
f 9262 10604 10602
f 9262 10602 10603
f 9588 10613 10612
f 9588 10612 10621
f 9588 10621 10620
f 9594 10620 10619
f 9594 10619 10615
f 9594 10615 10617
f 9594 10617 10618
f 10810 10632 10628
f 10809 10633 10632
f 10813 10630 10633
f 10656 10650 10636
f 10834 10651 10650
f 10821 10647 10648
f 10829 9735 10647
f 10824 9736 9735
f 10835 10644 10651
f 10822 10648 10644
f 10834 10835 10651
f 10822 10644 10835
f 10658 10631 10629
f 10657 10636 10635
f 10660 10635 10631
f 10659 10629 10630
f 10809 10813 10633
f 10659 10658 10629
f 10813 10659 10630
f 10658 10660 10631
f 10654 10832 10659
f 10653 10655 10813
f 10654 10813 10655
f 10656 10636 10657
f 10656 10834 10650
f 10660 10657 10635
f 10833 10657 10660
f 10659 10832 10658
f 10831 10658 10832
f 10831 10660 10658
f 10654 10659 10813
f 10671 10484 10483
f 10666 10667 10483
f 10692 10693 10483
f 10693 10666 10483
f 10667 10668 10483
f 10668 10669 10483
f 10669 10670 10483
f 10685 10661 10484
f 10670 10671 10483
f 10671 10672 10484
f 10672 10673 10484
f 10673 10674 10484
f 10674 10676 10484
f 10676 10675 10484
f 10675 10677 10484
f 10677 10678 10484
f 10678 10679 10484
f 10679 10680 10484
f 10680 10681 10484
f 10681 10682 10484
f 10682 10683 10484
f 10683 10684 10484
f 10684 10685 10484
f 10685 10686 10661
f 10686 10687 10661
f 10807 10628 10665
f 10808 10665 10661
f 10687 10795 10661
f 10738 10805 10739
f 10739 10805 10740
f 10740 10805 10741
f 10741 10805 10742
f 10742 10805 10743
f 10743 10805 10745
f 10746 10805 10753
f 10745 10805 10744
f 10744 10805 10746
f 10753 10805 10747
f 10747 10794 10748
f 10795 10808 10661
f 10808 10807 10665
f 10687 10695 10795
f 10695 10696 10795
f 10696 10697 10795
f 10697 10698 10795
f 10698 10699 10795
f 10699 10776 10795
f 10776 10777 10795
f 10777 10778 10795
f 10778 10779 10795
f 10779 10780 10795
f 10780 10781 10795
f 10781 10782 10795
f 10782 10783 10795
f 10784 10795 10783
f 10784 10785 10795
f 10786 10787 10795
f 10785 10786 10795
f 10791 10792 10796
f 10789 10791 10796
f 10793 10796 10792
f 10750 10796 10752
f 10752 10796 10749
f 10749 10796 10793
f 10748 10794 10751
f 10750 10751 10794
f 10788 10796 10787
f 10788 10790 10796
f 10789 10796 10790
f 10747 10805 10794
f 10750 10794 10796
f 10805 10798 10794
f 10801 10796 10794
f 10787 10796 10795
f 10797 10798 10805
f 10799 10800 10808
f 10801 10802 10796
f 10798 10801 10794
f 10802 10799 10795
f 10802 10795 10796
f 10799 10808 10795
f 10527 10804 10528
f 10528 10804 10529
f 10529 10804 10530
f 10530 10804 10531
f 10531 10804 10694
f 10694 10804 10729
f 10729 10804 10730
f 10730 10804 10731
f 10731 10804 10732
f 10732 10804 10733
f 10733 10804 10734
f 10734 10804 10735
f 10735 10804 10736
f 10736 10804 10737
f 10737 10805 10738
f 10737 10804 10805
f 10583 10806 10803
f 10804 10806 10797
f 10803 10806 10804
f 10583 10803 10576
f 10804 10797 10805
f 10807 10810 10628
f 10810 10809 10632
f 10812 10811 10810
f 10800 10807 10808
f 10807 10812 10810
f 10800 10812 10807
f 10811 10653 10809
f 10811 10809 10810
f 10653 10813 10809
f 10817 10533 10814
f 10817 10816 10533
f 10816 10815 10535
f 10816 10535 10533
f 8051 10817 10814
f 10815 10818 10535
f 10829 10647 10821
f 10826 9736 10824
f 10824 9735 10829
f 10822 10821 10648
f 10828 10827 10835
f 10828 10834 10820
f 10828 10835 10834
f 10830 10822 10835
f 10826 10825 9738
f 10838 10829 10821
f 10839 10821 10840
f 10838 10821 10839
f 10823 10840 10822
f 10823 10822 10830
f 10830 10835 10827
f 10840 10821 10822
f 10837 10657 10836
f 10831 10833 10660
f 10833 10836 10657
f 10820 10834 10656
f 10837 10656 10657
f 10837 10820 10656
f 10842 10829 10841
f 10460 10829 10842
f 11949 10824 10829
f 11950 10826 10824
f 10841 10829 10838
f 7369 7374 11715
f 7380 7381 11510
f 7385 7384 11375
f 7384 7386 11383
f 7374 7367 11374
f 7367 7385 11376
f 7369 11715 11716
f 7374 11374 11718
f 7374 11717 11715
f 7374 11718 11717
f 7367 11378 11377
f 7367 11376 11378
f 7385 11380 11379
f 7385 11379 11376
f 7367 11377 11374
f 7386 7379 11513
f 7379 7380 11507
f 7384 11382 11381
f 7384 11383 11382
f 7379 11514 11513
f 7386 11513 11383
f 7379 11507 11515
f 7379 11515 11514
f 7385 11375 11380
f 7384 11381 11375
f 7381 7639 11520
f 7639 7640 11519
f 7639 11519 11522
f 7640 7634 11525
f 7641 11593 11595
f 7641 11595 11594
f 7640 11523 11519
f 7640 11524 11523
f 7640 11525 11524
f 7634 11526 11525
f 7634 11527 11526
f 7634 11594 11527
f 7380 11508 11507
f 7380 11509 11508
f 7380 11510 11509
f 7381 11511 11510
f 7381 11512 11511
f 7381 11520 11512
f 7639 11521 11520
f 7639 11522 11521
f 11777 11385 11517
f 11612 11517 11516
f 11626 11624 11516
f 11626 11516 11619
f 11621 11516 11518
f 11621 11518 11629
f 11629 11518 11628
f 11635 11518 11529
f 11630 11518 11631
f 11631 11518 11617
f 11617 11518 11618
f 11628 11518 11630
f 11620 11516 11622
f 11622 11516 11623
f 11619 11516 11620
f 11623 11516 11621
f 7641 11572 11593
f 7642 11574 11573
f 7642 11585 11574
f 7642 11573 11572
f 7656 11587 11586
f 7656 11583 11587
f 7656 11586 11585
f 7650 11584 11583
f 7650 11588 11584
f 7650 11589 11588
f 11937 11603 11596
f 11935 11600 11592
f 11936 11596 11600
f 11627 11612 11516
f 11624 11625 11516
f 11627 11516 11625
f 11614 11615 11517
f 11768 11517 11616
f 11615 11616 11517
f 11613 11517 11612
f 11613 11614 11517
f 11769 11770 11517
f 11768 11769 11517
f 11770 11771 11517
f 11771 11772 11517
f 11773 11774 11517
f 11772 11773 11517
f 11774 11775 11517
f 11618 11518 11632
f 11632 11518 11633
f 11633 11518 11634
f 11634 11518 11635
f 11635 11529 11636
f 11636 11529 11637
f 11637 11529 11638
f 11638 11529 11639
f 11639 11529 11640
f 11640 11529 11641
f 11641 11529 11642
f 11642 11529 11643
f 11643 11529 11644
f 11644 11529 11645
f 11645 11529 11646
f 11646 11529 11647
f 11647 11529 11648
f 11648 11529 11649
f 11649 11529 11650
f 11885 11529 11530
f 11650 11529 11885
f 11650 11885 11651
f 11664 11884 11666
f 11678 11530 11531
f 11679 11531 11602
f 11680 11602 11603
f 11885 11530 11678
f 11651 11885 11652
f 11652 11885 11653
f 11653 11885 11654
f 11654 11885 11655
f 11655 11885 11656
f 11678 11531 11679
f 11680 11603 11937
f 11937 11596 11936
f 11679 11602 11680
f 11656 11885 11657
f 11657 11885 11658
f 11658 11885 11659
f 11659 11885 11660
f 11660 11885 11661
f 11661 11885 11662
f 11662 11885 11663
f 11664 11663 11885
f 11679 11883 11882
f 11678 11679 11882
f 11679 11680 11883
f 11680 11937 11677
f 11883 11680 11677
f 7826 11692 11690
f 7826 11691 11692
f 7826 11693 11691
f 7368 11711 11712
f 7368 11713 11711
f 7368 11708 11713
f 7828 11683 11693
f 7828 11712 11710
f 7828 11710 11683
f 7369 11709 11708
f 7369 11716 11709
f 11732 11725 11724
f 11856 11724 11719
f 11742 11705 11697
f 11735 7867 11704
f 11734 11704 11705
f 11729 11700 11701
f 11731 11714 11725
f 11730 11701 11714
f 11728 11697 11700
f 11734 11705 11742
f 11729 11728 11700
f 11742 11697 11728
f 11826 11720 11726
f 11827 11726 11727
f 11857 11719 11720
f 11856 11719 11857
f 11857 11720 11826
f 11729 11701 11730
f 11732 11724 11856
f 11731 11725 11732
f 11730 11714 11731
f 11729 11892 11728
f 11729 11767 11893
f 11729 11730 11767
f 11730 11854 11767
f 11731 11732 11853
f 11730 11731 11854
f 11736 7937 7866
f 11738 7866 7867
f 11738 11736 7866
f 11737 11733 7936
f 11741 7930 11733
f 11736 11737 7937
f 11738 8131 11736
f 11735 11889 11887
f 11738 11887 11886
f 11738 7867 11735
f 11734 11735 11704
f 11734 11894 11888
f 11734 11890 11894
f 11742 11728 11891
f 11729 11893 11892
f 11728 11892 11891
f 11734 11888 11735
f 11742 11891 11890
f 11734 11742 11890
f 11738 11735 11887
f 11735 11888 11889
f 11777 11778 11385
f 11847 11727 11385
f 11775 11776 11517
f 11776 11777 11517
f 11778 11779 11385
f 11827 11727 11847
f 11779 11848 11385
f 11847 11385 11848
f 11779 11780 11848
f 11780 11781 11848
f 11781 11782 11848
f 11782 11783 11848
f 11783 11784 11848
f 11784 11785 11848
f 11826 11726 11827
f 11785 11786 11848
f 11786 11787 11848
f 11787 11788 11848
f 11826 11827 11855
f 11830 11828 11845
f 11828 11832 11845
f 11832 11834 11845
f 11834 11833 11845
f 11835 11836 11845
f 11833 11835 11845
f 11791 11792 11848
f 11788 11789 11848
f 11789 11790 11848
f 11790 11791 11848
f 11792 11815 11848
f 11815 11816 11848
f 11816 11817 11848
f 11817 11818 11848
f 11818 11829 11845
f 11829 11830 11845
f 11818 11845 11848
f 11836 11831 11845
f 11840 11837 11884
f 11837 11843 11884
f 11843 11844 11884
f 11666 11884 11667
f 11667 11884 11665
f 11669 11884 11668
f 11669 11665 11884
f 11842 11668 11884
f 11841 11884 11844
f 11842 11884 11841
f 11838 11846 11839
f 11831 11839 11846
f 11838 11840 11846
f 11831 11846 11845
f 11840 11884 11846
f 11845 11846 11878
f 11847 11848 11825
f 11855 11827 11823
f 11847 11825 11823
f 11827 11847 11823
f 11848 11824 11825
f 11845 11881 11824
f 11848 11845 11824
f 11856 11850 11852
f 11732 11856 11852
f 11856 11851 11850
f 11857 11849 11851
f 11826 11855 11849
f 11731 11853 11854
f 11853 11732 11852
f 11856 11857 11851
f 11857 11826 11849
f 11664 11885 11884
f 11845 11878 11881
f 11884 11880 11878
f 11846 11884 11878
f 11880 11885 11879
f 11884 11885 11880
f 11879 11885 11678
f 11879 11678 11882
f 11736 8131 8130
f 11738 11886 8131
f 11736 8130 8129
f 11939 11917 11918
f 11932 11911 11910
f 11940 11910 11909
f 11938 11909 11917
f 11931 11592 11911
f 11932 11910 11940
f 11940 11909 11938
f 11924 10174 10173
f 11923 11918 10174
f 11951 10173 10172
f 11924 10173 11951
f 11951 10172 11949
f 11923 10174 11924
f 11939 11918 11923
f 11938 11917 11939
f 11938 11927 11922
f 11923 11952 11926
f 11939 11925 11927
f 11939 11926 11925
f 11939 11923 11926
f 11923 11924 11952
f 11936 11600 11935
f 11935 11592 11931
f 11937 11928 11677
f 11937 11929 11928
f 11929 11936 11930
f 11936 11935 11930
f 11931 11911 11932
f 11932 11940 11941
f 11931 11932 11934
f 11932 11941 11934
f 11935 11933 11930
f 11933 11931 11934
f 11935 11931 11933
f 11937 11936 11929
f 11940 11938 11922
f 11938 11939 11927
f 11940 11921 11941
f 11940 11922 11921
f 11950 10163 11947
f 11949 10177 11950
f 11951 11949 10422
f 11951 11948 11942
f 11951 10422 11948
f 11951 11942 11944
f 11949 10421 10423
f 11949 10423 10422
f 11924 11944 11943
f 11924 11943 11952
f 11924 11951 11944
f 7389 11535 7390
f 7383 11759 7389
f 7390 11543 7391
f 7633 11930 7652
f 7652 11933 7648
f 7648 11934 7649
f 7722 7714 8023
f 7715 7713 8134
f 7733 7734 10815
f 7734 7732 10818
f 7746 7747 10577
f 7745 7746 10536
f 7732 7745 10819
f 7682 7683 8059
f 7742 7743 8051
f 7743 7724 10817
f 7683 7742 8058
f 7721 7681 8057
f 7681 7682 8056
f 7713 7721 8135
f 7724 7733 10816
f 7743 10817 8051
f 7742 8051 8058
f 7724 10816 10817
f 7734 10818 10815
f 7733 10815 10816
f 7789 11891 7770
f 7786 7771 11888
f 7786 11894 7785
f 7789 7785 11890
f 7769 11893 7806
f 7769 7770 11892
f 7812 7813 11852
f 7811 7815 11854
f 7811 11853 7813
f 7771 7783 11889
f 7806 11767 7815
f 7712 7711 7882
f 7711 7722 8019
f 7669 7712 7944
f 7714 7715 8127
f 7711 7880 7877
f 7882 7711 7881
f 7711 7877 7881
f 7722 8013 8012
f 7722 8012 8019
f 7722 8015 8013
f 7722 8016 8015
f 7722 8017 8016
f 7722 8018 8017
f 7711 7878 7879
f 7711 8019 7878
f 7711 7879 7880
f 7722 8020 8014
f 7722 8021 8020
f 7722 8022 8021
f 7722 8014 8018
f 7722 8023 8022
f 7714 8024 8023
f 7714 8025 8024
f 7714 8026 8025
f 7714 8035 8026
f 7714 8036 8035
f 7714 8037 8036
f 7714 8038 8037
f 7714 8039 8038
f 7714 8040 8039
f 7714 8041 8040
f 7781 7780 8131
f 7780 7669 8130
f 7782 7781 11886
f 7782 11887 7783
f 7669 7944 7945
f 7669 7945 7946
f 7669 7946 7947
f 7669 7948 7949
f 7669 7947 7948
f 7669 7949 7950
f 7669 7950 7951
f 7669 7951 7952
f 7712 7884 7883
f 7712 7882 7884
f 7712 7883 7885
f 7712 7886 7887
f 7712 7942 7943
f 7712 7943 7944
f 7712 7887 7942
f 7712 7885 7886
f 7669 7952 7953
f 7669 7953 7954
f 7669 7954 7955
f 7669 7955 7956
f 7669 7956 7957
f 7669 7957 7958
f 7669 7958 7959
f 7669 7959 7960
f 7669 7960 7961
f 7669 7961 8130
f 7781 8131 11886
f 7780 8130 8131
f 7783 11887 11889
f 7782 11886 11887
f 7771 11889 11888
f 7786 11888 11894
f 7785 11894 11890
f 7714 8124 8041
f 7681 8056 8057
f 7682 8059 8056
f 7721 8057 8135
f 7713 8135 8134
f 7715 8134 8127
f 7714 8127 8124
f 7683 8058 8059
f 7961 7962 8130
f 7962 7963 8130
f 7963 7964 8130
f 7964 8060 8130
f 8060 8061 8130
f 8061 8062 8130
f 8062 8063 8130
f 8041 8124 8042
f 8110 8109 8123
f 8120 8119 8129
f 8119 8112 8129
f 8111 8133 8113
f 8111 8110 8123
f 8112 8113 8133
f 8092 8123 8094
f 8096 8094 8123
f 8096 8123 8095
f 8115 8114 8123
f 8095 8123 8114
f 8109 8115 8123
f 8042 8124 8043
f 8043 8124 8044
f 8044 8124 8045
f 8045 8124 8046
f 8046 8124 8047
f 8047 8124 8083
f 8083 8124 8084
f 8084 8124 8085
f 8085 8124 8086
f 8086 8124 8087
f 8087 8124 8088
f 8089 8088 8124
f 8089 8124 8090
f 8092 8093 8124
f 8090 8124 8091
f 8093 8091 8124
f 8092 8124 8123
f 8111 8123 8133
f 8063 8064 8130
f 8064 8065 8130
f 8065 8066 8130
f 8066 8067 8130
f 8067 8068 8130
f 8068 8098 8130
f 8098 8099 8130
f 8099 8100 8130
f 8100 8101 8130
f 8102 8103 8129
f 8101 8102 8129
f 8103 8097 8129
f 8097 8118 8129
f 8117 8116 8129
f 8118 8117 8129
f 8116 8120 8129
f 8112 8133 8129
f 8101 8129 8130
f 9442 10269 9430
f 9426 9428 10827
f 9424 10830 9428
f 9429 10838 9445
f 9425 10823 9424
f 9425 9444 10840
f 9445 10839 9444
f 9433 10242 9431
f 9432 10333 9433
f 10077 11942 10073
f 10075 11944 10077
f 10088 10422 9432
f 10073 11948 10088
f 9431 10236 9442
f 9432 10334 10333
f 9432 10335 10334
f 10078 11952 10074
f 10081 11925 10079
f 10079 11926 10078
f 7653 11921 7628
f 7628 11922 7629
f 7649 11941 7653
f 7629 11927 10081
f 10074 11943 10075
f 10078 11926 11952
f 10075 11943 11944
f 10077 11944 11942
f 10074 11952 11943
f 9430 10841 9429
f 10240 10239 9431
f 10239 10238 9431
f 9431 10238 10236
f 9442 10236 10244
f 9442 10244 10273
f 9442 10274 10275
f 9442 10275 10267
f 9442 10273 10274
f 9442 10267 10270
f 9442 10270 10268
f 9442 10268 10269
f 9430 10269 10271
f 9430 10271 10272
f 9430 10272 10276
f 9430 10276 10277
f 9430 10277 10278
f 9430 10278 10279
f 9430 10279 10280
f 9430 10280 10281
f 9430 10281 10282
f 9430 10282 10283
f 9430 10283 10284
f 9430 10284 10285
f 9430 10285 10286
f 9430 10286 10287
f 9430 10287 10288
f 9430 10288 10289
f 9430 10289 10290
f 9444 10839 10840
f 10242 10241 9431
f 10237 10240 9431
f 10241 10237 9431
f 9433 10329 10328
f 9433 10328 10243
f 9433 10326 10330
f 9433 10330 10329
f 9433 10243 10242
f 9433 10327 10326
f 9433 10324 10327
f 9433 10325 10324
f 9433 10331 10325
f 9433 10332 10331
f 9433 10333 10332
f 9432 10336 10335
f 9432 10337 10336
f 9432 10338 10337
f 9432 10339 10338
f 9432 10340 10339
f 9432 10341 10340
f 9432 10342 10341
f 9432 10343 10342
f 9430 10290 10841
f 9445 10838 10839
f 9429 10841 10838
f 9432 10423 10343
f 9432 10422 10423
f 10088 11948 10422
f 10073 11942 11948
f 10290 10291 10841
f 10291 10292 10841
f 10292 10293 10841
f 10416 10842 10415
f 10392 10415 10842
f 10417 10842 10416
f 10418 10842 10417
f 10420 10421 10419
f 10412 10414 10460
f 10412 10842 10418
f 10419 10421 10413
f 10413 10460 10414
f 10343 10423 10344
f 10344 10423 10345
f 10345 10423 10346
f 10346 10423 10393
f 10393 10423 10394
f 10394 10423 10395
f 10395 10423 10396
f 10396 10423 10397
f 10397 10423 10398
f 10398 10423 10399
f 10399 10423 10400
f 10400 10423 10401
f 10401 10423 10402
f 10402 10423 10403
f 10403 10423 10404
f 10404 10423 10405
f 10405 10423 10406
f 10406 10421 10407
f 10407 10421 10409
f 10409 10421 10410
f 10410 10421 10411
f 10411 10421 10408
f 10408 10421 10420
f 10413 10421 10460
f 10406 10423 10421
f 10293 10294 10841
f 10294 10295 10841
f 10295 10296 10841
f 10296 10379 10841
f 10379 10380 10841
f 10380 10381 10841
f 10381 10382 10841
f 10382 10383 10841
f 10383 10384 10841
f 10385 10841 10384
f 10385 10386 10841
f 10386 10387 10841
f 10389 10841 10387
f 10388 10390 10842
f 10388 10842 10389
f 10391 10842 10390
f 10391 10392 10842
f 10389 10842 10841
f 10412 10460 10842
f 9206 9208 10500
f 9208 9209 10501
f 9209 9223 10704
f 9225 9226 10812
f 9223 9224 10799
f 9224 9225 10800
f 9223 10705 10704
f 9223 10706 10705
f 9223 10707 10706
f 9223 10708 10707
f 9223 10709 10708
f 9223 10710 10709
f 9223 10711 10710
f 9223 10712 10711
f 9223 10713 10712
f 9223 10714 10713
f 9207 9206 10539
f 9255 9256 10582
f 9256 9199 10583
f 9199 9207 10806
f 7747 6642 10578
f 6642 6643 10579
f 6643 9255 10584
f 9206 10492 10493
f 9206 10494 10492
f 9206 10490 10494
f 9206 10493 10538
f 9206 10538 10539
f 9208 10497 10495
f 9208 10496 10497
f 9208 10498 10496
f 9206 10499 10491
f 9206 10500 10499
f 9206 10491 10490
f 10500 9208 10495
f 9207 10545 10546
f 9207 10546 10547
f 9207 10539 10544
f 9207 10544 10545
f 9207 10547 10548
f 9207 10548 10549
f 9207 10550 10551
f 9207 10549 10550
f 9207 10551 10552
f 9207 10553 10554
f 9207 10552 10553
f 9207 10554 10555
f 9207 10555 10556
f 9207 10556 10557
f 9207 10557 10558
f 9207 10558 10559
f 9207 10559 10560
f 9207 10560 10806
f 9208 10504 10498
f 9208 10501 10504
f 9209 10502 10501
f 9209 10540 10503
f 9209 10503 10502
f 9209 10541 10540
f 9209 10542 10541
f 9209 10543 10542
f 9209 10700 10543
f 9209 10701 10700
f 9209 10702 10701
f 9209 10703 10702
f 9209 10704 10703
f 6643 10584 10579
f 7732 10819 10818
f 7746 10577 10536
f 7745 10536 10819
f 6642 10579 10578
f 7747 10578 10577
f 9255 10582 10584
f 9199 10806 10583
f 9256 10583 10582
f 10560 10561 10806
f 10561 10562 10806
f 10562 10563 10806
f 10563 10564 10806
f 10564 10565 10806
f 10565 10566 10806
f 10566 10567 10806
f 10567 10568 10806
f 10568 10569 10806
f 10569 10570 10806
f 10570 10571 10806
f 10571 10572 10806
f 10572 10573 10806
f 10466 10467 10836
f 10469 10654 10468
f 10465 10831 10464
f 10465 10466 10833
f 10469 10464 10832
f 9216 9215 10653
f 9215 10468 10655
f 9226 9216 10811
f 9423 10837 10467
f 9423 9427 10820
f 9426 10828 9427
f 10466 10836 10833
f 9225 10812 10800
f 10464 10831 10832
f 10469 10832 10654
f 10468 10654 10655
f 9216 10653 10811
f 9215 10655 10653
f 9226 10811 10812
f 10465 10833 10831
f 9426 10827 10828
f 10467 10837 10836
f 9427 10828 10820
f 9423 10820 10837
f 9223 10802 10714
f 9223 10799 10802
f 9224 10800 10799
f 10714 10802 10715
f 10715 10802 10716
f 10716 10802 10717
f 10717 10802 10718
f 10718 10802 10719
f 10719 10802 10720
f 10720 10802 10721
f 10721 10802 10722
f 10722 10802 10723
f 10723 10802 10724
f 10724 10802 10725
f 10573 10574 10806
f 10725 10802 10726
f 10727 10802 10728
f 10727 10726 10802
f 10574 10575 10806
f 10575 10766 10806
f 10766 10767 10797
f 10767 10754 10797
f 10754 10755 10797
f 10766 10797 10806
f 10755 10756 10797
f 10756 10757 10797
f 10758 10761 10797
f 10761 10762 10797
f 10757 10758 10797
f 10762 10760 10797
f 10763 10798 10764
f 10760 10764 10798
f 10763 10765 10801
f 10765 10759 10801
f 10775 10771 10801
f 10759 10775 10801
f 10772 10801 10771
f 10774 10773 10802
f 10768 10774 10802
f 10768 10801 10769
f 10770 10769 10801
f 10770 10801 10772
f 10728 10802 10773
f 10763 10801 10798
f 10760 10798 10797
f 10768 10802 10801
f 9424 10823 10830
f 9425 10840 10823
f 9428 10830 10827
f 7382 11751 7383
f 7388 11825 7382
f 7391 11879 7637
f 11764 11533 7389
f 7382 11752 11751
f 7382 11753 11752
f 7382 11754 11753
f 7383 11744 11745
f 7383 11745 11743
f 7383 11743 11763
f 7383 11762 11759
f 7383 11763 11762
f 7383 11747 11744
f 11761 11760 7389
f 11760 11764 7389
f 11759 11761 7389
f 7383 11748 11747
f 7383 11746 11748
f 7383 11749 11746
f 7383 11750 11749
f 7383 11751 11750
f 11533 11534 7389
f 7389 11534 11535
f 7390 11537 11538
f 7390 11538 11536
f 7390 11536 11539
f 7390 11535 11537
f 7391 11543 11544
f 7391 11544 11545
f 7390 11540 11541
f 7390 11539 11540
f 7390 11541 11542
f 7390 11542 11543
f 7637 11882 7638
f 7630 11677 7631
f 7638 11883 7630
f 7391 11545 11546
f 7391 11546 11547
f 7391 11547 11548
f 7391 11548 11549
f 7391 11549 11550
f 7391 11550 11551
f 7391 11551 11552
f 7391 11552 11553
f 7391 11553 11604
f 7391 11604 11605
f 7391 11605 11606
f 7391 11606 11607
f 7391 11607 11608
f 7391 11608 11609
f 7391 11609 11670
f 7391 11670 11879
f 7631 11928 7632
f 7632 11929 7633
f 7638 11882 11883
f 7637 11879 11882
f 7630 11883 11677
f 7632 11928 11929
f 7633 11929 11930
f 7631 11677 11928
f 7814 11851 7350
f 7350 11849 7349
f 7812 11850 7814
f 7349 11855 7387
f 7387 11823 7388
f 7814 11850 11851
f 7350 11851 11849
f 7789 11890 11891
f 7815 11767 11854
f 7811 11854 11853
f 7769 11892 11893
f 7770 11891 11892
f 7806 11893 11767
f 7813 11853 11852
f 7812 11852 11850
f 7382 11755 11754
f 7382 11756 11755
f 7382 11757 11756
f 7382 11758 11757
f 7382 11765 11758
f 7382 11766 11765
f 7382 11793 11766
f 7382 11824 11793
f 7388 11823 11825
f 7382 11825 11824
f 7387 11855 11823
f 7349 11849 11855
f 11793 11824 11794
f 11794 11824 11795
f 11795 11824 11796
f 11796 11824 11797
f 11797 11824 11798
f 11798 11824 11799
f 11799 11824 11800
f 11800 11824 11801
f 11801 11824 11802
f 11802 11824 11803
f 11803 11824 11804
f 11804 11824 11805
f 11805 11824 11810
f 11810 11824 11811
f 11811 11824 11812
f 11806 11824 11807
f 11812 11824 11806
f 11807 11881 11808
f 11808 11881 11809
f 11809 11881 11814
f 11813 11881 11819
f 11814 11881 11813
f 11819 11881 11822
f 11822 11881 11820
f 11807 11824 11881
f 11670 11671 11879
f 11671 11672 11879
f 11672 11673 11879
f 11673 11674 11879
f 11674 11675 11879
f 11675 11676 11879
f 11676 11858 11879
f 11858 11865 11879
f 11865 11866 11879
f 11863 11864 11880
f 11862 11863 11880
f 11860 11861 11880
f 11860 11880 11859
f 11862 11880 11861
f 11821 11878 11876
f 11875 11876 11878
f 11820 11881 11821
f 11877 11880 11873
f 11873 11880 11874
f 11875 11880 11877
f 11874 11880 11864
f 11821 11881 11878
f 11875 11878 11880
f 11866 11867 11879
f 11867 11868 11879
f 11868 11869 11879
f 11871 11870 11879
f 11871 11879 11869
f 11859 11879 11872
f 11870 11872 11879
f 11859 11880 11879
f 7649 11934 11941
f 7629 11922 11927
f 7653 11941 11921
f 7628 11921 11922
f 7652 11930 11933
f 7648 11933 11934
f 10081 11927 11925
f 10079 11925 11926

